Feature,ElasticNet_Coefficient,ElasticNet_AbsCoeff,ElasticNet_Rank
postal_code_M7A,1.9709721248124448,1.9709721248124448,1
postal_code_V5J,1.9166835431906146,1.9166835431906146,2
postal_code_J6W,1.8998985854599018,1.8998985854599018,3
postal_code_V9A,1.7389174578366497,1.7389174578366497,4
postal_code_B2R,1.6842056935997327,1.6842056935997327,5
postal_code_T9K,1.6555599654949233,1.6555599654949233,6
postal_code_G3V,1.6151313093153499,1.6151313093153499,7
postal_code_P4E,1.6074318121391546,1.6074318121391546,8
postal_code_N9Y,1.564125918529213,1.564125918529213,9
postal_code_H3C,1.5632347078586608,1.5632347078586608,10
postal_code_M7W,1.5350842145006245,1.5350842145006245,11
postal_code_J3N,1.489506839185883,1.489506839185883,12
postal_code_P5B,1.4866080219781286,1.4866080219781286,13
postal_code_A3U,1.4563582070186096,1.4563582070186096,14
postal_code_M9B,1.4437830575228006,1.4437830575228006,15
postal_code_B2U,1.4247465416110174,1.4247465416110174,16
postal_code_R8Y,1.407950215178447,1.407950215178447,17
postal_code_J3F,1.3724495504832177,1.3724495504832177,18
postal_code_A9P,1.3697880696845184,1.3697880696845184,19
postal_code_M9X,1.335898904538246,1.335898904538246,20
postal_code_P7Z,1.3343667319541717,1.3343667319541717,21
postal_code_G8J,1.3300708210803984,1.3300708210803984,22
postal_code_G9H,1.329774229406658,1.329774229406658,23
postal_code_M6U,1.3140668868832426,1.3140668868832426,24
postal_code_K4M,1.3133532405001407,1.3133532405001407,25
postal_code_N2H,1.3118311627868797,1.3118311627868797,26
postal_code_R6A,1.305572067903721,1.305572067903721,27
postal_code_V2T,1.3043612075047815,1.3043612075047815,28
postal_code_M7H,1.2987793680303423,1.2987793680303423,29
postal_code_K2F,1.2954473108632212,1.2954473108632212,30
postal_code_H7C,1.2926717825863374,1.2926717825863374,31
postal_code_K3W,1.2796100791692389,1.2796100791692389,32
postal_code_J7S,1.2792154590816676,1.2792154590816676,33
postal_code_L4Q,1.27524818057582,1.27524818057582,34
postal_code_R7P,1.2728526964785345,1.2728526964785345,35
postal_code_H2D,1.2445549239639597,1.2445549239639597,36
postal_code_M9W,1.2287322863327068,1.2287322863327068,37
postal_code_P1S,1.2285213545342077,1.2285213545342077,38
postal_code_S9S,1.2208753448478011,1.2208753448478011,39
postal_code_T8F,1.2037884113010329,1.2037884113010329,40
postal_code_B5U,1.195915413736541,1.195915413736541,41
postal_code_B5I,1.1928733530046687,1.1928733530046687,42
postal_code_K6V,1.1925853954662202,1.1925853954662202,43
postal_code_T6I,1.1861159783009454,1.1861159783009454,44
postal_code_T2R,1.169034144257065,1.169034144257065,45
postal_code_G1L,1.1583936630224174,1.1583936630224174,46
postal_code_K3J,1.1472443594005943,1.1472443594005943,47
postal_code_T4J,1.1413878818360996,1.1413878818360996,48
postal_code_L4F,1.1389401556535725,1.1389401556535725,49
postal_code_M3S,1.135303674564184,1.135303674564184,50
postal_code_L8Q,1.1339865979497379,1.1339865979497379,51
postal_code_V2R,-1.1137640461102252,1.1137640461102252,52
postal_code_T5V,1.1072017094021043,1.1072017094021043,53
postal_code_G3T,1.104984256392908,1.104984256392908,54
postal_code_J6S,1.101322204299918,1.101322204299918,55
postal_code_V5D,1.1011889993485942,1.1011889993485942,56
postal_code_L7Y,1.101173346606007,1.101173346606007,57
postal_code_M8S,-1.0984505191658378,1.0984505191658378,58
postal_code_J9K,1.0888185442453904,1.0888185442453904,59
postal_code_T3P,1.079167339619368,1.079167339619368,60
postal_code_M4O,1.0741245455349864,1.0741245455349864,61
postal_code_T9I,1.0725772770692896,1.0725772770692896,62
postal_code_H6Y,1.0725713885988406,1.0725713885988406,63
postal_code_N8V,1.067784465621642,1.067784465621642,64
postal_code_H7J,1.0676356808389624,1.0676356808389624,65
postal_code_L6V,1.0659298806155402,1.0659298806155402,66
postal_code_H5K,1.0583557253455895,1.0583557253455895,67
postal_code_G2X,1.058209867496714,1.058209867496714,68
postal_code_P4S,1.052798231777409,1.052798231777409,69
postal_code_T5T,-1.0511838793106059,1.0511838793106059,70
postal_code_L4U,1.0506475540467919,1.0506475540467919,71
postal_code_P3S,1.042410878959762,1.042410878959762,72
postal_code_T2O,1.0383296692105677,1.0383296692105677,73
postal_code_P3B,1.034915968918907,1.034915968918907,74
postal_code_M6S,1.0347390073426221,1.0347390073426221,75
postal_code_V3B,1.034077981906444,1.034077981906444,76
postal_code_J5N,-1.0249272795672646,1.0249272795672646,77
postal_code_C3O,1.0206038460098799,1.0206038460098799,78
postal_code_L7I,1.0144345872688834,1.0144345872688834,79
postal_code_J5O,1.0115241485455655,1.0115241485455655,80
postal_code_V8U,1.0067732014304218,1.0067732014304218,81
postal_code_N4P,1.0018910109071262,1.0018910109071262,82
postal_code_M6T,-1.0017745502809166,1.0017745502809166,83
postal_code_M9L,0.9910722136104634,0.9910722136104634,84
postal_code_H9S,0.990510039671054,0.990510039671054,85
postal_code_H3P,0.9827084959546705,0.9827084959546705,86
postal_code_T6C,0.977745099174805,0.977745099174805,87
postal_code_M7C,-0.9761653048201506,0.9761653048201506,88
postal_code_M8B,0.9759071276695157,0.9759071276695157,89
postal_code_K8C,0.9703095921139346,0.9703095921139346,90
postal_code_G2W,0.967508953349947,0.967508953349947,91
postal_code_T7W,0.9658161773071883,0.9658161773071883,92
postal_code_H6G,0.9611276357436713,0.9611276357436713,93
postal_code_N6V,0.9587289699953867,0.9587289699953867,94
postal_code_V3G,0.9522077914451614,0.9522077914451614,95
postal_code_L9L,0.943952919517372,0.943952919517372,96
postal_code_T1R,0.9362688615192937,0.9362688615192937,97
postal_code_H5J,0.9357760503600039,0.9357760503600039,98
postal_code_V8T,0.934080084432645,0.934080084432645,99
postal_code_M6I,0.9338992670360718,0.9338992670360718,100
postal_code_N8I,0.9303732969247592,0.9303732969247592,101
postal_code_P1L,0.9265330567193901,0.9265330567193901,102
postal_code_V9Y,0.9228939145359797,0.9228939145359797,103
postal_code_N4Z,-0.9056086062420421,0.9056086062420421,104
postal_code_L1F,0.896274731062829,0.896274731062829,105
postal_code_N2I,0.8934356029843622,0.8934356029843622,106
postal_code_J6C,0.8930055770002338,0.8930055770002338,107
postal_code_B6K,0.8925870008560525,0.8925870008560525,108
postal_code_N7Z,0.8915018507254768,0.8915018507254768,109
postal_code_K7E,0.8891240467644025,0.8891240467644025,110
postal_code_G6Q,0.8885008765185105,0.8885008765185105,111
postal_code_M3P,0.8878531541651629,0.8878531541651629,112
postal_code_T2C,0.8826735655613014,0.8826735655613014,113
postal_code_N1W,0.880484953146906,0.880484953146906,114
postal_code_T7J,-0.8792214200943997,0.8792214200943997,115
postal_code_K2G,0.87905102280365,0.87905102280365,116
postal_code_R6H,0.8778719249517515,0.8778719249517515,117
postal_code_V8O,0.8760884892480287,0.8760884892480287,118
postal_code_N1B,0.876046594409085,0.876046594409085,119
postal_code_T1A,0.869436789295545,0.869436789295545,120
postal_code_M4B,0.869091023551864,0.869091023551864,121
postal_code_G4Z,0.8646077559300998,0.8646077559300998,122
postal_code_V2N,-0.860577747488337,0.860577747488337,123
postal_code_P9N,0.8552192944377106,0.8552192944377106,124
postal_code_L4N,0.8551277389874207,0.8551277389874207,125
postal_code_H4O,0.8540634677849602,0.8540634677849602,126
postal_code_P6H,0.8513522084730372,0.8513522084730372,127
postal_code_V2L,-0.8501282034454769,0.8501282034454769,128
postal_code_T1P,0.8483586181712038,0.8483586181712038,129
postal_code_P8R,0.8465281554704452,0.8465281554704452,130
postal_code_V6I,-0.843122226490917,0.843122226490917,131
postal_code_J2N,0.8403052728178515,0.8403052728178515,132
postal_code_V6V,-0.8384002284344131,0.8384002284344131,133
postal_code_L9N,0.8327319410475125,0.8327319410475125,134
postal_code_M4P,-0.8314975463666159,0.8314975463666159,135
postal_code_V8E,-0.8292364018247962,0.8292364018247962,136
claim_type_Injury,0.8196087269189961,0.8196087269189961,137
postal_code_R6D,-0.8185175232337926,0.8185175232337926,138
postal_code_R3B,0.8175154719326111,0.8175154719326111,139
postal_code_P5A,0.8175075897802061,0.8175075897802061,140
postal_code_H3H,0.8147635882896546,0.8147635882896546,141
postal_code_N9X,0.8108576069694088,0.8108576069694088,142
postal_code_P8K,0.805698205423529,0.805698205423529,143
postal_code_G8M,0.8055886844046788,0.8055886844046788,144
postal_code_M6H,0.8035963950726208,0.8035963950726208,145
postal_code_R6W,0.802297861330879,0.802297861330879,146
postal_code_L9E,0.7997754841472838,0.7997754841472838,147
postal_code_M4N,-0.7994824877526201,0.7994824877526201,148
postal_code_N2L,0.7989641275071757,0.7989641275071757,149
postal_code_B4I,0.7903729603526483,0.7903729603526483,150
postal_code_V5Q,0.7879186275570766,0.7879186275570766,151
postal_code_S8N,0.7869817614031045,0.7869817614031045,152
postal_code_J5W,-0.7864862149671664,0.7864862149671664,153
postal_code_T6Y,0.7834645627308867,0.7834645627308867,154
postal_code_K5G,0.7800804654944007,0.7800804654944007,155
postal_code_T7Y,0.7794057693355417,0.7794057693355417,156
postal_code_V7X,0.7760052340078686,0.7760052340078686,157
postal_code_V4S,0.7713631290042401,0.7713631290042401,158
postal_code_K5K,0.7696780191647727,0.7696780191647727,159
postal_code_M5N,0.7695196843148518,0.7695196843148518,160
postal_code_J3T,0.7668483403237422,0.7668483403237422,161
postal_code_R5T,0.7616932896213816,0.7616932896213816,162
postal_code_J9R,0.7600887242783788,0.7600887242783788,163
postal_code_M1O,-0.7593744026684364,0.7593744026684364,164
postal_code_J6P,0.7528246718831603,0.7528246718831603,165
postal_code_N6T,0.7514820040104732,0.7514820040104732,166
postal_code_P1C,0.7505598596933957,0.7505598596933957,167
postal_code_H6M,0.7487412714687992,0.7487412714687992,168
postal_code_J5Y,0.7449818012067724,0.7449818012067724,169
postal_code_M2F,0.7442861325090152,0.7442861325090152,170
postal_code_H3M,0.7440534698476176,0.7440534698476176,171
postal_code_P2U,0.7379445418061269,0.7379445418061269,172
postal_code_K5A,0.7367587850816234,0.7367587850816234,173
postal_code_V4H,0.7351840182963184,0.7351840182963184,174
postal_code_E5Q,0.7349097664232159,0.7349097664232159,175
postal_code_T9Z,0.7348482398810925,0.7348482398810925,176
postal_code_H6X,0.7337464269558659,0.7337464269558659,177
postal_code_B2X,0.7294794155098903,0.7294794155098903,178
postal_code_T3H,0.7294329634988517,0.7294329634988517,179
postal_code_K9M,-0.728849813964497,0.728849813964497,180
postal_code_M7N,0.7279689557490858,0.7279689557490858,181
postal_code_A9F,0.7272260580849594,0.7272260580849594,182
postal_code_V1L,0.7267876639177018,0.7267876639177018,183
postal_code_N8Q,-0.7266761469616378,0.7266761469616378,184
postal_code_P8W,0.723326929657952,0.723326929657952,185
postal_code_P9L,0.7215767637369079,0.7215767637369079,186
postal_code_N5H,0.7209105878041738,0.7209105878041738,187
postal_code_V8V,0.7174985350221122,0.7174985350221122,188
postal_code_C5F,0.7172126784911015,0.7172126784911015,189
postal_code_P7E,0.7160888425263245,0.7160888425263245,190
postal_code_B1I,0.7160317244417327,0.7160317244417327,191
postal_code_V3M,0.7153467618879866,0.7153467618879866,192
postal_code_H7I,0.71532264403855,0.71532264403855,193
postal_code_M5O,0.7148628517004431,0.7148628517004431,194
postal_code_G1S,-0.7145485207596098,0.7145485207596098,195
postal_code_N8W,0.7143141092881115,0.7143141092881115,196
postal_code_V4J,0.7099082896374006,0.7099082896374006,197
postal_code_N7O,0.7098470274025085,0.7098470274025085,198
postal_code_A6M,0.7087190167093236,0.7087190167093236,199
postal_code_P9H,0.7046396151356513,0.7046396151356513,200
postal_code_J3S,0.7043304025286689,0.7043304025286689,201
postal_code_E8W,0.7038837799295801,0.7038837799295801,202
postal_code_J4V,0.7022467435489613,0.7022467435489613,203
postal_code_S5Z,0.7021421929996587,0.7021421929996587,204
postal_code_G6I,0.6975700284662437,0.6975700284662437,205
postal_code_L1D,0.6938558292619423,0.6938558292619423,206
postal_code_B3A,0.6935925635723037,0.6935925635723037,207
postal_code_M4R,0.6926480086176405,0.6926480086176405,208
postal_code_N3V,0.6920279375698357,0.6920279375698357,209
postal_code_M1S,-0.6873807825081057,0.6873807825081057,210
postal_code_B7J,0.6858175166812251,0.6858175166812251,211
postal_code_H1G,0.6854591758692105,0.6854591758692105,212
postal_code_V3R,0.6803475255918542,0.6803475255918542,213
postal_code_G1M,0.6797661570255032,0.6797661570255032,214
postal_code_T1J,-0.6784786545463403,0.6784786545463403,215
postal_code_V8W,-0.6771464793221943,0.6771464793221943,216
postal_code_J4L,0.6765881070851877,0.6765881070851877,217
postal_code_M2D,0.676329446139022,0.676329446139022,218
postal_code_L6X,0.6754308480554797,0.6754308480554797,219
postal_code_T1N,-0.6751268899567091,0.6751268899567091,220
postal_code_J9P,0.6747643328184736,0.6747643328184736,221
postal_code_J7B,0.6738617604294601,0.6738617604294601,222
postal_code_T3Q,0.6723537653584432,0.6723537653584432,223
postal_code_P8G,0.6707033864831697,0.6707033864831697,224
postal_code_T5D,-0.6653047779851278,0.6653047779851278,225
postal_code_V2K,-0.6652333462992959,0.6652333462992959,226
postal_code_B8U,0.6650803671584179,0.6650803671584179,227
postal_code_G2L,0.6644926705553111,0.6644926705553111,228
postal_code_B7Q,0.6608651435991254,0.6608651435991254,229
postal_code_T4Y,0.66074317523505,0.66074317523505,230
postal_code_J8A,0.6606610394922243,0.6606610394922243,231
postal_code_B7U,0.6591184266571617,0.6591184266571617,232
postal_code_S5O,0.6578967151593954,0.6578967151593954,233
postal_code_B5S,-0.6572270325621643,0.6572270325621643,234
postal_code_C2F,0.6560672705941154,0.6560672705941154,235
postal_code_K9Y,0.6553865175796598,0.6553865175796598,236
postal_code_G9F,0.6548739423364274,0.6548739423364274,237
postal_code_T9W,0.6548672141113453,0.6548672141113453,238
postal_code_V9T,-0.6547949962741471,0.6547949962741471,239
postal_code_P4A,0.6544190538640522,0.6544190538640522,240
postal_code_K4N,0.6543038952865741,0.6543038952865741,241
postal_code_H7O,-0.6521584227387176,0.6521584227387176,242
postal_code_E9E,0.6510589826133653,0.6510589826133653,243
postal_code_S7N,0.6492644829892136,0.6492644829892136,244
postal_code_R7Y,0.648908615855033,0.648908615855033,245
postal_code_N4V,-0.6485116886718754,0.6485116886718754,246
postal_code_N5L,-0.6482206384414275,0.6482206384414275,247
postal_code_H7S,0.6445958543173979,0.6445958543173979,248
postal_code_V5M,-0.6431132377822294,0.6431132377822294,249
postal_code_J2T,0.6416705940426279,0.6416705940426279,250
postal_code_T2N,-0.6400227999073341,0.6400227999073341,251
postal_code_T4H,0.6387384903514307,0.6387384903514307,252
postal_code_H8I,0.6386364532473084,0.6386364532473084,253
postal_code_P7L,0.6361038965076433,0.6361038965076433,254
postal_code_K7M,-0.6351422579871621,0.6351422579871621,255
postal_code_L4C,-0.6334081902430257,0.6334081902430257,256
postal_code_V6K,-0.6331022383180299,0.6331022383180299,257
postal_code_P3L,0.6309395291098887,0.6309395291098887,258
postal_code_T1U,-0.629827262310156,0.629827262310156,259
postal_code_V8L,-0.6297228519121137,0.6297228519121137,260
postal_code_T4P,-0.6248927220867105,0.6248927220867105,261
postal_code_S8D,0.6233854698929319,0.6233854698929319,262
postal_code_L6Q,-0.6223095987541061,0.6223095987541061,263
postal_code_G6Z,0.6148180198846975,0.6148180198846975,264
postal_code_K4B,0.6146709862907039,0.6146709862907039,265
postal_code_C7C,0.6082412554174403,0.6082412554174403,266
postal_code_B8V,0.6070814890335359,0.6070814890335359,267
postal_code_V3P,-0.6065720363957018,0.6065720363957018,268
claim_type_Vandalism,-0.6063481699613805,0.6063481699613805,269
postal_code_T6R,-0.6061965655856668,0.6061965655856668,270
postal_code_T5W,-0.6057368964818374,0.6057368964818374,271
postal_code_M3D,-0.6043092495981226,0.6043092495981226,272
postal_code_P8F,0.6035372225404912,0.6035372225404912,273
postal_code_N6D,0.602830068422171,0.602830068422171,274
postal_code_A3S,0.5996434864821373,0.5996434864821373,275
postal_code_K5E,0.5972634271001293,0.5972634271001293,276
postal_code_G8P,0.5969121080954792,0.5969121080954792,277
postal_code_S4Q,0.5953060237489132,0.5953060237489132,278
postal_code_R6L,0.5952037509451802,0.5952037509451802,279
postal_code_V7Y,0.5941164691740017,0.5941164691740017,280
postal_code_E2Q,0.5918353807226446,0.5918353807226446,281
postal_code_P4W,-0.5906809739945209,0.5906809739945209,282
postal_code_B6P,0.589863899271136,0.589863899271136,283
postal_code_P9D,0.5894609874208687,0.5894609874208687,284
postal_code_P4F,-0.5890290407567808,0.5890290407567808,285
postal_code_V2M,0.5879951073059735,0.5879951073059735,286
postal_code_K8U,-0.5866981391624874,0.5866981391624874,287
postal_code_N2E,0.5857203517302032,0.5857203517302032,288
postal_code_N3O,-0.5838779683451035,0.5838779683451035,289
postal_code_L3L,0.5837768408104393,0.5837768408104393,290
postal_code_V6X,0.5834939949766412,0.5834939949766412,291
postal_code_S6Z,0.5823397628546926,0.5823397628546926,292
postal_code_J3L,-0.5822394399197363,0.5822394399197363,293
postal_code_V3U,-0.5808138579440728,0.5808138579440728,294
postal_code_N6E,0.5807134152303157,0.5807134152303157,295
postal_code_V4W,0.5785054403393023,0.5785054403393023,296
postal_code_G5I,0.5769784721088388,0.5769784721088388,297
postal_code_V3L,0.5767894819548625,0.5767894819548625,298
postal_code_E9B,0.5766609405283385,0.5766609405283385,299
postal_code_V4Q,-0.5765612263882929,0.5765612263882929,300
postal_code_G3U,0.5759337519411292,0.5759337519411292,301
postal_code_S8G,0.5756234841455786,0.5756234841455786,302
postal_code_M9K,-0.572785921749148,0.572785921749148,303
postal_code_C6U,0.5712319140486294,0.5712319140486294,304
postal_code_N2G,-0.570505622402537,0.570505622402537,305
postal_code_B8P,0.5696906343997914,0.5696906343997914,306
postal_code_G6C,0.5677514823764825,0.5677514823764825,307
postal_code_M2C,-0.5675223673195534,0.5675223673195534,308
postal_code_J6B,0.5660638957059839,0.5660638957059839,309
claim_type_Weather,-0.5648294126220672,0.5648294126220672,310
postal_code_V1H,-0.5645535822043213,0.5645535822043213,311
postal_code_K8H,-0.5631321484164981,0.5631321484164981,312
postal_code_H9I,0.5611763287528571,0.5611763287528571,313
postal_code_E2D,0.5611128241026812,0.5611128241026812,314
postal_code_L3Q,-0.5604441896274651,0.5604441896274651,315
postal_code_V1P,-0.5596034501725853,0.5596034501725853,316
postal_code_N7E,0.5592811169519697,0.5592811169519697,317
postal_code_T6W,-0.5589367099968372,0.5589367099968372,318
postal_code_R3L,0.5589079232482775,0.5589079232482775,319
postal_code_T5K,-0.5588740509414284,0.5588740509414284,320
postal_code_M5W,-0.5579941148776705,0.5579941148776705,321
postal_code_J2U,-0.5563648548309473,0.5563648548309473,322
postal_code_E2L,0.553618387861336,0.553618387861336,323
postal_code_E9Y,0.5520016822922188,0.5520016822922188,324
postal_code_G5Z,0.549892954597563,0.549892954597563,325
postal_code_M2M,0.5496911204600741,0.5496911204600741,326
postal_code_M3X,0.5493166100120863,0.5493166100120863,327
postal_code_K6K,0.5486758703953071,0.5486758703953071,328
postal_code_T6H,-0.5484658702531222,0.5484658702531222,329
postal_code_T1G,-0.5480401235991993,0.5480401235991993,330
postal_code_N8Z,-0.547617102535434,0.547617102535434,331
postal_code_V5R,-0.5474487025259729,0.5474487025259729,332
postal_code_K3Q,0.5464444028524347,0.5464444028524347,333
postal_code_H3E,0.5455869541238981,0.5455869541238981,334
postal_code_H6F,-0.5449013800293466,0.5449013800293466,335
postal_code_T6L,0.5436772234793613,0.5436772234793613,336
postal_code_J7N,0.5417206711233327,0.5417206711233327,337
postal_code_N9P,-0.5413196958925331,0.5413196958925331,338
postal_code_N1K,-0.5407442344138602,0.5407442344138602,339
postal_code_C7N,0.5395462598335868,0.5395462598335868,340
postal_code_P4G,-0.5385666996624706,0.5385666996624706,341
postal_code_G5H,-0.5384152910819231,0.5384152910819231,342
postal_code_C4K,0.5367147366694,0.5367147366694,343
postal_code_T1I,-0.5365981279520371,0.5365981279520371,344
postal_code_P7Y,0.5359562450288238,0.5359562450288238,345
postal_code_T6T,-0.535421041193945,0.535421041193945,346
postal_code_P5Z,0.5350060171868772,0.5350060171868772,347
postal_code_M6G,-0.5346598342208161,0.5346598342208161,348
postal_code_S9L,0.5337936365655336,0.5337936365655336,349
postal_code_T5H,-0.5308325703415135,0.5308325703415135,350
postal_code_E3K,0.5275184523551343,0.5275184523551343,351
postal_code_L7O,-0.5263707505224581,0.5263707505224581,352
postal_code_V9W,-0.5257021100594715,0.5257021100594715,353
postal_code_J5D,0.5256211281238129,0.5256211281238129,354
postal_code_M9Z,0.5241302565311909,0.5241302565311909,355
postal_code_M9O,-0.5236541735880161,0.5236541735880161,356
postal_code_A1Y,0.5226128734629057,0.5226128734629057,357
postal_code_K2Q,0.5219303606692133,0.5219303606692133,358
postal_code_S1U,0.5214544209165387,0.5214544209165387,359
postal_code_J5P,0.519524554190178,0.519524554190178,360
postal_code_G3S,0.5123453946324494,0.5123453946324494,361
postal_code_G4L,0.5122858246152042,0.5122858246152042,362
postal_code_K3R,-0.5120876336867997,0.5120876336867997,363
postal_code_E4L,0.5107986603708885,0.5107986603708885,364
postal_code_R8L,0.510360369203709,0.510360369203709,365
postal_code_G4W,0.510018241661716,0.510018241661716,366
postal_code_K3X,-0.5099945594888635,0.5099945594888635,367
postal_code_C7I,0.5095124774924276,0.5095124774924276,368
postal_code_S6P,0.509211266943184,0.509211266943184,369
postal_code_T7T,-0.5088987506815701,0.5088987506815701,370
postal_code_K4J,-0.5087840552444725,0.5087840552444725,371
postal_code_L3H,0.5075300457806209,0.5075300457806209,372
claim_type_Glass,-0.5073980829828595,0.5073980829828595,373
postal_code_K8V,0.5072830406613115,0.5072830406613115,374
postal_code_M4J,0.5064171597552511,0.5064171597552511,375
postal_code_M2V,0.5053340305330611,0.5053340305330611,376
postal_code_C8I,0.5048485585038367,0.5048485585038367,377
postal_code_V9I,-0.504583228153842,0.504583228153842,378
postal_code_P1P,0.5045693710519196,0.5045693710519196,379
postal_code_V7K,-0.5033322006791439,0.5033322006791439,380
postal_code_A2J,0.5029293068608983,0.5029293068608983,381
postal_code_G4P,0.5024943336541638,0.5024943336541638,382
postal_code_E4A,0.5009029194200665,0.5009029194200665,383
postal_code_N1H,-0.4995745659930741,0.4995745659930741,384
postal_code_V3T,0.49949270868818574,0.49949270868818574,385
postal_code_A6B,0.49878911553780586,0.49878911553780586,386
postal_code_T3X,0.4973376476188901,0.4973376476188901,387
postal_code_V5O,-0.4972370214836394,0.4972370214836394,388
postal_code_V8Z,0.496073351687826,0.496073351687826,389
postal_code_V1N,-0.49588806828887555,0.49588806828887555,390
postal_code_H5M,0.49524643670010005,0.49524643670010005,391
postal_code_L5Y,-0.49270179443204354,0.49270179443204354,392
postal_code_A3W,0.4925554483443929,0.4925554483443929,393
postal_code_H7U,0.4925389900177021,0.4925389900177021,394
postal_code_R1C,0.4921895159726731,0.4921895159726731,395
postal_code_V8I,0.4914020859806732,0.4914020859806732,396
postal_code_H5F,0.49029548699536546,0.49029548699536546,397
postal_code_A2Z,0.4902669690732276,0.4902669690732276,398
postal_code_N3E,0.49010687276367404,0.49010687276367404,399
postal_code_K3T,0.4896266493587888,0.4896266493587888,400
postal_code_M5R,-0.4895767639060616,0.4895767639060616,401
postal_code_L2F,0.48649377271407235,0.48649377271407235,402
postal_code_K1X,0.4844422635750606,0.4844422635750606,403
postal_code_P9S,-0.4833377736588145,0.4833377736588145,404
postal_code_K1J,0.48198534063013554,0.48198534063013554,405
postal_code_H4I,0.48083581607228315,0.48083581607228315,406
postal_code_M6E,0.47879752805933123,0.47879752805933123,407
postal_code_M7R,-0.4777020727780198,0.4777020727780198,408
postal_code_R7O,0.47747311242730867,0.47747311242730867,409
postal_code_N4W,0.4771227216230895,0.4771227216230895,410
postal_code_V2F,0.47693380192265994,0.47693380192265994,411
postal_code_C8F,0.4758842339315505,0.4758842339315505,412
postal_code_T5J,0.4741736196438203,0.4741736196438203,413
postal_code_H4P,-0.4739227605660576,0.4739227605660576,414
postal_code_K5N,0.47328493953317846,0.47328493953317846,415
postal_code_P6F,-0.4732215902223607,0.4732215902223607,416
postal_code_J4O,-0.47309970540858526,0.47309970540858526,417
postal_code_N4J,0.47264130810330257,0.47264130810330257,418
postal_code_V9C,0.47226294917731776,0.47226294917731776,419
postal_code_L5N,-0.4694795576402454,0.4694795576402454,420
postal_code_A9D,0.46902058448572104,0.46902058448572104,421
postal_code_K1W,-0.4677226153220451,0.4677226153220451,422
postal_code_T1O,-0.46597016537669383,0.46597016537669383,423
postal_code_N7G,0.4658015817634418,0.4658015817634418,424
postal_code_K6Q,0.4647739731896476,0.4647739731896476,425
postal_code_B7R,0.46427146200387254,0.46427146200387254,426
postal_code_M9T,0.46294081846020796,0.46294081846020796,427
postal_code_C6B,0.4618892636545335,0.4618892636545335,428
postal_code_E3I,-0.4553586824144487,0.4553586824144487,429
postal_code_T3C,0.45473813883896413,0.45473813883896413,430
postal_code_S8T,0.4542917202254344,0.4542917202254344,431
postal_code_T8E,-0.45359294933728667,0.45359294933728667,432
postal_code_V3Y,0.4533910425592504,0.4533910425592504,433
postal_code_V1J,-0.4522133492174535,0.4522133492174535,434
postal_code_A2A,0.4513501224041773,0.4513501224041773,435
postal_code_H8L,0.4501221616384464,0.4501221616384464,436
postal_code_J8W,-0.4496537606257449,0.4496537606257449,437
postal_code_P2M,0.4486121851214706,0.4486121851214706,438
postal_code_T4X,-0.448162873926848,0.448162873926848,439
postal_code_L9G,-0.44814043871497505,0.44814043871497505,440
postal_code_P5J,0.44644389218647745,0.44644389218647745,441
postal_code_N6H,-0.4454939848364867,0.4454939848364867,442
postal_code_P5Y,-0.4433516480250993,0.4433516480250993,443
postal_code_H5V,0.4431708815823947,0.4431708815823947,444
postal_code_V3K,0.44178596960963123,0.44178596960963123,445
postal_code_P7I,0.44160619856124467,0.44160619856124467,446
postal_code_K4D,-0.4400531610641203,0.4400531610641203,447
postal_code_T3A,0.4395595083375433,0.4395595083375433,448
postal_code_M7Q,-0.43821198428865804,0.43821198428865804,449
postal_code_M5I,-0.4380523658611423,0.4380523658611423,450
postal_code_L3R,0.43796482928135055,0.43796482928135055,451
postal_code_J7Z,0.4376398943235545,0.4376398943235545,452
postal_code_K8T,-0.4373350267448102,0.4373350267448102,453
postal_code_A4F,0.4366887491694841,0.4366887491694841,454
postal_code_S5M,0.4365384250061615,0.4365384250061615,455
postal_code_V5U,0.4347355943925115,0.4347355943925115,456
postal_code_G8V,-0.43470182022712434,0.43470182022712434,457
postal_code_K9G,0.43438334993002226,0.43438334993002226,458
postal_code_L3O,0.43426109089839243,0.43426109089839243,459
postal_code_C2I,0.4337698747057965,0.4337698747057965,460
postal_code_S2T,0.4330688291947259,0.4330688291947259,461
postal_code_V2B,0.43149576112742777,0.43149576112742777,462
postal_code_M8Z,-0.4313606679061703,0.4313606679061703,463
postal_code_T7E,-0.43048239949114275,0.43048239949114275,464
postal_code_N4O,-0.42919165174707735,0.42919165174707735,465
postal_code_V6C,0.4287187701309799,0.4287187701309799,466
postal_code_V8A,-0.4286284506654371,0.4286284506654371,467
postal_code_V9V,-0.42726992222412963,0.42726992222412963,468
postal_code_T1T,-0.4270767727086154,0.4270767727086154,469
postal_code_S4G,0.4258638541949072,0.4258638541949072,470
postal_code_A7B,-0.4257613235250119,0.4257613235250119,471
postal_code_J3Z,-0.42515762875215535,0.42515762875215535,472
postal_code_V2Y,-0.42475186221814687,0.42475186221814687,473
postal_code_J1Y,0.42397782215275537,0.42397782215275537,474
postal_code_E2K,0.42374796075860977,0.42374796075860977,475
postal_code_G2U,-0.4213621815001658,0.4213621815001658,476
postal_code_R2Y,0.42098510440156983,0.42098510440156983,477
postal_code_M6P,-0.4208081489409501,0.4208081489409501,478
postal_code_G8Q,0.42073437000498526,0.42073437000498526,479
postal_code_T9Q,0.4205748976133099,0.4205748976133099,480
postal_code_P4C,-0.4199967229401375,0.4199967229401375,481
postal_code_K5I,-0.4198712064360475,0.4198712064360475,482
postal_code_B8N,-0.4193145256239469,0.4193145256239469,483
postal_code_R7L,-0.4188504770121194,0.4188504770121194,484
postal_code_A9J,0.41753425892949697,0.41753425892949697,485
postal_code_G1A,0.4169239749741997,0.4169239749741997,486
postal_code_B8O,0.4168180677531715,0.4168180677531715,487
postal_code_N3S,-0.416654198838925,0.416654198838925,488
postal_code_T6N,0.4158373032605409,0.4158373032605409,489
postal_code_R2M,-0.41559563334774796,0.41559563334774796,490
postal_code_K8A,-0.4152394514621905,0.4152394514621905,491
postal_code_S1T,0.4150350853530203,0.4150350853530203,492
postal_code_K4P,-0.4148769054724987,0.4148769054724987,493
postal_code_M1W,0.41320351710550446,0.41320351710550446,494
postal_code_K1E,-0.41155597160533,0.41155597160533,495
postal_code_R7H,0.41151186483756086,0.41151186483756086,496
postal_code_G7D,-0.41123297022104777,0.41123297022104777,497
postal_code_G1T,-0.41120114956599296,0.41120114956599296,498
postal_code_A6V,0.41097999644733973,0.41097999644733973,499
postal_code_T7F,0.410855346532583,0.410855346532583,500
postal_code_K2R,0.41079576819004515,0.41079576819004515,501
postal_code_G3G,-0.41067062233693397,0.41067062233693397,502
postal_code_N7A,0.4100551296372694,0.4100551296372694,503
postal_code_G9G,-0.40940834044832686,0.40940834044832686,504
postal_code_L7H,0.40925339947506273,0.40925339947506273,505
postal_code_K7S,0.40869176833676707,0.40869176833676707,506
postal_code_G3C,0.4086359301625971,0.4086359301625971,507
postal_code_N3B,0.40732017940605564,0.40732017940605564,508
postal_code_R6K,-0.4070639266014558,0.4070639266014558,509
postal_code_T6B,-0.4058371157324077,0.4058371157324077,510
postal_code_T3R,0.405834413545153,0.405834413545153,511
postal_code_K8N,-0.4056771923338752,0.4056771923338752,512
postal_code_J3G,0.4051425035594965,0.4051425035594965,513
postal_code_J3E,0.4047437082977558,0.4047437082977558,514
postal_code_L2K,0.40462346899811413,0.40462346899811413,515
postal_code_T2U,-0.40461788776416496,0.40461788776416496,516
postal_code_P1O,-0.4041356415575683,0.4041356415575683,517
postal_code_R7A,0.4034334457878856,0.4034334457878856,518
postal_code_L3J,0.40295987410065165,0.40295987410065165,519
postal_code_T8J,0.40245585136988365,0.40245585136988365,520
postal_code_T9E,-0.40229052888682626,0.40229052888682626,521
postal_code_M9Q,0.4017978632130564,0.4017978632130564,522
postal_code_K6P,-0.4015881240261367,0.4015881240261367,523
postal_code_H7G,0.3997053101131913,0.3997053101131913,524
postal_code_G1Q,-0.39840605083072345,0.39840605083072345,525
postal_code_L7Z,-0.39673814026846765,0.39673814026846765,526
postal_code_P5F,0.3966992827261927,0.3966992827261927,527
postal_code_T1S,0.39652199320873655,0.39652199320873655,528
postal_code_L4O,-0.39604787842579864,0.39604787842579864,529
postal_code_V6J,0.39604677740498206,0.39604677740498206,530
postal_code_N3H,0.396017218825175,0.396017218825175,531
postal_code_A2O,0.3959265059939881,0.3959265059939881,532
postal_code_T2T,0.39567654564603805,0.39567654564603805,533
postal_code_G3R,-0.395535779376093,0.395535779376093,534
witness_present_Yes,-0.3948650541922723,0.3948650541922723,535
postal_code_K8R,-0.394555070315829,0.394555070315829,536
postal_code_V6B,0.3939890114233134,0.3939890114233134,537
postal_code_V9G,-0.39391409609879313,0.39391409609879313,538
claim_type_Theft,0.3938719930586731,0.3938719930586731,539
postal_code_M1E,0.3925777657979511,0.3925777657979511,540
postal_code_T9B,-0.3916677715024036,0.3916677715024036,541
postal_code_L5X,0.3913502363172079,0.3913502363172079,542
postal_code_J6K,-0.3911438872009529,0.3911438872009529,543
postal_code_N5S,0.391128686105849,0.391128686105849,544
postal_code_H4D,-0.3911201459033424,0.3911201459033424,545
postal_code_G6J,-0.39108687920127766,0.39108687920127766,546
postal_code_P5Q,0.38882869294430333,0.38882869294430333,547
postal_code_V1Y,-0.3887413334628743,0.3887413334628743,548
postal_code_J4A,0.38863874411879795,0.38863874411879795,549
postal_code_V8R,0.38857423912871153,0.38857423912871153,550
postal_code_P7Q,0.388522896657912,0.388522896657912,551
postal_code_L6R,-0.38847117033891876,0.38847117033891876,552
postal_code_T7A,-0.38831552396977487,0.38831552396977487,553
postal_code_J5T,-0.3878370707857522,0.3878370707857522,554
postal_code_J7F,-0.3873257007138182,0.3873257007138182,555
postal_code_G9E,-0.38701152089855856,0.38701152089855856,556
postal_code_A9U,0.3869226274842579,0.3869226274842579,557
postal_code_A6S,0.38679787434842133,0.38679787434842133,558
postal_code_B3D,0.38587503423562186,0.38587503423562186,559
postal_code_M5E,-0.3854549575585662,0.3854549575585662,560
postal_code_K5Y,0.38412565068499066,0.38412565068499066,561
postal_code_R9W,0.3836877160353341,0.3836877160353341,562
postal_code_T8T,0.38278110027260076,0.38278110027260076,563
postal_code_J4X,0.3827346695182995,0.3827346695182995,564
postal_code_N7M,-0.3820240479241094,0.3820240479241094,565
postal_code_L7M,-0.3812444902492563,0.3812444902492563,566
postal_code_V6U,0.38101174634768353,0.38101174634768353,567
postal_code_V3H,0.3808273699343555,0.3808273699343555,568
postal_code_J9V,0.38002072958526617,0.38002072958526617,569
postal_code_G7I,0.3792421188656058,0.3792421188656058,570
postal_code_M1F,-0.3788694283836682,0.3788694283836682,571
postal_code_H2V,0.3788051981142937,0.3788051981142937,572
postal_code_T6F,-0.37875728334554876,0.37875728334554876,573
postal_code_V1K,-0.37760949635965124,0.37760949635965124,574
postal_code_E2R,0.3772639747307536,0.3772639747307536,575
postal_code_V1Q,-0.3754560030979484,0.3754560030979484,576
postal_code_R6T,0.3751162291802318,0.3751162291802318,577
postal_code_T5E,0.3749335372138927,0.3749335372138927,578
postal_code_T2Z,-0.37421624414223265,0.37421624414223265,579
postal_code_K8X,-0.3736568545904006,0.3736568545904006,580
postal_code_B4A,0.37361883612590047,0.37361883612590047,581
postal_code_K4W,0.3730509154208088,0.3730509154208088,582
postal_code_P3G,0.3719650417086657,0.3719650417086657,583
postal_code_M8X,0.3717697888416127,0.3717697888416127,584
postal_code_J9G,-0.36985865081891334,0.36985865081891334,585
postal_code_S4R,0.36908778160875627,0.36908778160875627,586
postal_code_G8W,0.3686850277490243,0.3686850277490243,587
postal_code_V6N,0.3684300322147329,0.3684300322147329,588
postal_code_P6Q,-0.3671677321879027,0.3671677321879027,589
postal_code_A3Q,0.36624937087289866,0.36624937087289866,590
postal_code_N5A,-0.3660273264961464,0.3660273264961464,591
postal_code_V9S,-0.36599329990678164,0.36599329990678164,592
postal_code_P5M,-0.3655376510997095,0.3655376510997095,593
postal_code_J8F,-0.3649807745757409,0.3649807745757409,594
postal_code_V3X,0.36473886191725935,0.36473886191725935,595
postal_code_G5F,-0.36472915344509677,0.36472915344509677,596
postal_code_J2Y,0.36447429140914045,0.36447429140914045,597
postal_code_N9T,-0.3641254671586875,0.3641254671586875,598
postal_code_P5W,0.36388074620120503,0.36388074620120503,599
postal_code_K2E,0.3633272765364138,0.3633272765364138,600
postal_code_H9O,-0.36308386461833614,0.36308386461833614,601
postal_code_J2K,0.36263137597217304,0.36263137597217304,602
postal_code_V7R,-0.3594481416515284,0.3594481416515284,603
postal_code_E5G,0.3593131132578077,0.3593131132578077,604
postal_code_T2H,-0.3591357971633814,0.3591357971633814,605
postal_code_S6I,0.3589365570743887,0.3589365570743887,606
postal_code_T8O,-0.35855226752109,0.35855226752109,607
postal_code_M5C,0.35821834643275713,0.35821834643275713,608
postal_code_N4B,-0.35760348945102066,0.35760348945102066,609
postal_code_M6W,-0.35689092808238787,0.35689092808238787,610
postal_code_J1N,-0.3566587154740966,0.3566587154740966,611
postal_code_T4R,0.3562211362282866,0.3562211362282866,612
postal_code_T9S,-0.35601857727785285,0.35601857727785285,613
postal_code_R5U,0.35510277078497293,0.35510277078497293,614
postal_code_L3U,0.3549319786321644,0.3549319786321644,615
postal_code_R9F,0.3544075041902741,0.3544075041902741,616
postal_code_H8D,0.3538675095183202,0.3538675095183202,617
postal_code_E1O,0.3529091556728946,0.3529091556728946,618
postal_code_T2M,0.352767459509919,0.352767459509919,619
postal_code_T5X,-0.35068868062275527,0.35068868062275527,620
postal_code_A6Z,0.3495932781560572,0.3495932781560572,621
postal_code_E3H,-0.3488971379550042,0.3488971379550042,622
postal_code_N8L,0.34875325616750047,0.34875325616750047,623
postal_code_V6A,-0.34858256059373843,0.34858256059373843,624
postal_code_G4I,-0.34761471186750775,0.34761471186750775,625
postal_code_N4Y,0.34737892601199805,0.34737892601199805,626
postal_code_M4Z,-0.3468395168279093,0.3468395168279093,627
postal_code_J4F,-0.3463304180333086,0.3463304180333086,628
postal_code_P3C,-0.34587222227532427,0.34587222227532427,629
postal_code_J8L,-0.34573160587005347,0.34573160587005347,630
postal_code_R5C,0.3455981531603817,0.3455981531603817,631
postal_code_S6J,0.34504402326431516,0.34504402326431516,632
postal_code_L1H,0.3447840226842553,0.3447840226842553,633
postal_code_L6S,0.3446718151108758,0.3446718151108758,634
postal_code_M7Y,-0.3446365072430088,0.3446365072430088,635
postal_code_B5N,0.3445614927814626,0.3445614927814626,636
postal_code_P3W,0.342111391091274,0.342111391091274,637
postal_code_P6P,-0.3412147938586666,0.3412147938586666,638
postal_code_T9O,-0.3409475225565952,0.3409475225565952,639
postal_code_G8F,0.3406480254754918,0.3406480254754918,640
postal_code_K7Q,-0.33914177898035613,0.33914177898035613,641
postal_code_M7Z,0.3377811868857266,0.3377811868857266,642
postal_code_M3U,-0.3377728591043169,0.3377728591043169,643
postal_code_M2W,0.33720395329377034,0.33720395329377034,644
postal_code_B5O,0.33636490650467205,0.33636490650467205,645
postal_code_T5A,-0.3358598430803228,0.3358598430803228,646
postal_code_K8Y,-0.33510932867665,0.33510932867665,647
postal_code_L1S,0.3349912292340677,0.3349912292340677,648
postal_code_P4Z,0.33491405653559314,0.33491405653559314,649
postal_code_K1B,-0.33426923490502847,0.33426923490502847,650
postal_code_J9W,-0.3342019774307227,0.3342019774307227,651
postal_code_H5R,0.3338240793517182,0.3338240793517182,652
postal_code_V1W,-0.3332986299088269,0.3332986299088269,653
postal_code_L1W,0.33324349321358276,0.33324349321358276,654
postal_code_L6Y,-0.33284018015801997,0.33284018015801997,655
postal_code_T2L,-0.3323695076707391,0.3323695076707391,656
postal_code_T7Q,0.33209370061134846,0.33209370061134846,657
postal_code_P5S,-0.3319402431545613,0.3319402431545613,658
postal_code_K1I,-0.3311929775278637,0.3311929775278637,659
postal_code_P9Q,-0.3310275916321116,0.3310275916321116,660
postal_code_R6N,0.33063146655034764,0.33063146655034764,661
postal_code_L8D,0.3297416348482015,0.3297416348482015,662
postal_code_T8B,0.3293931443867194,0.3293931443867194,663
claim_amount,0.3293003512863418,0.3293003512863418,664
postal_code_A2U,0.32911298774476655,0.32911298774476655,665
postal_code_V8H,-0.32847892054929195,0.32847892054929195,666
postal_code_B3E,0.3284736858895771,0.3284736858895771,667
postal_code_M5D,-0.32706329126307054,0.32706329126307054,668
postal_code_G5J,0.32577881366479244,0.32577881366479244,669
postal_code_S7M,0.3251975525650512,0.3251975525650512,670
postal_code_G2M,0.3249766734350321,0.3249766734350321,671
postal_code_G7L,-0.32486168122088005,0.32486168122088005,672
postal_code_H2Y,0.32473539978253635,0.32473539978253635,673
postal_code_M6R,0.32418849219110174,0.32418849219110174,674
postal_code_G7G,-0.32412233254937795,0.32412233254937795,675
postal_code_M7E,0.32336134436202485,0.32336134436202485,676
postal_code_T6E,0.32282590513912884,0.32282590513912884,677
postal_code_V4N,-0.32188593239913477,0.32188593239913477,678
postal_code_G4F,-0.32180226154063285,0.32180226154063285,679
postal_code_P6N,0.3216145023087316,0.3216145023087316,680
postal_code_T1Q,0.32125432149048844,0.32125432149048844,681
postal_code_B9X,0.32123905019283644,0.32123905019283644,682
postal_code_J5L,-0.3206260111508881,0.3206260111508881,683
postal_code_T2Q,0.319571162505553,0.319571162505553,684
postal_code_P5V,0.31941172604730594,0.31941172604730594,685
postal_code_K8L,0.3192821888071959,0.3192821888071959,686
postal_code_V1U,-0.3184355182873599,0.3184355182873599,687
postal_code_V3N,-0.31784759174859306,0.31784759174859306,688
postal_code_A9W,0.317842092621521,0.317842092621521,689
postal_code_G5O,-0.3176565080857693,0.3176565080857693,690
postal_code_V9H,0.31587217694922143,0.31587217694922143,691
postal_code_V7T,-0.31533505340099394,0.31533505340099394,692
postal_code_P1V,0.3149603025705542,0.3149603025705542,693
postal_code_V3J,0.31448214423576387,0.31448214423576387,694
postal_code_V3V,0.31389779631273,0.31389779631273,695
postal_code_T3Z,-0.31381207623289575,0.31381207623289575,696
postal_code_G7Z,0.3134348118570192,0.3134348118570192,697
postal_code_T7Z,-0.3134123181558145,0.3134123181558145,698
postal_code_P8E,0.3125236125369005,0.3125236125369005,699
postal_code_R7M,0.312371673444709,0.312371673444709,700
postal_code_G9W,-0.31218772980118975,0.31218772980118975,701
postal_code_H3Z,0.3119941494801975,0.3119941494801975,702
postal_code_R2Q,0.3116247177280697,0.3116247177280697,703
postal_code_K6L,-0.3112658302321473,0.3112658302321473,704
postal_code_T9J,-0.3097073020478723,0.3097073020478723,705
postal_code_L3G,-0.30948488016872516,0.30948488016872516,706
postal_code_R1M,0.3091319656690141,0.3091319656690141,707
postal_code_K3B,-0.30752736623223564,0.30752736623223564,708
postal_code_H4J,-0.3067853540888796,0.3067853540888796,709
postal_code_B1W,-0.3046250302427675,0.3046250302427675,710
postal_code_H7N,-0.30320356426643796,0.30320356426643796,711
postal_code_M3Z,-0.3025761832281119,0.3025761832281119,712
postal_code_T7I,0.3010520948282271,0.3010520948282271,713
postal_code_G2B,-0.30024145046393347,0.30024145046393347,714
postal_code_T8P,-0.3002258903966858,0.3002258903966858,715
postal_code_R3J,-0.2991403952374955,0.2991403952374955,716
postal_code_R9C,0.2981515337716956,0.2981515337716956,717
postal_code_P6V,0.29802394300021995,0.29802394300021995,718
postal_code_T5O,-0.29779553637030376,0.29779553637030376,719
postal_code_H8C,0.2974591745864172,0.2974591745864172,720
postal_code_H2B,0.2973571447644826,0.2973571447644826,721
postal_code_T3U,0.29727064192234015,0.29727064192234015,722
postal_code_P8S,-0.2962146091606201,0.2962146091606201,723
postal_code_V5W,0.294350066949725,0.294350066949725,724
postal_code_L4Y,0.2938777634403347,0.2938777634403347,725
postal_code_B6G,0.29375019207905223,0.29375019207905223,726
postal_code_N4K,0.29369606925041997,0.29369606925041997,727
postal_code_G3W,-0.29341839142553855,0.29341839142553855,728
postal_code_P6U,-0.2926092908200352,0.2926092908200352,729
postal_code_G8E,0.29152213089416307,0.29152213089416307,730
postal_code_T7U,-0.2899141349379815,0.2899141349379815,731
postal_code_E4Q,0.28981961414016844,0.28981961414016844,732
postal_code_H9E,-0.28980790858780003,0.28980790858780003,733
postal_code_H2J,0.28807055652668007,0.28807055652668007,734
postal_code_T8X,0.28793529429315523,0.28793529429315523,735
postal_code_L7R,0.2877373760069843,0.2877373760069843,736
postal_code_S9I,-0.287284284679065,0.287284284679065,737
postal_code_M5G,-0.2870714911338547,0.2870714911338547,738
postal_code_T1V,-0.28542650041533485,0.28542650041533485,739
postal_code_P7A,-0.2846192834277216,0.2846192834277216,740
postal_code_K7J,-0.28422110764881575,0.28422110764881575,741
postal_code_K6J,-0.2841058810952624,0.2841058810952624,742
postal_code_H5C,-0.28308952569518747,0.28308952569518747,743
postal_code_N5J,-0.2825355428804949,0.2825355428804949,744
postal_code_H7L,0.28241685172358866,0.28241685172358866,745
postal_code_T2V,-0.2821430154725891,0.2821430154725891,746
postal_code_T4N,0.28104312127144715,0.28104312127144715,747
postal_code_L2Z,0.280130086330007,0.280130086330007,748
postal_code_N5O,0.27989886682700693,0.27989886682700693,749
postal_code_J5F,-0.2792632647431337,0.2792632647431337,750
postal_code_J9T,0.278604847871532,0.278604847871532,751
postal_code_J2A,-0.27857928534432946,0.27857928534432946,752
postal_code_T4C,0.278414772851491,0.278414772851491,753
postal_code_V8S,0.27821163651450354,0.27821163651450354,754
postal_code_V1C,0.2778474446859186,0.2778474446859186,755
postal_code_J8U,-0.277548873326939,0.277548873326939,756
postal_code_S2P,0.2772833451784392,0.2772833451784392,757
postal_code_T5U,-0.276606295691803,0.276606295691803,758
postal_code_M3O,0.2762286804544645,0.2762286804544645,759
postal_code_A1U,0.27589103861448044,0.27589103861448044,760
postal_code_A2F,-0.27420205409563647,0.27420205409563647,761
postal_code_N2J,0.2736277145809889,0.2736277145809889,762
postal_code_J8M,-0.2734587234847088,0.2734587234847088,763
postal_code_J9Q,-0.27311555607228366,0.27311555607228366,764
postal_code_L2T,-0.2729106270913381,0.2729106270913381,765
postal_code_P7N,0.27254011455571236,0.27254011455571236,766
postal_code_L9T,0.2721186688176789,0.2721186688176789,767
postal_code_T4L,-0.2719715266738116,0.2719715266738116,768
postal_code_B1D,-0.27194377636786793,0.27194377636786793,769
postal_code_H3T,-0.2716747236545768,0.2716747236545768,770
postal_code_P5C,0.2710527718643561,0.2710527718643561,771
postal_code_T9X,0.27104975807622356,0.27104975807622356,772
postal_code_V8Q,-0.27084886957234894,0.27084886957234894,773
postal_code_L6L,0.26991651913502224,0.26991651913502224,774
vehicle_use_Personal,-0.2693790241615029,0.2693790241615029,775
postal_code_T9T,0.26903904533754214,0.26903904533754214,776
postal_code_B3S,0.2687687886075028,0.2687687886075028,777
postal_code_L9Y,-0.2686334686162424,0.2686334686162424,778
postal_code_N1T,-0.2680307825798801,0.2680307825798801,779
postal_code_L9P,0.26800753046141723,0.26800753046141723,780
postal_code_H6S,-0.26790886553721105,0.26790886553721105,781
postal_code_L2Y,-0.2671104049776389,0.2671104049776389,782
postal_code_P6X,-0.2656542928696448,0.2656542928696448,783
postal_code_K2U,-0.26560429151738585,0.26560429151738585,784
postal_code_G7K,0.2648859795172419,0.2648859795172419,785
postal_code_N9B,-0.26415450289089354,0.26415450289089354,786
postal_code_J4G,0.2641422180007623,0.2641422180007623,787
postal_code_K2C,-0.2634822280456956,0.2634822280456956,788
postal_code_J4C,-0.26311855318008387,0.26311855318008387,789
postal_code_P4O,-0.2624956974984607,0.2624956974984607,790
postal_code_B1V,-0.26249465404388533,0.26249465404388533,791
postal_code_L3S,0.26215981146172357,0.26215981146172357,792
postal_code_V9R,-0.26163502861270843,0.26163502861270843,793
postal_code_R8D,0.26159066974955053,0.26159066974955053,794
postal_code_P2I,0.26138911962086164,0.26138911962086164,795
postal_code_K4Y,-0.26129487868972,0.26129487868972,796
postal_code_G5R,0.2607503608407393,0.2607503608407393,797
postal_code_E1I,-0.2605384204044526,0.2605384204044526,798
postal_code_R4G,0.26047443505933177,0.26047443505933177,799
postal_code_P4X,-0.25932582737443455,0.25932582737443455,800
postal_code_L9C,-0.2592630490291014,0.2592630490291014,801
postal_code_J8Z,-0.2590697073054429,0.2590697073054429,802
previous_claims,0.2588363098470443,0.2588363098470443,803
postal_code_J6F,-0.25860094056696714,0.25860094056696714,804
postal_code_B2S,0.25832523718919437,0.25832523718919437,805
postal_code_G1J,-0.2581368062680594,0.2581368062680594,806
postal_code_J8N,-0.25796157645524087,0.25796157645524087,807
years_licensed,-0.25730546490360207,0.25730546490360207,808
postal_code_V5H,-0.25694211294300895,0.25694211294300895,809
postal_code_V6S,-0.2566882184836256,0.2566882184836256,810
postal_code_R7V,0.25597722643295706,0.25597722643295706,811
postal_code_S1D,0.2559118359900551,0.2559118359900551,812
postal_code_L1T,-0.25505823590153803,0.25505823590153803,813
postal_code_N5W,-0.2545234610627378,0.2545234610627378,814
postal_code_V9B,-0.25442795168425236,0.25442795168425236,815
postal_code_R3V,0.25428800322457723,0.25428800322457723,816
postal_code_V6L,-0.2541303608124809,0.2541303608124809,817
postal_code_K7A,0.2536805091882716,0.2536805091882716,818
postal_code_K7U,-0.25209885332700177,0.25209885332700177,819
postal_code_A8Y,-0.2513288958004615,0.2513288958004615,820
postal_code_V5X,-0.25129869031812074,0.25129869031812074,821
postal_code_J1X,-0.2512970344505214,0.2512970344505214,822
postal_code_L8O,-0.2511286490737195,0.2511286490737195,823
postal_code_P8Q,-0.25096721373801073,0.25096721373801073,824
postal_code_P2B,-0.24976438743363782,0.24976438743363782,825
postal_code_G6X,-0.24965816980744465,0.24965816980744465,826
postal_code_P4Y,-0.24952113862109196,0.24952113862109196,827
postal_code_J2Q,0.24927758527661065,0.24927758527661065,828
postal_code_T7H,0.24864113086022954,0.24864113086022954,829
postal_code_P9O,0.24854954321061806,0.24854954321061806,830
postal_code_L5V,0.24822396243133887,0.24822396243133887,831
postal_code_H3L,-0.24687712873306772,0.24687712873306772,832
postal_code_T3L,-0.24630438289501927,0.24630438289501927,833
postal_code_E9Z,0.24465547802315324,0.24465547802315324,834
postal_code_S1Q,0.2444619497919088,0.2444619497919088,835
postal_code_J9N,-0.24396639948918208,0.24396639948918208,836
postal_code_H5D,-0.2438100622010549,0.2438100622010549,837
postal_code_A8L,-0.24357417167104986,0.24357417167104986,838
postal_code_M1D,-0.2431984598241012,0.2431984598241012,839
postal_code_M4K,-0.2424656342798555,0.2424656342798555,840
postal_code_S9N,0.2421933501697029,0.2421933501697029,841
postal_code_L2V,-0.24216135697634658,0.24216135697634658,842
postal_code_J6Q,-0.24211097180525173,0.24211097180525173,843
postal_code_J3W,-0.2407116546768817,0.2407116546768817,844
postal_code_H6U,0.2406159097246029,0.2406159097246029,845
postal_code_J8C,0.2403661780434598,0.2403661780434598,846
postal_code_J7Y,0.24020165286621512,0.24020165286621512,847
postal_code_G2D,-0.24013832529901447,0.24013832529901447,848
postal_code_T8A,0.2397496302819906,0.2397496302819906,849
postal_code_H5S,-0.23922797587193745,0.23922797587193745,850
postal_code_E8Q,0.23916627568199508,0.23916627568199508,851
postal_code_V5T,-0.23906360379769662,0.23906360379769662,852
postal_code_N2Q,0.23863710165217084,0.23863710165217084,853
postal_code_L7B,-0.23834459224427945,0.23834459224427945,854
postal_code_P8Z,-0.23810492977712044,0.23810492977712044,855
postal_code_V7D,0.2380818549197938,0.2380818549197938,856
postal_code_G9A,-0.2378644124729736,0.2378644124729736,857
postal_code_T7M,-0.23767085169892782,0.23767085169892782,858
postal_code_K5S,0.2376254533599698,0.2376254533599698,859
postal_code_E3B,0.23624381357597257,0.23624381357597257,860
postal_code_R2U,0.23538032926614816,0.23538032926614816,861
postal_code_J9A,-0.2346545145209594,0.2346545145209594,862
postal_code_E2P,0.2338119181401569,0.2338119181401569,863
postal_code_N5N,0.23292163509681632,0.23292163509681632,864
postal_code_H2M,-0.23126089196229757,0.23126089196229757,865
postal_code_H9Y,-0.23048172238523656,0.23048172238523656,866
postal_code_R4U,-0.23046656871832777,0.23046656871832777,867
postal_code_H4S,0.23026324518127386,0.23026324518127386,868
postal_code_S4M,-0.22824268178463475,0.22824268178463475,869
postal_code_T6S,-0.22810773874812776,0.22810773874812776,870
postal_code_M3Q,0.22808961561365496,0.22808961561365496,871
postal_code_J2O,-0.22758754302129025,0.22758754302129025,872
postal_code_J9M,-0.2275376562845188,0.2275376562845188,873
postal_code_L8U,0.22748754717133352,0.22748754717133352,874
postal_code_N7S,-0.22672978219436166,0.22672978219436166,875
postal_code_L7T,-0.226492313988818,0.226492313988818,876
postal_code_T9P,-0.22366535031392068,0.22366535031392068,877
postal_code_M4Y,0.2224293092285381,0.2224293092285381,878
postal_code_M5A,-0.22206061004735153,0.22206061004735153,879
postal_code_A9C,0.2217630269070943,0.2217630269070943,880
postal_code_M8W,0.2217451379329958,0.2217451379329958,881
postal_code_G1G,0.22099630976230308,0.22099630976230308,882
postal_code_V1F,0.22020241901295473,0.22020241901295473,883
postal_code_M3M,-0.21886576059818208,0.21886576059818208,884
postal_code_G8K,-0.21836527132052297,0.21836527132052297,885
postal_code_P7M,-0.2182268198754541,0.2182268198754541,886
postal_code_T2I,-0.2175509113083188,0.2175509113083188,887
postal_code_G7S,-0.21646314959892193,0.21646314959892193,888
postal_code_J8T,-0.21626290019239744,0.21626290019239744,889
postal_code_S4Y,0.21595117932228625,0.21595117932228625,890
postal_code_K5D,0.2158121375681819,0.2158121375681819,891
postal_code_T8Z,0.2157275006322376,0.2157275006322376,892
postal_code_J1I,-0.2152906506472137,0.2152906506472137,893
postal_code_V3I,0.21527378485211981,0.21527378485211981,894
postal_code_L6J,-0.21511794126911812,0.21511794126911812,895
postal_code_M7U,-0.21438198888036056,0.21438198888036056,896
postal_code_E7M,0.2141675091550443,0.2141675091550443,897
postal_code_B2I,0.2133432520934617,0.2133432520934617,898
postal_code_L8F,0.21232508200182038,0.21232508200182038,899
postal_code_H5P,-0.21176025423939784,0.21176025423939784,900
postal_code_G2G,0.21118443212099866,0.21118443212099866,901
postal_code_T4K,0.21056913662174565,0.21056913662174565,902
postal_code_L1N,-0.21021474619379124,0.21021474619379124,903
postal_code_M5X,-0.20976050017158496,0.20976050017158496,904
postal_code_P9C,-0.20951711185403005,0.20951711185403005,905
postal_code_T4G,0.2089333304264102,0.2089333304264102,906
postal_code_V7P,0.2089097975247863,0.2089097975247863,907
postal_code_H2O,-0.20872281403677836,0.20872281403677836,908
postal_code_R1V,0.2077536798123912,0.2077536798123912,909
postal_code_K9N,-0.2067812190193622,0.2067812190193622,910
postal_code_P9K,0.20676022995072296,0.20676022995072296,911
postal_code_J2L,0.20654991461973954,0.20654991461973954,912
province_MB,-0.20602335874368619,0.20602335874368619,913
postal_code_V7V,0.20567709408981363,0.20567709408981363,914
postal_code_J9B,-0.2055814674838573,0.2055814674838573,915
postal_code_P2Y,0.20525725067999376,0.20525725067999376,916
postal_code_V4I,0.20520308661684047,0.20520308661684047,917
postal_code_L6O,0.20494603773640963,0.20494603773640963,918
postal_code_M1M,-0.20398395149628595,0.20398395149628595,919
postal_code_T1Z,-0.2033011788978329,0.2033011788978329,920
postal_code_V8M,0.20323303616741095,0.20323303616741095,921
postal_code_M7V,-0.20299575817817078,0.20299575817817078,922
postal_code_P6G,-0.20241613972170405,0.20241613972170405,923
postal_code_L2M,0.2020218743145819,0.2020218743145819,924
postal_code_H7A,-0.20114922124558077,0.20114922124558077,925
postal_code_K6S,-0.20075752382468373,0.20075752382468373,926
postal_code_R4A,0.1994713550448057,0.1994713550448057,927
postal_code_P2D,0.19874580959121882,0.19874580959121882,928
postal_code_N8M,0.19837377622955205,0.19837377622955205,929
police_report_filed_Yes,-0.198315456252826,0.198315456252826,930
postal_code_L6P,-0.19782113555616843,0.19782113555616843,931
postal_code_V6H,-0.19760703570993163,0.19760703570993163,932
postal_code_N4R,-0.19713309554692696,0.19713309554692696,933
postal_code_J2X,0.1968257542075888,0.1968257542075888,934
postal_code_T6K,-0.1967903170111372,0.1967903170111372,935
postal_code_N8P,-0.196737883142656,0.196737883142656,936
postal_code_G2P,0.1966443736116038,0.1966443736116038,937
postal_code_R2O,0.1966026112279234,0.1966026112279234,938
postal_code_S8E,0.1956174615731165,0.1956174615731165,939
postal_code_R3Q,0.19520551091566085,0.19520551091566085,940
postal_code_L3M,-0.19502235458643338,0.19502235458643338,941
postal_code_P4P,-0.19471039129688966,0.19471039129688966,942
postal_code_N1I,-0.19440411159036589,0.19440411159036589,943
postal_code_H2U,0.19360003949067867,0.19360003949067867,944
postal_code_V6Q,-0.1927819746717432,0.1927819746717432,945
postal_code_L4G,0.19276918313945512,0.19276918313945512,946
postal_code_J6T,-0.19248731565660443,0.19248731565660443,947
postal_code_R2C,0.19192686114236832,0.19192686114236832,948
postal_code_L8W,-0.19162142295808252,0.19162142295808252,949
postal_code_R7C,-0.19104217742721835,0.19104217742721835,950
postal_code_M2E,-0.18996436538570122,0.18996436538570122,951
postal_code_R3S,-0.18982176361251812,0.18982176361251812,952
postal_code_E6G,0.18963273192910604,0.18963273192910604,953
postal_code_L9D,-0.18951502393994873,0.18951502393994873,954
postal_code_T3D,-0.18939954224724534,0.18939954224724534,955
postal_code_J3R,-0.18931791528611722,0.18931791528611722,956
postal_code_S1B,0.18894782222333953,0.18894782222333953,957
postal_code_T3I,-0.1886787209923207,0.1886787209923207,958
postal_code_T8W,0.18840950094139017,0.18840950094139017,959
postal_code_N5R,-0.1882469048414282,0.1882469048414282,960
postal_code_H9F,0.18824002570340276,0.18824002570340276,961
postal_code_K7H,-0.18509963886964434,0.18509963886964434,962
postal_code_M8O,0.18496579359500206,0.18496579359500206,963
postal_code_B9S,0.18464085627044868,0.18464085627044868,964
postal_code_H6D,-0.18433031402438854,0.18433031402438854,965
postal_code_G8L,0.18374300327928575,0.18374300327928575,966
postal_code_P1F,0.18370317754530796,0.18370317754530796,967
postal_code_N6P,-0.18289932627985675,0.18289932627985675,968
postal_code_S8S,0.18229682952609588,0.18229682952609588,969
postal_code_J1C,-0.1813411757814248,0.1813411757814248,970
postal_code_B3X,0.18117059887046155,0.18117059887046155,971
postal_code_K9B,0.18115852728828633,0.18115852728828633,972
postal_code_P1G,0.1806131670267804,0.1806131670267804,973
postal_code_A8N,-0.1805425155998308,0.1805425155998308,974
postal_code_S3C,0.1797997766564298,0.1797997766564298,975
postal_code_P6D,0.17960992823581595,0.17960992823581595,976
postal_code_H7H,-0.17924482533931002,0.17924482533931002,977
postal_code_H4N,0.17923826074872037,0.17923826074872037,978
postal_code_P2W,-0.17875379713716016,0.17875379713716016,979
postal_code_S5G,-0.17859336584060312,0.17859336584060312,980
postal_code_P9X,-0.17834839307768235,0.17834839307768235,981
postal_code_G2Y,0.17768417171659864,0.17768417171659864,982
postal_code_L1Y,0.1776102112341981,0.1776102112341981,983
age,0.1772981986126216,0.1772981986126216,984
postal_code_L1U,-0.17634008156011513,0.17634008156011513,985
postal_code_N8R,0.17606522497547195,0.17606522497547195,986
postal_code_M2T,0.17580401908194263,0.17580401908194263,987
postal_code_G1V,0.17515292978675068,0.17515292978675068,988
postal_code_V8N,-0.17465280193493435,0.17465280193493435,989
postal_code_B3L,-0.17464026012402312,0.17464026012402312,990
postal_code_S6R,0.17444608307086487,0.17444608307086487,991
postal_code_N4M,-0.17426494589257968,0.17426494589257968,992
postal_code_M2N,-0.17416665435279743,0.17416665435279743,993
postal_code_N9Q,0.17409190702383084,0.17409190702383084,994
postal_code_K8S,-0.17358190724984116,0.17358190724984116,995
postal_code_P9U,0.1732659167401556,0.1732659167401556,996
postal_code_B9Y,-0.172668654406414,0.172668654406414,997
postal_code_L5C,0.17241762171806024,0.17241762171806024,998
postal_code_L7W,0.17235097258907334,0.17235097258907334,999
postal_code_G4O,-0.17210197170373423,0.17210197170373423,1000
postal_code_S7C,0.17160027380125514,0.17160027380125514,1001
postal_code_R6Y,-0.17119542509556498,0.17119542509556498,1002
postal_code_V9X,0.1711840651050459,0.1711840651050459,1003
postal_code_J2Z,0.17011151651315437,0.17011151651315437,1004
province_SK,-0.1700927303273555,0.1700927303273555,1005
postal_code_H1I,-0.1699361954986058,0.1699361954986058,1006
postal_code_G3X,-0.1696812625186711,0.1696812625186711,1007
postal_code_L1X,-0.16957124526358705,0.16957124526358705,1008
postal_code_P3M,-0.1690885529779063,0.1690885529779063,1009
postal_code_A8E,0.1687128624933365,0.1687128624933365,1010
claim_to_vehicle_value_ratio,0.1686391785544954,0.1686391785544954,1011
postal_code_T5Z,-0.16826949660951454,0.16826949660951454,1012
postal_code_T3J,-0.16700441594150528,0.16700441594150528,1013
postal_code_G6P,0.16571517124519536,0.16571517124519536,1014
postal_code_R6F,0.16563208235529217,0.16563208235529217,1015
postal_code_K1P,0.1656006037302826,0.1656006037302826,1016
postal_code_N1A,-0.16507741446625038,0.16507741446625038,1017
postal_code_P8B,-0.16396791920686618,0.16396791920686618,1018
postal_code_N7L,-0.1635842512246084,0.1635842512246084,1019
postal_code_A2E,0.16251780517083772,0.16251780517083772,1020
postal_code_B3W,0.16215233502615828,0.16215233502615828,1021
postal_code_S1W,0.16194908010242814,0.16194908010242814,1022
postal_code_G7Q,-0.16134807964212794,0.16134807964212794,1023
postal_code_P1E,0.1608298059932228,0.1608298059932228,1024
postal_code_H1R,-0.16069280817453713,0.16069280817453713,1025
postal_code_J7E,0.1602328668069753,0.1602328668069753,1026
postal_code_G9B,-0.15993602021063033,0.15993602021063033,1027
postal_code_N8T,-0.15927867318800684,0.15927867318800684,1028
postal_code_L6H,0.15822935566326965,0.15822935566326965,1029
postal_code_T8R,-0.15786101564911542,0.15786101564911542,1030
postal_code_K4O,0.15778536698673074,0.15778536698673074,1031
postal_code_H9Q,-0.15756957245221115,0.15756957245221115,1032
postal_code_G9U,-0.15703688448229192,0.15703688448229192,1033
postal_code_L9W,0.15663356685827642,0.15663356685827642,1034
postal_code_K3K,-0.15661825727976159,0.15661825727976159,1035
postal_code_J1R,-0.15649283343875345,0.15649283343875345,1036
postal_code_J3V,0.15635426172617292,0.15635426172617292,1037
postal_code_E6M,0.15529184588592404,0.15529184588592404,1038
postal_code_R3U,0.15486708871886573,0.15486708871886573,1039
postal_code_P6R,-0.15485534057860106,0.15485534057860106,1040
postal_code_C9H,-0.15457933514148892,0.15457933514148892,1041
postal_code_H6C,-0.15433847494423286,0.15433847494423286,1042
postal_code_P6Y,-0.1543352621975268,0.1543352621975268,1043
postal_code_E2G,-0.15422047812899306,0.15422047812899306,1044
postal_code_K9I,-0.15403511210317924,0.15403511210317924,1045
postal_code_B6W,-0.15352675448122438,0.15352675448122438,1046
postal_code_V6E,-0.15338485494072263,0.15338485494072263,1047
postal_code_T7R,-0.1532148449700089,0.1532148449700089,1048
postal_code_K9E,-0.15265179337399287,0.15265179337399287,1049
postal_code_V7W,-0.15231936877431468,0.15231936877431468,1050
postal_code_T2X,0.1523105775667399,0.1523105775667399,1051
postal_code_T1D,-0.15224251287099513,0.15224251287099513,1052
postal_code_J1W,-0.1517387428015005,0.1517387428015005,1053
postal_code_S3X,0.15152283508431288,0.15152283508431288,1054
postal_code_K3C,-0.15112293300042665,0.15112293300042665,1055
postal_code_E5V,0.15090442408280086,0.15090442408280086,1056
postal_code_L1P,-0.1505711719555959,0.1505711719555959,1057
postal_code_J1Z,0.15007484088914588,0.15007484088914588,1058
postal_code_L9K,0.14892160318883513,0.14892160318883513,1059
postal_code_P4D,-0.1484620429083112,0.1484620429083112,1060
postal_code_T1E,-0.14828472189090003,0.14828472189090003,1061
postal_code_C4G,-0.1482582042092544,0.1482582042092544,1062
postal_code_P7F,-0.14823157521201724,0.14823157521201724,1063
postal_code_H9B,-0.1476664439826065,0.1476664439826065,1064
postal_code_H3Q,0.1472561128765803,0.1472561128765803,1065
postal_code_M6V,-0.1460360820344798,0.1460360820344798,1066
postal_code_G7V,0.14554995626629563,0.14554995626629563,1067
postal_code_L9V,-0.14549407198773429,0.14549407198773429,1068
postal_code_G1R,-0.14499198233729002,0.14499198233729002,1069
postal_code_V5V,-0.1443577311395342,0.1443577311395342,1070
claim_type_Collision,0.14425707947313823,0.14425707947313823,1071
postal_code_H4B,-0.14383478478333275,0.14383478478333275,1072
postal_code_K8W,-0.14334639418650674,0.14334639418650674,1073
postal_code_R6E,-0.14331823895531817,0.14331823895531817,1074
province_ON,0.14299039774066108,0.14299039774066108,1075
postal_code_M2S,0.14293332635195144,0.14293332635195144,1076
postal_code_P4T,-0.14281042086758258,0.14281042086758258,1077
postal_code_G9J,0.1424130242837604,0.1424130242837604,1078
postal_code_P4L,-0.14230370404392803,0.14230370404392803,1079
postal_code_K3N,0.14182339736961105,0.14182339736961105,1080
postal_code_H4Q,-0.14163789355500506,0.14163789355500506,1081
postal_code_L3W,-0.14084580740895972,0.14084580740895972,1082
postal_code_N8C,-0.14041680037684828,0.14041680037684828,1083
postal_code_P4N,0.14040771700233615,0.14040771700233615,1084
postal_code_K5H,0.1402663084153685,0.1402663084153685,1085
witness_present_No,0.14024997443513826,0.14024997443513826,1086
postal_code_H3W,0.13892480302746324,0.13892480302746324,1087
postal_code_M8V,-0.13831888528276062,0.13831888528276062,1088
postal_code_G6L,0.138318687036952,0.138318687036952,1089
postal_code_N5C,0.13804962721931202,0.13804962721931202,1090
postal_code_H4W,0.13775033624959102,0.13775033624959102,1091
postal_code_K6B,-0.13756658004680453,0.13756658004680453,1092
postal_code_L1M,-0.13706924131442016,0.13706924131442016,1093
postal_code_B1U,-0.1369875246352077,0.1369875246352077,1094
postal_code_K6A,-0.13652996860518668,0.13652996860518668,1095
postal_code_G6A,-0.13637700015304138,0.13637700015304138,1096
postal_code_N6X,-0.13604285861914192,0.13604285861914192,1097
postal_code_M1C,0.13600559413648997,0.13600559413648997,1098
postal_code_S8B,-0.13530162335770965,0.13530162335770965,1099
postal_code_K2M,0.13513750829481214,0.13513750829481214,1100
postal_code_L6A,0.13466678402513335,0.13466678402513335,1101
postal_code_S2X,-0.13315354714062533,0.13315354714062533,1102
postal_code_R3Y,0.13315289853200135,0.13315289853200135,1103
postal_code_M7B,-0.1330436328903664,0.1330436328903664,1104
postal_code_E1F,0.13235789347049165,0.13235789347049165,1105
postal_code_H4Z,-0.1322142599178117,0.1322142599178117,1106
postal_code_E3P,0.13185864823257148,0.13185864823257148,1107
postal_code_J1F,0.13089168322977998,0.13089168322977998,1108
postal_code_R4L,0.13082607807684946,0.13082607807684946,1109
postal_code_P3I,-0.13075081127580213,0.13075081127580213,1110
postal_code_N8N,-0.129878059195411,0.129878059195411,1111
postal_code_N1E,0.12941772408613764,0.12941772408613764,1112
postal_code_K1V,-0.12922530418495207,0.12922530418495207,1113
postal_code_G1C,0.12878681609259388,0.12878681609259388,1114
postal_code_J4W,-0.12850159995077837,0.12850159995077837,1115
postal_code_H4V,-0.12820336386842326,0.12820336386842326,1116
postal_code_K7Z,0.12785544650032166,0.12785544650032166,1117
postal_code_P3E,0.12746782950790544,0.12746782950790544,1118
postal_code_T2P,-0.12740970682305286,0.12740970682305286,1119
postal_code_V3E,0.1273567755830262,0.1273567755830262,1120
postal_code_L6T,-0.12686605459845646,0.12686605459845646,1121
postal_code_L2E,-0.12656065848799702,0.12656065848799702,1122
postal_code_H1K,-0.1262443952814905,0.1262443952814905,1123
postal_code_G2O,-0.12623266528446261,0.12623266528446261,1124
postal_code_T4D,-0.12400912278096342,0.12400912278096342,1125
postal_code_K7B,-0.12331544589791998,0.12331544589791998,1126
postal_code_R8W,-0.12306583067419327,0.12306583067419327,1127
postal_code_L6D,-0.12302383934882856,0.12302383934882856,1128
postal_code_A3G,0.12279196571240045,0.12279196571240045,1129
postal_code_V8D,-0.12145389137639791,0.12145389137639791,1130
postal_code_G1H,-0.12140356177994172,0.12140356177994172,1131
postal_code_T9V,-0.12133951742281232,0.12133951742281232,1132
postal_code_V9L,0.12132977383965553,0.12132977383965553,1133
postal_code_T4V,0.12130858398328584,0.12130858398328584,1134
postal_code_N8O,-0.12111473949379661,0.12111473949379661,1135
postal_code_K6U,-0.12100820922962487,0.12100820922962487,1136
postal_code_C1U,0.12075867520999051,0.12075867520999051,1137
postal_code_L5M,-0.12054721230160836,0.12054721230160836,1138
postal_code_V5A,-0.120238809739605,0.120238809739605,1139
postal_code_G3F,0.1200935564671802,0.1200935564671802,1140
vehicle_value,-0.11963498190854518,0.11963498190854518,1141
postal_code_K5J,0.11959608453972669,0.11959608453972669,1142
postal_code_N2T,-0.11798172690909661,0.11798172690909661,1143
postal_code_R8C,-0.11788894508874624,0.11788894508874624,1144
postal_code_G9V,-0.11768929006319642,0.11768929006319642,1145
vehicle_brand_Hyundai,-0.11756154412736426,0.11756154412736426,1146
postal_code_R3X,0.11736138306453879,0.11736138306453879,1147
vehicle_brand_BMW,-0.11718093803091037,0.11718093803091037,1148
postal_code_N5F,-0.11575892714568514,0.11575892714568514,1149
postal_code_P5R,-0.11570432715697151,0.11570432715697151,1150
postal_code_L6C,0.11515296256009264,0.11515296256009264,1151
postal_code_T2D,0.11507784439526055,0.11507784439526055,1152
postal_code_T5R,0.11479318029047397,0.11479318029047397,1153
postal_code_P9V,-0.114359682992039,0.114359682992039,1154
postal_code_L6E,0.11421838789410865,0.11421838789410865,1155
postal_code_S6G,-0.11354345281933481,0.11354345281933481,1156
postal_code_R8B,0.11337325985112587,0.11337325985112587,1157
province_BC,0.11335477049856517,0.11335477049856517,1158
postal_code_G5P,-0.11230617055075696,0.11230617055075696,1159
postal_code_E6Y,0.11227401780172809,0.11227401780172809,1160
postal_code_H4F,0.11218657207559575,0.11218657207559575,1161
postal_code_P3V,-0.11164857023091788,0.11164857023091788,1162
postal_code_H5N,-0.11156581557332691,0.11156581557332691,1163
postal_code_L9R,-0.11156142691899026,0.11156142691899026,1164
postal_code_M3T,-0.11074753970062491,0.11074753970062491,1165
postal_code_P4J,0.11014891660395254,0.11014891660395254,1166
postal_code_R7U,-0.10965126528838984,0.10965126528838984,1167
postal_code_N9I,-0.10862666555004656,0.10862666555004656,1168
postal_code_L8R,-0.10834354818918761,0.10834354818918761,1169
postal_code_P9W,-0.10828644554823692,0.10828644554823692,1170
postal_code_G4G,0.10828456304138342,0.10828456304138342,1171
postal_code_S6F,0.10826054526017859,0.10826054526017859,1172
postal_code_M9S,0.10809056023685339,0.10809056023685339,1173
province_PE,-0.10622768812166015,0.10622768812166015,1174
postal_code_L9I,-0.10620595042517217,0.10620595042517217,1175
postal_code_M6A,-0.1058685403089909,0.1058685403089909,1176
postal_code_K5V,-0.10546129755505701,0.10546129755505701,1177
vehicle_brand_Chevrolet,0.10463763905050412,0.10463763905050412,1178
postal_code_N5V,0.10437675532121432,0.10437675532121432,1179
postal_code_K3F,-0.10421308809941937,0.10421308809941937,1180
postal_code_P1Z,-0.10374962101814814,0.10374962101814814,1181
postal_code_V4F,-0.10328574738528347,0.10328574738528347,1182
postal_code_L4R,0.10305322224590255,0.10305322224590255,1183
postal_code_N2O,0.1008839423693152,0.1008839423693152,1184
postal_code_L1C,0.10083977843120977,0.10083977843120977,1185
postal_code_V4Z,-0.10061799437558899,0.10061799437558899,1186
postal_code_B9L,-0.10000672429573934,0.10000672429573934,1187
postal_code_V1Z,0.09991619054147366,0.09991619054147366,1188
vehicle_brand_Ford,-0.09988654130721426,0.09988654130721426,1189
postal_code_J4E,-0.09981432206304014,0.09981432206304014,1190
postal_code_G8T,-0.0997615037508793,0.0997615037508793,1191
postal_code_B2G,0.09956894554854788,0.09956894554854788,1192
postal_code_R4B,0.09909781418713894,0.09909781418713894,1193
postal_code_T9H,0.09848230726205894,0.09848230726205894,1194
postal_code_J7R,0.09809275795205835,0.09809275795205835,1195
postal_code_A2B,0.09793566164023956,0.09793566164023956,1196
postal_code_H6N,0.09758556121482345,0.09758556121482345,1197
postal_code_T7P,-0.09757100379427244,0.09757100379427244,1198
postal_code_L2W,-0.0974101782457244,0.0974101782457244,1199
postal_code_J3M,0.09721076378133864,0.09721076378133864,1200
province_QC,0.0971742385616479,0.0971742385616479,1201
postal_code_M5V,0.09692066606372644,0.09692066606372644,1202
postal_code_T2F,0.09643782007530467,0.09643782007530467,1203
postal_code_V7E,0.09603476082715824,0.09603476082715824,1204
postal_code_V9D,-0.09561414595749339,0.09561414595749339,1205
postal_code_M5B,0.09336126584364626,0.09336126584364626,1206
postal_code_K8O,-0.09323537800907003,0.09323537800907003,1207
postal_code_T8U,0.09285165408545068,0.09285165408545068,1208
postal_code_J1V,-0.09284506056218493,0.09284506056218493,1209
postal_code_E7Y,-0.09274571182635596,0.09274571182635596,1210
postal_code_K4A,0.09229162167899956,0.09229162167899956,1211
postal_code_T7G,-0.09117816963639352,0.09117816963639352,1212
postal_code_N7P,0.09096134430555526,0.09096134430555526,1213
postal_code_G9C,0.09086962848831902,0.09086962848831902,1214
postal_code_R3K,-0.09064426933304608,0.09064426933304608,1215
postal_code_H9K,0.09024670940159048,0.09024670940159048,1216
postal_code_P5N,0.09021388203757226,0.09021388203757226,1217
postal_code_B4E,0.08945346591416217,0.08945346591416217,1218
postal_code_K7K,-0.08868336038720898,0.08868336038720898,1219
postal_code_K4G,-0.08823919717004111,0.08823919717004111,1220
postal_code_G1I,-0.08820220061520442,0.08820220061520442,1221
postal_code_M5Y,-0.08818999719651531,0.08818999719651531,1222
postal_code_N4C,-0.08813504914713824,0.08813504914713824,1223
vehicle_brand_Toyota,-0.08776056247610017,0.08776056247610017,1224
postal_code_M9V,-0.08705070352553979,0.08705070352553979,1225
postal_code_K2V,0.08664724747276867,0.08664724747276867,1226
postal_code_V6Y,-0.08661218724838375,0.08661218724838375,1227
postal_code_K4E,-0.08534075571241252,0.08534075571241252,1228
postal_code_T8Q,0.08504425364686047,0.08504425364686047,1229
postal_code_G9Q,-0.08462733544135617,0.08462733544135617,1230
postal_code_M5M,0.08454408604797192,0.08454408604797192,1231
postal_code_R5Q,-0.08412220693438231,0.08412220693438231,1232
postal_code_H9D,-0.08315166603569106,0.08315166603569106,1233
postal_code_P8D,-0.08260628769060956,0.08260628769060956,1234
postal_code_K1R,0.08259079644430349,0.08259079644430349,1235
postal_code_J8H,-0.08224117961608132,0.08224117961608132,1236
postal_code_C5Z,-0.08223444705098365,0.08223444705098365,1237
postal_code_T3G,-0.08212823489411238,0.08212823489411238,1238
postal_code_K1C,-0.08181344891764256,0.08181344891764256,1239
postal_code_C7Y,-0.08129118552830893,0.08129118552830893,1240
postal_code_L1K,0.0812508776683015,0.0812508776683015,1241
postal_code_G9X,-0.08111072573433538,0.08111072573433538,1242
postal_code_T6Z,0.07984484525296788,0.07984484525296788,1243
postal_code_N6K,0.07974203437128406,0.07974203437128406,1244
postal_code_R8R,0.07969257481596347,0.07969257481596347,1245
postal_code_P3D,0.0792487883456807,0.0792487883456807,1246
postal_code_T2K,-0.07903994829568747,0.07903994829568747,1247
postal_code_G2F,0.07818018200520627,0.07818018200520627,1248
postal_code_H8G,-0.07816758876653566,0.07816758876653566,1249
postal_code_L1R,-0.07753876124478887,0.07753876124478887,1250
postal_code_R7B,0.07711305865377947,0.07711305865377947,1251
vehicle_brand_Mercedes,-0.07652469599251334,0.07652469599251334,1252
postal_code_S2E,-0.07605673090118761,0.07605673090118761,1253
postal_code_H8H,0.07551120851695713,0.07551120851695713,1254
vehicle_brand_Honda,0.07452365441263359,0.07452365441263359,1255
postal_code_J2J,0.07362833845132076,0.07362833845132076,1256
postal_code_P9T,-0.0735052468732036,0.0735052468732036,1257
postal_code_N5E,-0.07341927078745693,0.07341927078745693,1258
postal_code_S9A,-0.07328351122123318,0.07328351122123318,1259
postal_code_A6Q,-0.07257668860666694,0.07257668860666694,1260
postal_code_K5C,-0.07162618288928872,0.07162618288928872,1261
postal_code_T4T,-0.07085202300678858,0.07085202300678858,1262
province_NL,-0.07080433114766128,0.07080433114766128,1263
postal_code_G5A,-0.0705041542836848,0.0705041542836848,1264
postal_code_P1A,-0.07023234771572574,0.07023234771572574,1265
postal_code_H4Y,0.06987741878874205,0.06987741878874205,1266
postal_code_J2H,-0.06928889147406851,0.06928889147406851,1267
postal_code_G5C,0.06851551797490109,0.06851551797490109,1268
postal_code_G4N,0.06814420284364622,0.06814420284364622,1269
postal_code_P8P,0.0679225238861448,0.0679225238861448,1270
postal_code_H2N,0.06790926962514765,0.06790926962514765,1271
postal_code_J7X,-0.06780266265907339,0.06780266265907339,1272
postal_code_H6Q,-0.06753437739347559,0.06753437739347559,1273
postal_code_J2V,0.0673066270110246,0.0673066270110246,1274
postal_code_E6U,-0.0671963414231849,0.0671963414231849,1275
postal_code_P1D,0.06681459977810796,0.06681459977810796,1276
postal_code_R8U,-0.06660299840012202,0.06660299840012202,1277
postal_code_M4U,0.06647563231921676,0.06647563231921676,1278
postal_code_R5J,-0.06595542538374524,0.06595542538374524,1279
postal_code_M6X,0.0646834223356834,0.0646834223356834,1280
postal_code_R3D,-0.06453307321794659,0.06453307321794659,1281
postal_code_B4T,0.06323613783501635,0.06323613783501635,1282
postal_code_V9U,-0.06195945106347711,0.06195945106347711,1283
postal_code_V4B,-0.0613519257040255,0.0613519257040255,1284
postal_code_T1X,-0.06107791328206499,0.06107791328206499,1285
postal_code_P6J,-0.06031025744594687,0.06031025744594687,1286
postal_code_T3W,0.06023462116502283,0.06023462116502283,1287
postal_code_L2D,-0.05984577672738684,0.05984577672738684,1288
postal_code_J7L,-0.059676301751633284,0.059676301751633284,1289
postal_code_L2P,0.0594592500427125,0.0594592500427125,1290
postal_code_B8D,-0.058992845268674175,0.058992845268674175,1291
postal_code_J1P,-0.05813855243764232,0.05813855243764232,1292
postal_code_A1Q,0.05805569818040678,0.05805569818040678,1293
postal_code_M3E,0.057875106475594795,0.057875106475594795,1294
postal_code_L8K,0.057426995071166734,0.057426995071166734,1295
postal_code_L7V,-0.05703709164605378,0.05703709164605378,1296
postal_code_R8A,0.056682744505250786,0.056682744505250786,1297
postal_code_T1H,0.05656443335994808,0.05656443335994808,1298
postal_code_M2I,0.05654865219725793,0.05654865219725793,1299
province_AB,-0.05638727237726622,0.05638727237726622,1300
postal_code_L4T,0.05602332562451693,0.05602332562451693,1301
postal_code_A1Z,0.055980197381106434,0.055980197381106434,1302
postal_code_M2B,-0.055635959700667634,0.055635959700667634,1303
postal_code_G1D,-0.05555632525247424,0.05555632525247424,1304
postal_code_M4X,-0.05539447512188456,0.05539447512188456,1305
postal_code_P7K,0.055355038328846945,0.055355038328846945,1306
postal_code_N9V,0.054915620154785176,0.054915620154785176,1307
postal_code_G9S,-0.05474760298422673,0.05474760298422673,1308
postal_code_L6U,-0.05426582630692414,0.05426582630692414,1309
postal_code_P7C,-0.05405391602243035,0.05405391602243035,1310
postal_code_M8U,-0.05393765912711905,0.05393765912711905,1311
vehicle_use_Business,0.05305940115726767,0.05305940115726767,1312
postal_code_T8M,0.05287079882256736,0.05287079882256736,1313
postal_code_H9A,0.052141051501162966,0.052141051501162966,1314
postal_code_J4J,0.052045454404748094,0.052045454404748094,1315
postal_code_P3K,0.051962404524046005,0.051962404524046005,1316
postal_code_V5E,-0.051545782698269954,0.051545782698269954,1317
postal_code_P5D,0.05129641065877611,0.05129641065877611,1318
postal_code_H1F,0.05107214509299798,0.05107214509299798,1319
postal_code_H7B,0.05101396330135535,0.05101396330135535,1320
postal_code_L8P,-0.050969540210550016,0.050969540210550016,1321
postal_code_V2I,0.05085171413925512,0.05085171413925512,1322
postal_code_V6M,-0.05025511768506157,0.05025511768506157,1323
postal_code_T3K,-0.050082982102608115,0.050082982102608115,1324
postal_code_A7A,-0.050030449414656425,0.050030449414656425,1325
postal_code_G8H,-0.04955243245317522,0.04955243245317522,1326
vehicle_brand_Tesla,0.048646650193453427,0.048646650193453427,1327
postal_code_T3E,0.04778190790655916,0.04778190790655916,1328
postal_code_B8R,0.04756929490702894,0.04756929490702894,1329
postal_code_B1R,0.04741720620111706,0.04741720620111706,1330
postal_code_H7Y,-0.046747672725851015,0.046747672725851015,1331
postal_code_G6O,-0.04613982210853023,0.04613982210853023,1332
postal_code_E1Z,0.04584474865329625,0.04584474865329625,1333
postal_code_H1W,-0.045421685724478814,0.045421685724478814,1334
postal_code_N4H,-0.04524168236600783,0.04524168236600783,1335
postal_code_L5I,0.04515036182880906,0.04515036182880906,1336
postal_code_N3N,-0.044346729679061586,0.044346729679061586,1337
postal_code_L8L,0.044346378604000536,0.044346378604000536,1338
postal_code_V7L,0.04423909532250807,0.04423909532250807,1339
postal_code_L5R,-0.0441507862065348,0.0441507862065348,1340
postal_code_V5F,0.0422758245452834,0.0422758245452834,1341
postal_code_M5F,-0.04221086324492533,0.04221086324492533,1342
postal_code_L9X,-0.04212076804208865,0.04212076804208865,1343
postal_code_R3T,-0.04172787971399674,0.04172787971399674,1344
postal_code_R4W,0.04124172631185037,0.04124172631185037,1345
postal_code_K7C,-0.040830205146816095,0.040830205146816095,1346
postal_code_V8K,-0.040571570493556586,0.040571570493556586,1347
postal_code_K5X,-0.03985252476703581,0.03985252476703581,1348
postal_code_G5Y,-0.0398226854243075,0.0398226854243075,1349
postal_code_V7H,0.03977553861628521,0.03977553861628521,1350
postal_code_K8Q,-0.03935360904126447,0.03935360904126447,1351
postal_code_N2R,-0.03775769652168424,0.03775769652168424,1352
postal_code_C5N,-0.03769572400780159,0.03769572400780159,1353
postal_code_P1I,0.03767748396702236,0.03767748396702236,1354
postal_code_M8D,-0.0376333715925945,0.0376333715925945,1355
postal_code_J6H,-0.037609671191896246,0.037609671191896246,1356
postal_code_V6T,-0.037517478577373635,0.037517478577373635,1357
postal_code_K9L,0.037225418640247615,0.037225418640247615,1358
postal_code_S2I,-0.037203783754203794,0.037203783754203794,1359
postal_code_H8X,0.037192867969174696,0.037192867969174696,1360
postal_code_K9V,0.0370014881852431,0.0370014881852431,1361
postal_code_E6L,0.036984725630263754,0.036984725630263754,1362
postal_code_J6R,-0.036155244666551296,0.036155244666551296,1363
postal_code_T6M,-0.03613787004273097,0.03613787004273097,1364
vehicle_brand_Nissan,0.036108804313515215,0.036108804313515215,1365
postal_code_R3R,-0.03593814807998976,0.03593814807998976,1366
postal_code_N8S,-0.035692677554609656,0.035692677554609656,1367
postal_code_G4D,-0.03558224974416126,0.03558224974416126,1368
postal_code_K3Z,0.03480148243108171,0.03480148243108171,1369
postal_code_E6F,0.034468121884415316,0.034468121884415316,1370
postal_code_R8K,0.03414328826435856,0.03414328826435856,1371
postal_code_L5U,-0.03385580597808873,0.03385580597808873,1372
postal_code_H1N,-0.03366033420620109,0.03366033420620109,1373
postal_code_N7Y,0.033520001077838944,0.033520001077838944,1374
postal_code_V3O,-0.0334033872907907,0.0334033872907907,1375
postal_code_T5N,-0.033242387608758646,0.033242387608758646,1376
postal_code_V5Y,0.033002104746699575,0.033002104746699575,1377
postal_code_G6H,0.032341175094337184,0.032341175094337184,1378
postal_code_T5M,-0.03217142839287214,0.03217142839287214,1379
postal_code_B7C,-0.03198682729483347,0.03198682729483347,1380
postal_code_V4Y,0.03146400550605929,0.03146400550605929,1381
postal_code_R1O,-0.031080895442844616,0.031080895442844616,1382
postal_code_R4D,-0.030991810396870264,0.030991810396870264,1383
postal_code_G1B,-0.030952645789998536,0.030952645789998536,1384
postal_code_A7C,-0.02960842949536908,0.02960842949536908,1385
postal_code_N3X,0.029468891762810118,0.029468891762810118,1386
postal_code_S7T,-0.029368745144243966,0.029368745144243966,1387
postal_code_K9K,0.02903989944815283,0.02903989944815283,1388
postal_code_K2O,-0.029000618176372915,0.029000618176372915,1389
vehicle_age,0.028730645678014845,0.028730645678014845,1390
postal_code_C9P,0.028449557286362257,0.028449557286362257,1391
postal_code_M9H,-0.028191739270243116,0.028191739270243116,1392
postal_code_N3J,0.027725307661172142,0.027725307661172142,1393
postal_code_J4P,0.026725695365433594,0.026725695365433594,1394
postal_code_K4S,-0.025915848600337407,0.025915848600337407,1395
postal_code_M2G,-0.023557774976921346,0.023557774976921346,1396
postal_code_T1B,-0.02324361333633932,0.02324361333633932,1397
postal_code_K8P,-0.022861111755756232,0.022861111755756232,1398
postal_code_T3V,0.022517463628419783,0.022517463628419783,1399
postal_code_N1O,-0.02240651652270503,0.02240651652270503,1400
postal_code_M2Z,0.022043888414507214,0.022043888414507214,1401
postal_code_H2T,-0.02175906590701355,0.02175906590701355,1402
postal_code_J4B,-0.02162888718399839,0.02162888718399839,1403
postal_code_S1N,0.021406926543422536,0.021406926543422536,1404
postal_code_V2D,0.02135827701108037,0.02135827701108037,1405
postal_code_V9M,0.020624530064322185,0.020624530064322185,1406
postal_code_K4H,0.02029590646200257,0.02029590646200257,1407
postal_code_N4L,0.02009171899234125,0.02009171899234125,1408
postal_code_K1G,0.019681194237278158,0.019681194237278158,1409
postal_code_N9N,0.01936149204667999,0.01936149204667999,1410
postal_code_J2C,0.01914061272558931,0.01914061272558931,1411
postal_code_P6E,0.019063712435635056,0.019063712435635056,1412
province_NB,0.018904253564192265,0.018904253564192265,1413
postal_code_V2H,-0.018692362779388946,0.018692362779388946,1414
policy_tenure_months,-0.018393097852234634,0.018393097852234634,1415
postal_code_P2G,-0.01806573834251904,0.01806573834251904,1416
postal_code_K9W,-0.01784140988779234,0.01784140988779234,1417
postal_code_P9P,0.017748240532425512,0.017748240532425512,1418
postal_code_L2H,0.017631869047188622,0.017631869047188622,1419
postal_code_L3K,-0.017450631751630124,0.017450631751630124,1420
postal_code_G6T,-0.017424980779576976,0.017424980779576976,1421
postal_code_T6D,0.017223800853042374,0.017223800853042374,1422
postal_code_T8D,-0.01722037905662393,0.01722037905662393,1423
postal_code_K2L,0.01714792392964321,0.01714792392964321,1424
postal_code_J3I,0.016968388997395882,0.016968388997395882,1425
postal_code_M4W,0.01594086858241391,0.01594086858241391,1426
postal_code_S5C,-0.01588528113519685,0.01588528113519685,1427
vehicle_brand_Kia,0.015189496045599387,0.015189496045599387,1428
postal_code_S2N,0.01480677336829249,0.01480677336829249,1429
postal_code_A9K,-0.01402328469858054,0.01402328469858054,1430
postal_code_S9P,-0.013912322035055451,0.013912322035055451,1431
postal_code_E8Y,-0.013758675871322441,0.013758675871322441,1432
postal_code_J9X,0.013400281904320415,0.013400281904320415,1433
postal_code_H4U,-0.012705709047774951,0.012705709047774951,1434
postal_code_T5L,0.01269318081472447,0.01269318081472447,1435
postal_code_L8A,-0.012102887799005804,0.012102887799005804,1436
postal_code_T7L,0.011828421398277455,0.011828421398277455,1437
employment_status_Employed,-0.011335484082915263,0.011335484082915263,1438
gender_Male,0.011199848502658795,0.011199848502658795,1439
postal_code_K2B,-0.010803945786533738,0.010803945786533738,1440
police_report_filed_No,0.01036640035238265,0.01036640035238265,1441
postal_code_K7F,-0.010231012422239984,0.010231012422239984,1442
postal_code_P3O,-0.009976658824566784,0.009976658824566784,1443
postal_code_L3E,-0.009569084777306934,0.009569084777306934,1444
postal_code_L4X,-0.009225137331116254,0.009225137331116254,1445
postal_code_V7C,-0.009193884005126229,0.009193884005126229,1446
postal_code_V7F,-0.009061680495534371,0.009061680495534371,1447
postal_code_R1F,-0.00823749266650485,0.00823749266650485,1448
province_NS,0.007866735850895215,0.007866735850895215,1449
postal_code_L8V,0.007654047922114751,0.007654047922114751,1450
postal_code_H9T,0.006829567194415749,0.006829567194415749,1451
postal_code_K4I,0.006332888119969638,0.006332888119969638,1452
postal_code_L1A,-0.0063122306400023,0.0063122306400023,1453
postal_code_H6Z,0.006075011831990499,0.006075011831990499,1454
postal_code_E4M,0.006027442739429229,0.006027442739429229,1455
postal_code_G3Y,-0.004564275532046814,0.004564275532046814,1456
gender_Female,-0.00443757042236754,0.00443757042236754,1457
postal_code_J9E,-0.0036993661702379053,0.0036993661702379053,1458
postal_code_G5D,-0.0036201624971598937,0.0036201624971598937,1459
postal_code_P7S,-0.003256065531748972,0.003256065531748972,1460
postal_code_K9J,0.00284517572270447,0.00284517572270447,1461
postal_code_G3D,-0.002221583654592438,0.002221583654592438,1462
postal_code_K7X,0.0019502524505342657,0.0019502524505342657,1463
postal_code_L8B,0.0017707080939366384,0.0017707080939366384,1464
postal_code_J5H,0.0016400223088165469,0.0016400223088165469,1465
postal_code_K2A,0.001357648338648451,0.001357648338648451,1466
postal_code_G5E,0.001142503752429023,0.001142503752429023,1467
postal_code_C9L,0.0011389054302119383,0.0011389054302119383,1468
postal_code_K6X,0.00011021666020934764,0.00011021666020934764,1469
postal_code_K4Q,-1.8932292502181853e-05,1.8932292502181853e-05,1470
postal_code_S1X,0.0,0.0,1471
postal_code_S1K,0.0,0.0,1472
postal_code_S1V,0.0,0.0,1473
postal_code_B6R,0.0,0.0,1474
postal_code_R5Y,0.0,0.0,1475
postal_code_B6S,0.0,0.0,1476
postal_code_R5Z,0.0,0.0,1477
postal_code_B8B,0.0,0.0,1478
postal_code_R6B,0.0,0.0,1479
postal_code_R6C,0.0,0.0,1480
postal_code_B8A,0.0,0.0,1481
postal_code_S1S,0.0,0.0,1482
postal_code_R6P,0.0,0.0,1483
postal_code_B6T,0.0,0.0,1484
postal_code_R6O,0.0,0.0,1485
postal_code_R6Q,0.0,0.0,1486
postal_code_S1P,0.0,0.0,1487
postal_code_B7Z,0.0,0.0,1488
postal_code_R6I,0.0,0.0,1489
postal_code_R6J,0.0,0.0,1490
postal_code_B7Y,0.0,0.0,1491
postal_code_B7X,0.0,0.0,1492
postal_code_R6M,0.0,0.0,1493
postal_code_B7W,0.0,0.0,1494
postal_code_S1Y,0.0,0.0,1495
postal_code_S1O,0.0,0.0,1496
postal_code_R6G,0.0,0.0,1497
postal_code_R8Z,0.0,0.0,1498
postal_code_S1I,0.0,0.0,1499
postal_code_R7X,0.0,0.0,1500
postal_code_R9J,0.0,0.0,1501
postal_code_S2K,0.0,0.0,1502
postal_code_R9K,0.0,0.0,1503
postal_code_S2C,0.0,0.0,1504
postal_code_S2L,0.0,0.0,1505
postal_code_R9M,0.0,0.0,1506
postal_code_R9N,0.0,0.0,1507
postal_code_R8J,0.0,0.0,1508
postal_code_R8I,0.0,0.0,1509
postal_code_R9O,0.0,0.0,1510
postal_code_S2M,0.0,0.0,1511
postal_code_R8G,0.0,0.0,1512
postal_code_R9P,0.0,0.0,1513
postal_code_R8F,0.0,0.0,1514
postal_code_B7D,0.0,0.0,1515
postal_code_S2B,0.0,0.0,1516
postal_code_R9Q,0.0,0.0,1517
postal_code_R9R,0.0,0.0,1518
postal_code_R9S,0.0,0.0,1519
postal_code_R9I,0.0,0.0,1520
postal_code_R8M,0.0,0.0,1521
postal_code_R8N,0.0,0.0,1522
postal_code_R5X,0.0,0.0,1523
postal_code_B7B,0.0,0.0,1524
postal_code_R8X,0.0,0.0,1525
postal_code_B6Y,0.0,0.0,1526
postal_code_R9D,0.0,0.0,1527
postal_code_S2F,0.0,0.0,1528
postal_code_R9E,0.0,0.0,1529
postal_code_B6X,0.0,0.0,1530
postal_code_R9G,0.0,0.0,1531
postal_code_S2G,0.0,0.0,1532
postal_code_R8O,0.0,0.0,1533
postal_code_R8V,0.0,0.0,1534
postal_code_R8T,0.0,0.0,1535
postal_code_S2D,0.0,0.0,1536
postal_code_R8S,0.0,0.0,1537
postal_code_S2H,0.0,0.0,1538
postal_code_R8Q,0.0,0.0,1539
postal_code_R9H,0.0,0.0,1540
postal_code_R8P,0.0,0.0,1541
postal_code_B7E,0.0,0.0,1542
postal_code_S2O,0.0,0.0,1543
postal_code_S1H,0.0,0.0,1544
postal_code_R7W,0.0,0.0,1545
postal_code_B7M,0.0,0.0,1546
postal_code_R7G,0.0,0.0,1547
postal_code_S2R,0.0,0.0,1548
postal_code_R7F,0.0,0.0,1549
postal_code_R9A,0.0,0.0,1550
postal_code_R7D,0.0,0.0,1551
postal_code_B7N,0.0,0.0,1552
postal_code_B7O,0.0,0.0,1553
postal_code_S1E,0.0,0.0,1554
postal_code_R6Z,0.0,0.0,1555
postal_code_R6X,0.0,0.0,1556
postal_code_B7P,0.0,0.0,1557
postal_code_R6U,0.0,0.0,1558
postal_code_B7T,0.0,0.0,1559
postal_code_R6S,0.0,0.0,1560
postal_code_S1F,0.0,0.0,1561
postal_code_S1G,0.0,0.0,1562
postal_code_S2S,0.0,0.0,1563
postal_code_R6R,0.0,0.0,1564
postal_code_R7I,0.0,0.0,1565
postal_code_R7J,0.0,0.0,1566
postal_code_B6U,0.0,0.0,1567
postal_code_S2A,0.0,0.0,1568
postal_code_R9T,0.0,0.0,1569
postal_code_B7F,0.0,0.0,1570
postal_code_R7T,0.0,0.0,1571
postal_code_R7R,0.0,0.0,1572
postal_code_B7G,0.0,0.0,1573
postal_code_R9U,0.0,0.0,1574
postal_code_B7H,0.0,0.0,1575
postal_code_B6Q,0.0,0.0,1576
postal_code_S2Q,0.0,0.0,1577
postal_code_R7K,0.0,0.0,1578
postal_code_S1Z,0.0,0.0,1579
postal_code_R9Y,0.0,0.0,1580
postal_code_R7N,0.0,0.0,1581
postal_code_R9Z,0.0,0.0,1582
postal_code_B6V,0.0,0.0,1583
postal_code_S1C,0.0,0.0,1584
postal_code_B7I,0.0,0.0,1585
postal_code_B7L,0.0,0.0,1586
postal_code_R7E,0.0,0.0,1587
postal_code_R2J,0.0,0.0,1588
postal_code_R5W,0.0,0.0,1589
postal_code_C2T,0.0,0.0,1590
postal_code_P7O,0.0,0.0,1591
postal_code_C1N,0.0,0.0,1592
postal_code_C1R,0.0,0.0,1593
postal_code_P7J,0.0,0.0,1594
postal_code_C1W,0.0,0.0,1595
postal_code_P7H,0.0,0.0,1596
postal_code_P7G,0.0,0.0,1597
postal_code_C1Z,0.0,0.0,1598
postal_code_P7D,0.0,0.0,1599
postal_code_P7B,0.0,0.0,1600
postal_code_C2A,0.0,0.0,1601
postal_code_P6Z,0.0,0.0,1602
postal_code_C2C,0.0,0.0,1603
postal_code_P6W,0.0,0.0,1604
postal_code_C2E,0.0,0.0,1605
postal_code_C2J,0.0,0.0,1606
postal_code_P6T,0.0,0.0,1607
postal_code_P6S,0.0,0.0,1608
postal_code_C2L,0.0,0.0,1609
postal_code_C2M,0.0,0.0,1610
postal_code_P6O,0.0,0.0,1611
postal_code_C2N,0.0,0.0,1612
postal_code_P6M,0.0,0.0,1613
postal_code_P6L,0.0,0.0,1614
postal_code_P6K,0.0,0.0,1615
postal_code_P6I,0.0,0.0,1616
postal_code_C2O,0.0,0.0,1617
postal_code_P7P,0.0,0.0,1618
postal_code_C1M,0.0,0.0,1619
postal_code_P7R,0.0,0.0,1620
postal_code_P8J,0.0,0.0,1621
postal_code_P8X,0.0,0.0,1622
postal_code_B9V,0.0,0.0,1623
postal_code_P8V,0.0,0.0,1624
postal_code_P8U,0.0,0.0,1625
postal_code_P8T,0.0,0.0,1626
postal_code_B9W,0.0,0.0,1627
postal_code_B9Z,0.0,0.0,1628
postal_code_P8O,0.0,0.0,1629
postal_code_P8N,0.0,0.0,1630
postal_code_P8M,0.0,0.0,1631
postal_code_P8L,0.0,0.0,1632
postal_code_C1A,0.0,0.0,1633
postal_code_P8I,0.0,0.0,1634
postal_code_P7T,0.0,0.0,1635
postal_code_P8H,0.0,0.0,1636
postal_code_C1B,0.0,0.0,1637
postal_code_C1E,0.0,0.0,1638
postal_code_C1G,0.0,0.0,1639
postal_code_P8C,0.0,0.0,1640
postal_code_P8A,0.0,0.0,1641
postal_code_C1J,0.0,0.0,1642
postal_code_C1L,0.0,0.0,1643
postal_code_P7X,0.0,0.0,1644
postal_code_P7W,0.0,0.0,1645
postal_code_P7V,0.0,0.0,1646
postal_code_P7U,0.0,0.0,1647
postal_code_C2Q,0.0,0.0,1648
postal_code_C2W,0.0,0.0,1649
postal_code_B9U,0.0,0.0,1650
postal_code_P6C,0.0,0.0,1651
postal_code_P4U,0.0,0.0,1652
postal_code_C4B,0.0,0.0,1653
postal_code_P4R,0.0,0.0,1654
postal_code_P4Q,0.0,0.0,1655
postal_code_C4E,0.0,0.0,1656
postal_code_P4M,0.0,0.0,1657
postal_code_P4K,0.0,0.0,1658
postal_code_P4I,0.0,0.0,1659
postal_code_C4P,0.0,0.0,1660
postal_code_C4Q,0.0,0.0,1661
postal_code_C4T,0.0,0.0,1662
postal_code_C5C,0.0,0.0,1663
postal_code_P4B,0.0,0.0,1664
postal_code_C5E,0.0,0.0,1665
postal_code_P3Z,0.0,0.0,1666
postal_code_P3Y,0.0,0.0,1667
postal_code_P3X,0.0,0.0,1668
postal_code_C5G,0.0,0.0,1669
postal_code_P3U,0.0,0.0,1670
postal_code_P3T,0.0,0.0,1671
postal_code_C5M,0.0,0.0,1672
postal_code_P3R,0.0,0.0,1673
postal_code_P3Q,0.0,0.0,1674
postal_code_P3P,0.0,0.0,1675
postal_code_P3N,0.0,0.0,1676
postal_code_P3J,0.0,0.0,1677
postal_code_P3H,0.0,0.0,1678
postal_code_P4V,0.0,0.0,1679
postal_code_C3Z,0.0,0.0,1680
postal_code_C3Y,0.0,0.0,1681
postal_code_P5O,0.0,0.0,1682
postal_code_P6B,0.0,0.0,1683
postal_code_P6A,0.0,0.0,1684
postal_code_C3A,0.0,0.0,1685
postal_code_C3B,0.0,0.0,1686
postal_code_P5X,0.0,0.0,1687
postal_code_C3E,0.0,0.0,1688
postal_code_C3G,0.0,0.0,1689
postal_code_P5U,0.0,0.0,1690
postal_code_P5T,0.0,0.0,1691
postal_code_C3H,0.0,0.0,1692
postal_code_C3I,0.0,0.0,1693
postal_code_P5P,0.0,0.0,1694
postal_code_C3J,0.0,0.0,1695
postal_code_C3X,0.0,0.0,1696
postal_code_P5L,0.0,0.0,1697
postal_code_P5K,0.0,0.0,1698
postal_code_C3N,0.0,0.0,1699
postal_code_P5I,0.0,0.0,1700
postal_code_P5H,0.0,0.0,1701
postal_code_P5G,0.0,0.0,1702
postal_code_C3P,0.0,0.0,1703
postal_code_P5E,0.0,0.0,1704
postal_code_C3Q,0.0,0.0,1705
postal_code_C3R,0.0,0.0,1706
postal_code_C3S,0.0,0.0,1707
postal_code_C3V,0.0,0.0,1708
postal_code_P8Y,0.0,0.0,1709
postal_code_P9A,0.0,0.0,1710
postal_code_R5V,0.0,0.0,1711
postal_code_R2V,0.0,0.0,1712
postal_code_R4K,0.0,0.0,1713
postal_code_R4J,0.0,0.0,1714
postal_code_R4I,0.0,0.0,1715
postal_code_R4H,0.0,0.0,1716
postal_code_B8G,0.0,0.0,1717
postal_code_R4F,0.0,0.0,1718
postal_code_R4C,0.0,0.0,1719
postal_code_B8H,0.0,0.0,1720
postal_code_R3Z,0.0,0.0,1721
postal_code_R3W,0.0,0.0,1722
postal_code_B8I,0.0,0.0,1723
postal_code_B8J,0.0,0.0,1724
postal_code_B8K,0.0,0.0,1725
postal_code_R3O,0.0,0.0,1726
postal_code_R3N,0.0,0.0,1727
postal_code_R3M,0.0,0.0,1728
postal_code_B8L,0.0,0.0,1729
postal_code_B8M,0.0,0.0,1730
postal_code_R3I,0.0,0.0,1731
postal_code_R3H,0.0,0.0,1732
postal_code_R3G,0.0,0.0,1733
postal_code_R3F,0.0,0.0,1734
postal_code_R3C,0.0,0.0,1735
postal_code_B8Q,0.0,0.0,1736
postal_code_R3A,0.0,0.0,1737
postal_code_R2Z,0.0,0.0,1738
postal_code_R2X,0.0,0.0,1739
postal_code_R4M,0.0,0.0,1740
postal_code_R4N,0.0,0.0,1741
postal_code_R4O,0.0,0.0,1742
postal_code_R5E,0.0,0.0,1743
postal_code_B8C,0.0,0.0,1744
postal_code_R5S,0.0,0.0,1745
postal_code_R5R,0.0,0.0,1746
postal_code_R5P,0.0,0.0,1747
postal_code_R5O,0.0,0.0,1748
postal_code_R5N,0.0,0.0,1749
postal_code_R5M,0.0,0.0,1750
postal_code_R5L,0.0,0.0,1751
postal_code_R5K,0.0,0.0,1752
postal_code_R5I,0.0,0.0,1753
postal_code_R5H,0.0,0.0,1754
postal_code_R5G,0.0,0.0,1755
postal_code_R5D,0.0,0.0,1756
postal_code_R4P,0.0,0.0,1757
postal_code_B8E,0.0,0.0,1758
postal_code_R5B,0.0,0.0,1759
postal_code_R5A,0.0,0.0,1760
postal_code_R4Z,0.0,0.0,1761
postal_code_R4Y,0.0,0.0,1762
postal_code_R4X,0.0,0.0,1763
postal_code_R4V,0.0,0.0,1764
postal_code_B8F,0.0,0.0,1765
postal_code_R4T,0.0,0.0,1766
postal_code_R4S,0.0,0.0,1767
postal_code_R4R,0.0,0.0,1768
postal_code_R4Q,0.0,0.0,1769
postal_code_R2W,0.0,0.0,1770
postal_code_B8S,0.0,0.0,1771
postal_code_P9B,0.0,0.0,1772
postal_code_R2T,0.0,0.0,1773
postal_code_R1K,0.0,0.0,1774
postal_code_R1J,0.0,0.0,1775
postal_code_R1I,0.0,0.0,1776
postal_code_R1H,0.0,0.0,1777
postal_code_R1G,0.0,0.0,1778
postal_code_R1E,0.0,0.0,1779
postal_code_R1D,0.0,0.0,1780
postal_code_B9E,0.0,0.0,1781
postal_code_R1B,0.0,0.0,1782
postal_code_R1A,0.0,0.0,1783
postal_code_P9Z,0.0,0.0,1784
postal_code_P9Y,0.0,0.0,1785
postal_code_B9G,0.0,0.0,1786
postal_code_B9H,0.0,0.0,1787
postal_code_P9R,0.0,0.0,1788
postal_code_B9I,0.0,0.0,1789
postal_code_B9J,0.0,0.0,1790
postal_code_P9M,0.0,0.0,1791
postal_code_B9M,0.0,0.0,1792
postal_code_B9N,0.0,0.0,1793
postal_code_P9I,0.0,0.0,1794
postal_code_B9O,0.0,0.0,1795
postal_code_P9G,0.0,0.0,1796
postal_code_P9F,0.0,0.0,1797
postal_code_P9E,0.0,0.0,1798
postal_code_B9P,0.0,0.0,1799
postal_code_B9T,0.0,0.0,1800
postal_code_B9D,0.0,0.0,1801
postal_code_R1N,0.0,0.0,1802
postal_code_R1P,0.0,0.0,1803
postal_code_R2G,0.0,0.0,1804
postal_code_R2S,0.0,0.0,1805
postal_code_R2R,0.0,0.0,1806
postal_code_B8T,0.0,0.0,1807
postal_code_R2P,0.0,0.0,1808
postal_code_B8W,0.0,0.0,1809
postal_code_R2N,0.0,0.0,1810
postal_code_B8Y,0.0,0.0,1811
postal_code_R2L,0.0,0.0,1812
postal_code_R2K,0.0,0.0,1813
postal_code_S2U,0.0,0.0,1814
postal_code_R2I,0.0,0.0,1815
postal_code_R2H,0.0,0.0,1816
postal_code_R2F,0.0,0.0,1817
postal_code_R1R,0.0,0.0,1818
postal_code_R2E,0.0,0.0,1819
postal_code_R2D,0.0,0.0,1820
postal_code_B9A,0.0,0.0,1821
postal_code_R2B,0.0,0.0,1822
postal_code_R2A,0.0,0.0,1823
postal_code_R1Z,0.0,0.0,1824
postal_code_R1Y,0.0,0.0,1825
postal_code_R1X,0.0,0.0,1826
postal_code_R1W,0.0,0.0,1827
postal_code_B9B,0.0,0.0,1828
postal_code_R1T,0.0,0.0,1829
postal_code_R1S,0.0,0.0,1830
postal_code_B6N,0.0,0.0,1831
postal_code_H4M,0.0,0.0,1832
postal_code_S2V,0.0,0.0,1833
postal_code_A5J,0.0,0.0,1834
postal_code_V2C,0.0,0.0,1835
postal_code_A6P,0.0,0.0,1836
postal_code_V2A,0.0,0.0,1837
postal_code_V1X,0.0,0.0,1838
postal_code_A6T,0.0,0.0,1839
postal_code_V1V,0.0,0.0,1840
postal_code_A6X,0.0,0.0,1841
postal_code_V1T,0.0,0.0,1842
postal_code_V1S,0.0,0.0,1843
postal_code_V1R,0.0,0.0,1844
postal_code_A6Y,0.0,0.0,1845
postal_code_V1O,0.0,0.0,1846
postal_code_V1M,0.0,0.0,1847
postal_code_A7D,0.0,0.0,1848
postal_code_A7E,0.0,0.0,1849
postal_code_A7F,0.0,0.0,1850
postal_code_V1I,0.0,0.0,1851
postal_code_A7G,0.0,0.0,1852
postal_code_V1G,0.0,0.0,1853
postal_code_A7H,0.0,0.0,1854
postal_code_V1E,0.0,0.0,1855
postal_code_V1D,0.0,0.0,1856
postal_code_A7I,0.0,0.0,1857
postal_code_V1B,0.0,0.0,1858
postal_code_V1A,0.0,0.0,1859
postal_code_A7J,0.0,0.0,1860
postal_code_T9Y,0.0,0.0,1861
postal_code_A7K,0.0,0.0,1862
postal_code_A7O,0.0,0.0,1863
postal_code_V2E,0.0,0.0,1864
postal_code_A6O,0.0,0.0,1865
postal_code_V2G,0.0,0.0,1866
postal_code_A6D,0.0,0.0,1867
postal_code_A5P,0.0,0.0,1868
postal_code_A5T,0.0,0.0,1869
postal_code_A5V,0.0,0.0,1870
postal_code_A5W,0.0,0.0,1871
postal_code_A5X,0.0,0.0,1872
postal_code_A5Z,0.0,0.0,1873
postal_code_A6A,0.0,0.0,1874
postal_code_V3F,0.0,0.0,1875
postal_code_V3D,0.0,0.0,1876
postal_code_V3C,0.0,0.0,1877
postal_code_A6C,0.0,0.0,1878
postal_code_V3A,0.0,0.0,1879
postal_code_V2Z,0.0,0.0,1880
postal_code_V2X,0.0,0.0,1881
postal_code_V2J,0.0,0.0,1882
postal_code_V2W,0.0,0.0,1883
postal_code_V2V,0.0,0.0,1884
postal_code_V2U,0.0,0.0,1885
postal_code_A6F,0.0,0.0,1886
postal_code_V2S,0.0,0.0,1887
postal_code_A6G,0.0,0.0,1888
postal_code_V2Q,0.0,0.0,1889
postal_code_V2P,0.0,0.0,1890
postal_code_V2O,0.0,0.0,1891
postal_code_A6H,0.0,0.0,1892
postal_code_A6I,0.0,0.0,1893
postal_code_A6K,0.0,0.0,1894
postal_code_A6N,0.0,0.0,1895
postal_code_T9U,0.0,0.0,1896
postal_code_A7Q,0.0,0.0,1897
postal_code_A7R,0.0,0.0,1898
postal_code_T7O,0.0,0.0,1899
postal_code_A8R,0.0,0.0,1900
postal_code_T8C,0.0,0.0,1901
postal_code_A8T,0.0,0.0,1902
postal_code_A8U,0.0,0.0,1903
postal_code_A8V,0.0,0.0,1904
postal_code_A8X,0.0,0.0,1905
postal_code_T7X,0.0,0.0,1906
postal_code_A8Z,0.0,0.0,1907
postal_code_T7V,0.0,0.0,1908
postal_code_A9A,0.0,0.0,1909
postal_code_A9B,0.0,0.0,1910
postal_code_T7S,0.0,0.0,1911
postal_code_A9E,0.0,0.0,1912
postal_code_T7N,0.0,0.0,1913
postal_code_T8G,0.0,0.0,1914
postal_code_A9G,0.0,0.0,1915
postal_code_T7K,0.0,0.0,1916
postal_code_A9H,0.0,0.0,1917
postal_code_A9L,0.0,0.0,1918
postal_code_A9Q,0.0,0.0,1919
postal_code_A9R,0.0,0.0,1920
postal_code_T7D,0.0,0.0,1921
postal_code_T7C,0.0,0.0,1922
postal_code_T7B,0.0,0.0,1923
postal_code_A9T,0.0,0.0,1924
postal_code_A9V,0.0,0.0,1925
postal_code_T6X,0.0,0.0,1926
postal_code_A9X,0.0,0.0,1927
postal_code_A8Q,0.0,0.0,1928
postal_code_T8H,0.0,0.0,1929
postal_code_T9R,0.0,0.0,1930
postal_code_T9C,0.0,0.0,1931
postal_code_A7S,0.0,0.0,1932
postal_code_A7X,0.0,0.0,1933
postal_code_A7Y,0.0,0.0,1934
postal_code_T9N,0.0,0.0,1935
postal_code_T9M,0.0,0.0,1936
postal_code_T9L,0.0,0.0,1937
postal_code_A8A,0.0,0.0,1938
postal_code_A8B,0.0,0.0,1939
postal_code_A8C,0.0,0.0,1940
postal_code_T9G,0.0,0.0,1941
postal_code_T9F,0.0,0.0,1942
postal_code_A8D,0.0,0.0,1943
postal_code_T9D,0.0,0.0,1944
postal_code_T9A,0.0,0.0,1945
postal_code_T8I,0.0,0.0,1946
postal_code_A8F,0.0,0.0,1947
postal_code_T8Y,0.0,0.0,1948
postal_code_A8G,0.0,0.0,1949
postal_code_A8H,0.0,0.0,1950
postal_code_T8V,0.0,0.0,1951
postal_code_A8J,0.0,0.0,1952
postal_code_T8S,0.0,0.0,1953
postal_code_A8M,0.0,0.0,1954
postal_code_A8O,0.0,0.0,1955
postal_code_T8N,0.0,0.0,1956
postal_code_T8L,0.0,0.0,1957
postal_code_T8K,0.0,0.0,1958
postal_code_A8P,0.0,0.0,1959
postal_code_A5N,0.0,0.0,1960
postal_code_V3Q,0.0,0.0,1961
postal_code_S2W,0.0,0.0,1962
postal_code_A5I,0.0,0.0,1963
postal_code_V8B,0.0,0.0,1964
postal_code_A2C,0.0,0.0,1965
postal_code_V7Z,0.0,0.0,1966
postal_code_A2D,0.0,0.0,1967
postal_code_A2G,0.0,0.0,1968
postal_code_V7U,0.0,0.0,1969
postal_code_A2H,0.0,0.0,1970
postal_code_V7S,0.0,0.0,1971
postal_code_A2I,0.0,0.0,1972
postal_code_V7Q,0.0,0.0,1973
postal_code_A2K,0.0,0.0,1974
postal_code_V7O,0.0,0.0,1975
postal_code_V7N,0.0,0.0,1976
postal_code_V7M,0.0,0.0,1977
postal_code_A2L,0.0,0.0,1978
postal_code_V7J,0.0,0.0,1979
postal_code_V7I,0.0,0.0,1980
postal_code_V7G,0.0,0.0,1981
postal_code_A2M,0.0,0.0,1982
postal_code_V7B,0.0,0.0,1983
postal_code_V7A,0.0,0.0,1984
postal_code_V6Z,0.0,0.0,1985
postal_code_A2P,0.0,0.0,1986
postal_code_V6W,0.0,0.0,1987
postal_code_A2Q,0.0,0.0,1988
postal_code_A2S,0.0,0.0,1989
postal_code_A2T,0.0,0.0,1990
postal_code_V6R,0.0,0.0,1991
postal_code_A2X,0.0,0.0,1992
postal_code_V8C,0.0,0.0,1993
postal_code_V8F,0.0,0.0,1994
postal_code_V8G,0.0,0.0,1995
postal_code_A1E,0.0,0.0,1996
gender_Other,0.0,0.0,1997
employment_status_Unemployed,0.0,0.0,1998
postal_code_V9Z,0.0,0.0,1999
postal_code_V9Q,0.0,0.0,2000
postal_code_V9P,0.0,0.0,2001
postal_code_V9O,0.0,0.0,2002
postal_code_V9N,0.0,0.0,2003
postal_code_V9K,0.0,0.0,2004
postal_code_V9J,0.0,0.0,2005
postal_code_V9F,0.0,0.0,2006
postal_code_V9E,0.0,0.0,2007
postal_code_A1A,0.0,0.0,2008
postal_code_A1C,0.0,0.0,2009
postal_code_A1F,0.0,0.0,2010
postal_code_A1X,0.0,0.0,2011
postal_code_V8Y,0.0,0.0,2012
postal_code_V8X,0.0,0.0,2013
postal_code_A1G,0.0,0.0,2014
postal_code_A1J,0.0,0.0,2015
postal_code_A1M,0.0,0.0,2016
postal_code_A1N,0.0,0.0,2017
postal_code_A1O,0.0,0.0,2018
postal_code_A1R,0.0,0.0,2019
postal_code_V8P,0.0,0.0,2020
postal_code_A1S,0.0,0.0,2021
postal_code_A1V,0.0,0.0,2022
postal_code_A1W,0.0,0.0,2023
postal_code_V8J,0.0,0.0,2024
postal_code_V6P,0.0,0.0,2025
postal_code_V6O,0.0,0.0,2026
postal_code_A2Y,0.0,0.0,2027
postal_code_A4W,0.0,0.0,2028
postal_code_V4V,0.0,0.0,2029
postal_code_V4U,0.0,0.0,2030
postal_code_V4T,0.0,0.0,2031
postal_code_A4R,0.0,0.0,2032
postal_code_V4R,0.0,0.0,2033
postal_code_A4S,0.0,0.0,2034
postal_code_V4P,0.0,0.0,2035
postal_code_V4O,0.0,0.0,2036
postal_code_A4U,0.0,0.0,2037
postal_code_V4M,0.0,0.0,2038
postal_code_V4L,0.0,0.0,2039
postal_code_V4K,0.0,0.0,2040
postal_code_A4V,0.0,0.0,2041
postal_code_A4X,0.0,0.0,2042
postal_code_V4X,0.0,0.0,2043
postal_code_V4G,0.0,0.0,2044
postal_code_V4E,0.0,0.0,2045
postal_code_V4D,0.0,0.0,2046
postal_code_V4C,0.0,0.0,2047
postal_code_V4A,0.0,0.0,2048
postal_code_V3Z,0.0,0.0,2049
postal_code_A4Y,0.0,0.0,2050
postal_code_A5A,0.0,0.0,2051
postal_code_V3W,0.0,0.0,2052
postal_code_A5B,0.0,0.0,2053
postal_code_A5C,0.0,0.0,2054
postal_code_A5F,0.0,0.0,2055
postal_code_V3S,0.0,0.0,2056
postal_code_A4Q,0.0,0.0,2057
postal_code_V5B,0.0,0.0,2058
postal_code_A3B,0.0,0.0,2059
postal_code_A4B,0.0,0.0,2060
postal_code_A3C,0.0,0.0,2061
postal_code_A3E,0.0,0.0,2062
postal_code_A3I,0.0,0.0,2063
postal_code_V6G,0.0,0.0,2064
postal_code_V6F,0.0,0.0,2065
postal_code_V6D,0.0,0.0,2066
postal_code_A3J,0.0,0.0,2067
postal_code_A3L,0.0,0.0,2068
postal_code_A3P,0.0,0.0,2069
postal_code_V5Z,0.0,0.0,2070
postal_code_A3R,0.0,0.0,2071
postal_code_A3V,0.0,0.0,2072
postal_code_A3X,0.0,0.0,2073
postal_code_V5S,0.0,0.0,2074
postal_code_V5C,0.0,0.0,2075
postal_code_A4C,0.0,0.0,2076
postal_code_A4D,0.0,0.0,2077
postal_code_V5P,0.0,0.0,2078
postal_code_A4K,0.0,0.0,2079
postal_code_V5N,0.0,0.0,2080
postal_code_A4L,0.0,0.0,2081
postal_code_V5L,0.0,0.0,2082
postal_code_V5K,0.0,0.0,2083
postal_code_A4M,0.0,0.0,2084
postal_code_V5I,0.0,0.0,2085
postal_code_A4N,0.0,0.0,2086
postal_code_V5G,0.0,0.0,2087
postal_code_A4P,0.0,0.0,2088
postal_code_T6V,0.0,0.0,2089
postal_code_T6U,0.0,0.0,2090
postal_code_A9Y,0.0,0.0,2091
postal_code_B1A,0.0,0.0,2092
postal_code_S7Z,0.0,0.0,2093
postal_code_S7Y,0.0,0.0,2094
postal_code_S7X,0.0,0.0,2095
postal_code_S7W,0.0,0.0,2096
postal_code_S7V,0.0,0.0,2097
postal_code_S7U,0.0,0.0,2098
postal_code_S7S,0.0,0.0,2099
postal_code_S7R,0.0,0.0,2100
postal_code_S7Q,0.0,0.0,2101
postal_code_S7P,0.0,0.0,2102
postal_code_S7O,0.0,0.0,2103
postal_code_B5P,0.0,0.0,2104
postal_code_B5Q,0.0,0.0,2105
postal_code_S7L,0.0,0.0,2106
postal_code_S7K,0.0,0.0,2107
postal_code_S7I,0.0,0.0,2108
postal_code_S7G,0.0,0.0,2109
postal_code_S7F,0.0,0.0,2110
postal_code_S7E,0.0,0.0,2111
postal_code_S7A,0.0,0.0,2112
postal_code_B5R,0.0,0.0,2113
postal_code_S6Y,0.0,0.0,2114
postal_code_S6X,0.0,0.0,2115
postal_code_S6V,0.0,0.0,2116
postal_code_S6T,0.0,0.0,2117
postal_code_S6S,0.0,0.0,2118
postal_code_S6Q,0.0,0.0,2119
postal_code_B5T,0.0,0.0,2120
postal_code_S6O,0.0,0.0,2121
postal_code_S8A,0.0,0.0,2122
postal_code_S8C,0.0,0.0,2123
postal_code_B5M,0.0,0.0,2124
postal_code_S8U,0.0,0.0,2125
postal_code_B5D,0.0,0.0,2126
postal_code_S9K,0.0,0.0,2127
postal_code_S9J,0.0,0.0,2128
postal_code_B5E,0.0,0.0,2129
postal_code_S9H,0.0,0.0,2130
postal_code_S9G,0.0,0.0,2131
postal_code_S9E,0.0,0.0,2132
postal_code_S9D,0.0,0.0,2133
postal_code_S8Z,0.0,0.0,2134
postal_code_S8Y,0.0,0.0,2135
postal_code_C5O,0.0,0.0,2136
postal_code_S8W,0.0,0.0,2137
postal_code_S8V,0.0,0.0,2138
postal_code_B5F,0.0,0.0,2139
postal_code_B5K,0.0,0.0,2140
postal_code_B5G,0.0,0.0,2141
postal_code_S8R,0.0,0.0,2142
postal_code_S8Q,0.0,0.0,2143
postal_code_S8P,0.0,0.0,2144
postal_code_S8O,0.0,0.0,2145
postal_code_B5H,0.0,0.0,2146
postal_code_S8M,0.0,0.0,2147
postal_code_S8K,0.0,0.0,2148
postal_code_S8J,0.0,0.0,2149
postal_code_S8I,0.0,0.0,2150
postal_code_S8H,0.0,0.0,2151
postal_code_B5J,0.0,0.0,2152
postal_code_S8F,0.0,0.0,2153
postal_code_S6N,0.0,0.0,2154
postal_code_S6M,0.0,0.0,2155
postal_code_B5W,0.0,0.0,2156
postal_code_S3S,0.0,0.0,2157
postal_code_S4J,0.0,0.0,2158
postal_code_S4H,0.0,0.0,2159
postal_code_B6I,0.0,0.0,2160
postal_code_S4F,0.0,0.0,2161
postal_code_S4E,0.0,0.0,2162
postal_code_S4D,0.0,0.0,2163
postal_code_S4C,0.0,0.0,2164
postal_code_S4B,0.0,0.0,2165
postal_code_S4A,0.0,0.0,2166
postal_code_S3W,0.0,0.0,2167
postal_code_S3V,0.0,0.0,2168
postal_code_S3U,0.0,0.0,2169
postal_code_S3T,0.0,0.0,2170
postal_code_S3R,0.0,0.0,2171
postal_code_B6H,0.0,0.0,2172
postal_code_S3Q,0.0,0.0,2173
postal_code_S3P,0.0,0.0,2174
postal_code_S3O,0.0,0.0,2175
postal_code_S3N,0.0,0.0,2176
postal_code_S3J,0.0,0.0,2177
postal_code_S3H,0.0,0.0,2178
postal_code_S3G,0.0,0.0,2179
postal_code_S3F,0.0,0.0,2180
postal_code_S3E,0.0,0.0,2181
postal_code_B6M,0.0,0.0,2182
postal_code_S3B,0.0,0.0,2183
postal_code_S2Z,0.0,0.0,2184
postal_code_S2Y,0.0,0.0,2185
postal_code_S4L,0.0,0.0,2186
postal_code_S4N,0.0,0.0,2187
postal_code_B5X,0.0,0.0,2188
postal_code_S5L,0.0,0.0,2189
postal_code_S6H,0.0,0.0,2190
postal_code_S6E,0.0,0.0,2191
postal_code_S6D,0.0,0.0,2192
postal_code_S6B,0.0,0.0,2193
postal_code_B5Y,0.0,0.0,2194
postal_code_S5Y,0.0,0.0,2195
postal_code_S5U,0.0,0.0,2196
postal_code_S5T,0.0,0.0,2197
postal_code_S5Q,0.0,0.0,2198
postal_code_S5P,0.0,0.0,2199
postal_code_B5Z,0.0,0.0,2200
postal_code_S5N,0.0,0.0,2201
postal_code_B6A,0.0,0.0,2202
postal_code_S5K,0.0,0.0,2203
postal_code_B6F,0.0,0.0,2204
postal_code_S5J,0.0,0.0,2205
postal_code_S5I,0.0,0.0,2206
postal_code_S5H,0.0,0.0,2207
postal_code_B6B,0.0,0.0,2208
postal_code_S5E,0.0,0.0,2209
postal_code_S5B,0.0,0.0,2210
postal_code_S4Z,0.0,0.0,2211
postal_code_B6C,0.0,0.0,2212
postal_code_S4X,0.0,0.0,2213
postal_code_S4U,0.0,0.0,2214
postal_code_S4T,0.0,0.0,2215
postal_code_S4S,0.0,0.0,2216
postal_code_B6E,0.0,0.0,2217
postal_code_S9M,0.0,0.0,2218
postal_code_B5C,0.0,0.0,2219
postal_code_S9O,0.0,0.0,2220
postal_code_T4M,0.0,0.0,2221
postal_code_T5C,0.0,0.0,2222
postal_code_T5B,0.0,0.0,2223
postal_code_B2E,0.0,0.0,2224
postal_code_T4Z,0.0,0.0,2225
postal_code_B2H,0.0,0.0,2226
postal_code_T4W,0.0,0.0,2227
postal_code_T4U,0.0,0.0,2228
postal_code_T4S,0.0,0.0,2229
postal_code_B2J,0.0,0.0,2230
postal_code_T4Q,0.0,0.0,2231
postal_code_B2L,0.0,0.0,2232
postal_code_T4O,0.0,0.0,2233
postal_code_B2M,0.0,0.0,2234
postal_code_B2N,0.0,0.0,2235
postal_code_B2C,0.0,0.0,2236
postal_code_B2O,0.0,0.0,2237
postal_code_B2P,0.0,0.0,2238
postal_code_T4I,0.0,0.0,2239
postal_code_B2Q,0.0,0.0,2240
postal_code_B2T,0.0,0.0,2241
postal_code_T4F,0.0,0.0,2242
postal_code_T4E,0.0,0.0,2243
postal_code_B2V,0.0,0.0,2244
postal_code_T4B,0.0,0.0,2245
postal_code_T4A,0.0,0.0,2246
postal_code_B2W,0.0,0.0,2247
postal_code_T3Y,0.0,0.0,2248
postal_code_B2Y,0.0,0.0,2249
postal_code_B2D,0.0,0.0,2250
postal_code_T5F,0.0,0.0,2251
postal_code_T3T,0.0,0.0,2252
postal_code_B1O,0.0,0.0,2253
postal_code_B1C,0.0,0.0,2254
postal_code_T6Q,0.0,0.0,2255
postal_code_T6P,0.0,0.0,2256
postal_code_T6O,0.0,0.0,2257
postal_code_B1E,0.0,0.0,2258
postal_code_B1F,0.0,0.0,2259
postal_code_B1G,0.0,0.0,2260
postal_code_T6J,0.0,0.0,2261
postal_code_B1J,0.0,0.0,2262
postal_code_B1K,0.0,0.0,2263
postal_code_T6G,0.0,0.0,2264
postal_code_B1L,0.0,0.0,2265
postal_code_B1M,0.0,0.0,2266
postal_code_B1Q,0.0,0.0,2267
postal_code_T5G,0.0,0.0,2268
postal_code_T6A,0.0,0.0,2269
postal_code_T5Y,0.0,0.0,2270
postal_code_B1S,0.0,0.0,2271
postal_code_B1T,0.0,0.0,2272
postal_code_B1X,0.0,0.0,2273
postal_code_T5S,0.0,0.0,2274
postal_code_T5Q,0.0,0.0,2275
postal_code_T5P,0.0,0.0,2276
postal_code_B1Y,0.0,0.0,2277
postal_code_B1Z,0.0,0.0,2278
postal_code_B2A,0.0,0.0,2279
postal_code_T5I,0.0,0.0,2280
postal_code_B2B,0.0,0.0,2281
postal_code_B2Z,0.0,0.0,2282
postal_code_T3S,0.0,0.0,2283
postal_code_S9Q,0.0,0.0,2284
postal_code_B4X,0.0,0.0,2285
postal_code_T1Y,0.0,0.0,2286
postal_code_T1W,0.0,0.0,2287
postal_code_B4K,0.0,0.0,2288
postal_code_B4L,0.0,0.0,2289
postal_code_B4M,0.0,0.0,2290
postal_code_B4N,0.0,0.0,2291
postal_code_B4O,0.0,0.0,2292
postal_code_B4P,0.0,0.0,2293
postal_code_B4S,0.0,0.0,2294
postal_code_B4V,0.0,0.0,2295
postal_code_T1M,0.0,0.0,2296
postal_code_T1L,0.0,0.0,2297
postal_code_T1K,0.0,0.0,2298
postal_code_B4Y,0.0,0.0,2299
postal_code_T2A,0.0,0.0,2300
postal_code_B4Z,0.0,0.0,2301
postal_code_T1F,0.0,0.0,2302
postal_code_T1C,0.0,0.0,2303
postal_code_B5A,0.0,0.0,2304
postal_code_S9Z,0.0,0.0,2305
postal_code_S9Y,0.0,0.0,2306
postal_code_S9X,0.0,0.0,2307
postal_code_S9W,0.0,0.0,2308
postal_code_S9V,0.0,0.0,2309
postal_code_S9U,0.0,0.0,2310
postal_code_S9T,0.0,0.0,2311
postal_code_B5B,0.0,0.0,2312
postal_code_S9R,0.0,0.0,2313
postal_code_B4J,0.0,0.0,2314
postal_code_T2B,0.0,0.0,2315
postal_code_B3B,0.0,0.0,2316
postal_code_T2Y,0.0,0.0,2317
postal_code_B3F,0.0,0.0,2318
postal_code_B3H,0.0,0.0,2319
postal_code_T3O,0.0,0.0,2320
postal_code_T3N,0.0,0.0,2321
postal_code_T3M,0.0,0.0,2322
postal_code_B3I,0.0,0.0,2323
postal_code_B3J,0.0,0.0,2324
postal_code_B3K,0.0,0.0,2325
postal_code_T3F,0.0,0.0,2326
postal_code_B3M,0.0,0.0,2327
postal_code_T3B,0.0,0.0,2328
postal_code_B3N,0.0,0.0,2329
postal_code_B3O,0.0,0.0,2330
postal_code_T2W,0.0,0.0,2331
postal_code_B4H,0.0,0.0,2332
postal_code_B3Q,0.0,0.0,2333
postal_code_B3R,0.0,0.0,2334
postal_code_B3T,0.0,0.0,2335
postal_code_T2S,0.0,0.0,2336
postal_code_B3U,0.0,0.0,2337
postal_code_B3V,0.0,0.0,2338
postal_code_B3Y,0.0,0.0,2339
postal_code_B3Z,0.0,0.0,2340
postal_code_B4D,0.0,0.0,2341
postal_code_T2J,0.0,0.0,2342
postal_code_B4F,0.0,0.0,2343
postal_code_T2G,0.0,0.0,2344
postal_code_T2E,0.0,0.0,2345
postal_code_S8X,0.0,0.0,2346
postal_code_N6S,0.0,0.0,2347
postal_code_P3F,0.0,0.0,2348
postal_code_G6F,0.0,0.0,2349
postal_code_G5W,0.0,0.0,2350
postal_code_K4X,0.0,0.0,2351
postal_code_G5X,0.0,0.0,2352
postal_code_K4V,0.0,0.0,2353
postal_code_K4U,0.0,0.0,2354
postal_code_K4T,0.0,0.0,2355
postal_code_K4R,0.0,0.0,2356
postal_code_G6B,0.0,0.0,2357
postal_code_K4L,0.0,0.0,2358
postal_code_K4K,0.0,0.0,2359
postal_code_G6D,0.0,0.0,2360
postal_code_K4F,0.0,0.0,2361
postal_code_G6E,0.0,0.0,2362
postal_code_K4C,0.0,0.0,2363
postal_code_K3Y,0.0,0.0,2364
postal_code_G5V,0.0,0.0,2365
postal_code_G6G,0.0,0.0,2366
postal_code_K3V,0.0,0.0,2367
postal_code_K3U,0.0,0.0,2368
postal_code_G6K,0.0,0.0,2369
postal_code_K3S,0.0,0.0,2370
postal_code_G6M,0.0,0.0,2371
postal_code_K3P,0.0,0.0,2372
postal_code_K3O,0.0,0.0,2373
postal_code_K3M,0.0,0.0,2374
postal_code_K3L,0.0,0.0,2375
postal_code_G6N,0.0,0.0,2376
postal_code_K3I,0.0,0.0,2377
postal_code_K3H,0.0,0.0,2378
postal_code_K3G,0.0,0.0,2379
postal_code_K4Z,0.0,0.0,2380
postal_code_K5B,0.0,0.0,2381
postal_code_G8A,0.0,0.0,2382
postal_code_G5L,0.0,0.0,2383
postal_code_K6R,0.0,0.0,2384
postal_code_K6O,0.0,0.0,2385
postal_code_K6N,0.0,0.0,2386
postal_code_K6M,0.0,0.0,2387
postal_code_G5G,0.0,0.0,2388
postal_code_G5K,0.0,0.0,2389
postal_code_K6I,0.0,0.0,2390
postal_code_K6H,0.0,0.0,2391
postal_code_K6G,0.0,0.0,2392
postal_code_K6F,0.0,0.0,2393
postal_code_K6E,0.0,0.0,2394
postal_code_K6D,0.0,0.0,2395
postal_code_K6C,0.0,0.0,2396
postal_code_K5Z,0.0,0.0,2397
postal_code_K5W,0.0,0.0,2398
postal_code_G5U,0.0,0.0,2399
postal_code_K5U,0.0,0.0,2400
postal_code_K5T,0.0,0.0,2401
postal_code_G5M,0.0,0.0,2402
postal_code_K5R,0.0,0.0,2403
postal_code_K5Q,0.0,0.0,2404
postal_code_K5P,0.0,0.0,2405
postal_code_K5O,0.0,0.0,2406
postal_code_G5N,0.0,0.0,2407
postal_code_K5M,0.0,0.0,2408
postal_code_K5L,0.0,0.0,2409
postal_code_G5Q,0.0,0.0,2410
postal_code_G5S,0.0,0.0,2411
postal_code_K5F,0.0,0.0,2412
postal_code_G5T,0.0,0.0,2413
postal_code_K3E,0.0,0.0,2414
postal_code_K3D,0.0,0.0,2415
postal_code_K3A,0.0,0.0,2416
postal_code_J9O,0.0,0.0,2417
postal_code_K1F,0.0,0.0,2418
postal_code_G7E,0.0,0.0,2419
postal_code_K1D,0.0,0.0,2420
postal_code_G7F,0.0,0.0,2421
postal_code_K1A,0.0,0.0,2422
postal_code_J9Z,0.0,0.0,2423
postal_code_J9Y,0.0,0.0,2424
postal_code_G7H,0.0,0.0,2425
postal_code_G7J,0.0,0.0,2426
postal_code_G7M,0.0,0.0,2427
postal_code_J9S,0.0,0.0,2428
postal_code_G7N,0.0,0.0,2429
postal_code_G7O,0.0,0.0,2430
postal_code_G7P,0.0,0.0,2431
postal_code_G7R,0.0,0.0,2432
postal_code_K2Z,0.0,0.0,2433
postal_code_J9L,0.0,0.0,2434
postal_code_G7T,0.0,0.0,2435
postal_code_J9J,0.0,0.0,2436
postal_code_J9I,0.0,0.0,2437
postal_code_J9H,0.0,0.0,2438
postal_code_G7U,0.0,0.0,2439
postal_code_J9F,0.0,0.0,2440
postal_code_J9D,0.0,0.0,2441
postal_code_J9C,0.0,0.0,2442
postal_code_G7W,0.0,0.0,2443
postal_code_G7X,0.0,0.0,2444
postal_code_J8Y,0.0,0.0,2445
postal_code_J8X,0.0,0.0,2446
postal_code_G7Y,0.0,0.0,2447
postal_code_K1H,0.0,0.0,2448
postal_code_G7C,0.0,0.0,2449
postal_code_G7B,0.0,0.0,2450
postal_code_K1K,0.0,0.0,2451
postal_code_K2Y,0.0,0.0,2452
postal_code_K2X,0.0,0.0,2453
postal_code_K2W,0.0,0.0,2454
postal_code_K2T,0.0,0.0,2455
postal_code_K2S,0.0,0.0,2456
postal_code_G6R,0.0,0.0,2457
postal_code_G6S,0.0,0.0,2458
postal_code_K2P,0.0,0.0,2459
postal_code_K2N,0.0,0.0,2460
postal_code_K2K,0.0,0.0,2461
postal_code_K2J,0.0,0.0,2462
postal_code_K2I,0.0,0.0,2463
postal_code_K2H,0.0,0.0,2464
postal_code_G6U,0.0,0.0,2465
postal_code_G6V,0.0,0.0,2466
postal_code_K2D,0.0,0.0,2467
postal_code_G6W,0.0,0.0,2468
postal_code_K1Z,0.0,0.0,2469
postal_code_K1Y,0.0,0.0,2470
postal_code_G6Y,0.0,0.0,2471
postal_code_G7A,0.0,0.0,2472
postal_code_K1U,0.0,0.0,2473
postal_code_K1T,0.0,0.0,2474
postal_code_K1S,0.0,0.0,2475
postal_code_K1Q,0.0,0.0,2476
postal_code_K1O,0.0,0.0,2477
postal_code_K1N,0.0,0.0,2478
postal_code_K1M,0.0,0.0,2479
postal_code_K1L,0.0,0.0,2480
postal_code_G5B,0.0,0.0,2481
postal_code_K6T,0.0,0.0,2482
postal_code_K6W,0.0,0.0,2483
postal_code_L2N,0.0,0.0,2484
postal_code_L3F,0.0,0.0,2485
postal_code_L3D,0.0,0.0,2486
postal_code_L3C,0.0,0.0,2487
postal_code_L3B,0.0,0.0,2488
postal_code_L3A,0.0,0.0,2489
postal_code_G2Z,0.0,0.0,2490
postal_code_G3A,0.0,0.0,2491
postal_code_L2X,0.0,0.0,2492
postal_code_G3B,0.0,0.0,2493
postal_code_L2U,0.0,0.0,2494
postal_code_L2S,0.0,0.0,2495
postal_code_L2R,0.0,0.0,2496
postal_code_L2Q,0.0,0.0,2497
postal_code_L2O,0.0,0.0,2498
postal_code_G3E,0.0,0.0,2499
postal_code_L1O,0.0,0.0,2500
postal_code_L2L,0.0,0.0,2501
postal_code_L2J,0.0,0.0,2502
postal_code_L2I,0.0,0.0,2503
postal_code_L2G,0.0,0.0,2504
postal_code_G3H,0.0,0.0,2505
postal_code_L2C,0.0,0.0,2506
postal_code_L2B,0.0,0.0,2507
postal_code_L2A,0.0,0.0,2508
postal_code_L1Z,0.0,0.0,2509
postal_code_G3I,0.0,0.0,2510
postal_code_G3J,0.0,0.0,2511
postal_code_L1V,0.0,0.0,2512
postal_code_G3K,0.0,0.0,2513
postal_code_G3L,0.0,0.0,2514
postal_code_G2V,0.0,0.0,2515
postal_code_G2T,0.0,0.0,2516
postal_code_L3I,0.0,0.0,2517
postal_code_G2S,0.0,0.0,2518
postal_code_G1Z,0.0,0.0,2519
postal_code_L4P,0.0,0.0,2520
postal_code_G2A,0.0,0.0,2521
postal_code_G2C,0.0,0.0,2522
postal_code_L4M,0.0,0.0,2523
postal_code_L4L,0.0,0.0,2524
postal_code_L4K,0.0,0.0,2525
postal_code_L4J,0.0,0.0,2526
postal_code_L4I,0.0,0.0,2527
postal_code_L4H,0.0,0.0,2528
postal_code_G2E,0.0,0.0,2529
postal_code_L4E,0.0,0.0,2530
postal_code_L4D,0.0,0.0,2531
postal_code_G2H,0.0,0.0,2532
postal_code_L4B,0.0,0.0,2533
postal_code_L4A,0.0,0.0,2534
postal_code_L3Z,0.0,0.0,2535
postal_code_L3Y,0.0,0.0,2536
postal_code_L3X,0.0,0.0,2537
postal_code_L3V,0.0,0.0,2538
postal_code_G2I,0.0,0.0,2539
postal_code_L3T,0.0,0.0,2540
postal_code_G2J,0.0,0.0,2541
postal_code_G2K,0.0,0.0,2542
postal_code_G2N,0.0,0.0,2543
postal_code_L3P,0.0,0.0,2544
postal_code_L3N,0.0,0.0,2545
postal_code_G2Q,0.0,0.0,2546
postal_code_G2R,0.0,0.0,2547
postal_code_L1Q,0.0,0.0,2548
postal_code_G3M,0.0,0.0,2549
postal_code_K6Y,0.0,0.0,2550
postal_code_G4R,0.0,0.0,2551
postal_code_K8K,0.0,0.0,2552
postal_code_K8J,0.0,0.0,2553
postal_code_K8I,0.0,0.0,2554
postal_code_G4M,0.0,0.0,2555
postal_code_K8G,0.0,0.0,2556
postal_code_K8F,0.0,0.0,2557
postal_code_K8E,0.0,0.0,2558
postal_code_K8D,0.0,0.0,2559
postal_code_K8B,0.0,0.0,2560
postal_code_K7Y,0.0,0.0,2561
postal_code_K7W,0.0,0.0,2562
postal_code_K7V,0.0,0.0,2563
postal_code_G4Q,0.0,0.0,2564
postal_code_K7T,0.0,0.0,2565
postal_code_K7R,0.0,0.0,2566
postal_code_L1L,0.0,0.0,2567
postal_code_G4S,0.0,0.0,2568
postal_code_K7P,0.0,0.0,2569
postal_code_K7O,0.0,0.0,2570
postal_code_K7N,0.0,0.0,2571
postal_code_G4T,0.0,0.0,2572
postal_code_K7L,0.0,0.0,2573
postal_code_G4U,0.0,0.0,2574
postal_code_K7I,0.0,0.0,2575
postal_code_G4V,0.0,0.0,2576
postal_code_K7G,0.0,0.0,2577
postal_code_G4X,0.0,0.0,2578
postal_code_K7D,0.0,0.0,2579
postal_code_G4Y,0.0,0.0,2580
postal_code_K6Z,0.0,0.0,2581
postal_code_G4K,0.0,0.0,2582
postal_code_K8M,0.0,0.0,2583
postal_code_G4J,0.0,0.0,2584
postal_code_G4H,0.0,0.0,2585
postal_code_L1J,0.0,0.0,2586
postal_code_L1I,0.0,0.0,2587
postal_code_G3N,0.0,0.0,2588
postal_code_L1G,0.0,0.0,2589
postal_code_G3O,0.0,0.0,2590
postal_code_L1E,0.0,0.0,2591
postal_code_G3P,0.0,0.0,2592
postal_code_L1B,0.0,0.0,2593
postal_code_K9Z,0.0,0.0,2594
postal_code_G3Q,0.0,0.0,2595
postal_code_K9X,0.0,0.0,2596
postal_code_K9U,0.0,0.0,2597
postal_code_K9T,0.0,0.0,2598
postal_code_K9S,0.0,0.0,2599
postal_code_K9R,0.0,0.0,2600
postal_code_K9Q,0.0,0.0,2601
postal_code_K9P,0.0,0.0,2602
postal_code_K9O,0.0,0.0,2603
postal_code_K9H,0.0,0.0,2604
postal_code_G3Z,0.0,0.0,2605
postal_code_K9F,0.0,0.0,2606
postal_code_K9D,0.0,0.0,2607
postal_code_K9C,0.0,0.0,2608
postal_code_G4A,0.0,0.0,2609
postal_code_K9A,0.0,0.0,2610
postal_code_K8Z,0.0,0.0,2611
postal_code_G4B,0.0,0.0,2612
postal_code_G4C,0.0,0.0,2613
postal_code_G4E,0.0,0.0,2614
postal_code_J8V,0.0,0.0,2615
postal_code_G8B,0.0,0.0,2616
postal_code_G1Y,0.0,0.0,2617
postal_code_H8O,0.0,0.0,2618
postal_code_H9H,0.0,0.0,2619
postal_code_H9G,0.0,0.0,2620
postal_code_H2L,0.0,0.0,2621
postal_code_H9C,0.0,0.0,2622
postal_code_H8Z,0.0,0.0,2623
postal_code_H8Y,0.0,0.0,2624
postal_code_H8W,0.0,0.0,2625
postal_code_H8V,0.0,0.0,2626
postal_code_H8U,0.0,0.0,2627
postal_code_H8T,0.0,0.0,2628
postal_code_H8S,0.0,0.0,2629
postal_code_H8R,0.0,0.0,2630
postal_code_H8Q,0.0,0.0,2631
postal_code_H8P,0.0,0.0,2632
postal_code_H8N,0.0,0.0,2633
postal_code_H9J,0.0,0.0,2634
postal_code_H8M,0.0,0.0,2635
postal_code_H2P,0.0,0.0,2636
postal_code_H8K,0.0,0.0,2637
postal_code_H8J,0.0,0.0,2638
postal_code_H2Q,0.0,0.0,2639
postal_code_H8F,0.0,0.0,2640
postal_code_H8E,0.0,0.0,2641
postal_code_H2R,0.0,0.0,2642
postal_code_H2S,0.0,0.0,2643
postal_code_H8B,0.0,0.0,2644
postal_code_H8A,0.0,0.0,2645
postal_code_H7Z,0.0,0.0,2646
postal_code_H7X,0.0,0.0,2647
postal_code_H7W,0.0,0.0,2648
postal_code_H2K,0.0,0.0,2649
postal_code_H9L,0.0,0.0,2650
postal_code_J8S,0.0,0.0,2651
postal_code_J1E,0.0,0.0,2652
postal_code_H2A,0.0,0.0,2653
postal_code_J1U,0.0,0.0,2654
postal_code_J1T,0.0,0.0,2655
postal_code_J1S,0.0,0.0,2656
postal_code_J1Q,0.0,0.0,2657
postal_code_J1O,0.0,0.0,2658
postal_code_H2C,0.0,0.0,2659
postal_code_J1M,0.0,0.0,2660
postal_code_J1L,0.0,0.0,2661
postal_code_J1K,0.0,0.0,2662
postal_code_J1J,0.0,0.0,2663
postal_code_H2E,0.0,0.0,2664
postal_code_J1H,0.0,0.0,2665
postal_code_J1G,0.0,0.0,2666
postal_code_J1D,0.0,0.0,2667
postal_code_H9M,0.0,0.0,2668
postal_code_H2F,0.0,0.0,2669
postal_code_J1B,0.0,0.0,2670
postal_code_J1A,0.0,0.0,2671
postal_code_H9Z,0.0,0.0,2672
postal_code_H2G,0.0,0.0,2673
postal_code_H9X,0.0,0.0,2674
postal_code_H9W,0.0,0.0,2675
postal_code_H9V,0.0,0.0,2676
postal_code_H9U,0.0,0.0,2677
postal_code_H2H,0.0,0.0,2678
postal_code_H9R,0.0,0.0,2679
postal_code_H9P,0.0,0.0,2680
postal_code_H2I,0.0,0.0,2681
postal_code_H9N,0.0,0.0,2682
postal_code_H7V,0.0,0.0,2683
postal_code_H7T,0.0,0.0,2684
postal_code_H2W,0.0,0.0,2685
postal_code_H5O,0.0,0.0,2686
postal_code_H6E,0.0,0.0,2687
postal_code_H3V,0.0,0.0,2688
postal_code_H6B,0.0,0.0,2689
postal_code_H6A,0.0,0.0,2690
postal_code_H5Z,0.0,0.0,2691
postal_code_H5Y,0.0,0.0,2692
postal_code_H5X,0.0,0.0,2693
postal_code_H5W,0.0,0.0,2694
postal_code_H5U,0.0,0.0,2695
postal_code_H5T,0.0,0.0,2696
postal_code_H3X,0.0,0.0,2697
postal_code_H3Y,0.0,0.0,2698
postal_code_H5Q,0.0,0.0,2699
postal_code_H4A,0.0,0.0,2700
postal_code_H5L,0.0,0.0,2701
postal_code_H7R,0.0,0.0,2702
postal_code_H4C,0.0,0.0,2703
postal_code_H4E,0.0,0.0,2704
postal_code_H5I,0.0,0.0,2705
postal_code_H5H,0.0,0.0,2706
postal_code_H5G,0.0,0.0,2707
postal_code_H5E,0.0,0.0,2708
postal_code_H4G,0.0,0.0,2709
postal_code_H4H,0.0,0.0,2710
postal_code_H5B,0.0,0.0,2711
postal_code_H5A,0.0,0.0,2712
postal_code_H4X,0.0,0.0,2713
postal_code_H4T,0.0,0.0,2714
postal_code_H4K,0.0,0.0,2715
postal_code_H4R,0.0,0.0,2716
postal_code_H3U,0.0,0.0,2717
postal_code_H3S,0.0,0.0,2718
postal_code_H6H,0.0,0.0,2719
postal_code_H6I,0.0,0.0,2720
postal_code_H7Q,0.0,0.0,2721
postal_code_H7P,0.0,0.0,2722
postal_code_H2X,0.0,0.0,2723
postal_code_H2Z,0.0,0.0,2724
postal_code_H7M,0.0,0.0,2725
postal_code_H3A,0.0,0.0,2726
postal_code_H7K,0.0,0.0,2727
postal_code_H3B,0.0,0.0,2728
postal_code_H3D,0.0,0.0,2729
postal_code_H3F,0.0,0.0,2730
postal_code_H3G,0.0,0.0,2731
postal_code_H7F,0.0,0.0,2732
postal_code_H7E,0.0,0.0,2733
postal_code_H7D,0.0,0.0,2734
postal_code_H3I,0.0,0.0,2735
postal_code_H3J,0.0,0.0,2736
postal_code_H3K,0.0,0.0,2737
postal_code_H3N,0.0,0.0,2738
postal_code_H6W,0.0,0.0,2739
postal_code_H6V,0.0,0.0,2740
postal_code_H3O,0.0,0.0,2741
postal_code_H6T,0.0,0.0,2742
postal_code_H6R,0.0,0.0,2743
postal_code_H6P,0.0,0.0,2744
postal_code_H6O,0.0,0.0,2745
postal_code_H3R,0.0,0.0,2746
postal_code_H6L,0.0,0.0,2747
postal_code_H6K,0.0,0.0,2748
postal_code_H6J,0.0,0.0,2749
postal_code_H1Z,0.0,0.0,2750
postal_code_H1Y,0.0,0.0,2751
postal_code_J2B,0.0,0.0,2752
postal_code_J6J,0.0,0.0,2753
postal_code_J7A,0.0,0.0,2754
postal_code_J6Z,0.0,0.0,2755
postal_code_J6Y,0.0,0.0,2756
postal_code_J6X,0.0,0.0,2757
postal_code_G8Y,0.0,0.0,2758
postal_code_J6V,0.0,0.0,2759
postal_code_J6U,0.0,0.0,2760
postal_code_G8Z,0.0,0.0,2761
postal_code_G9D,0.0,0.0,2762
postal_code_J6O,0.0,0.0,2763
postal_code_J6N,0.0,0.0,2764
postal_code_J6M,0.0,0.0,2765
postal_code_J6L,0.0,0.0,2766
postal_code_G9I,0.0,0.0,2767
postal_code_J6I,0.0,0.0,2768
postal_code_J5Q,0.0,0.0,2769
postal_code_J6G,0.0,0.0,2770
postal_code_J6E,0.0,0.0,2771
postal_code_J6D,0.0,0.0,2772
postal_code_G9K,0.0,0.0,2773
postal_code_G9L,0.0,0.0,2774
postal_code_J6A,0.0,0.0,2775
postal_code_J5Z,0.0,0.0,2776
postal_code_G9M,0.0,0.0,2777
postal_code_J5X,0.0,0.0,2778
postal_code_G9N,0.0,0.0,2779
postal_code_J5V,0.0,0.0,2780
postal_code_J5U,0.0,0.0,2781
postal_code_G9O,0.0,0.0,2782
postal_code_J5S,0.0,0.0,2783
postal_code_G8X,0.0,0.0,2784
postal_code_J7C,0.0,0.0,2785
postal_code_J7D,0.0,0.0,2786
postal_code_G8U,0.0,0.0,2787
postal_code_J8R,0.0,0.0,2788
postal_code_J8P,0.0,0.0,2789
postal_code_J8O,0.0,0.0,2790
postal_code_G8C,0.0,0.0,2791
postal_code_G8D,0.0,0.0,2792
postal_code_G8G,0.0,0.0,2793
postal_code_J8K,0.0,0.0,2794
postal_code_J8J,0.0,0.0,2795
postal_code_J8I,0.0,0.0,2796
postal_code_J8G,0.0,0.0,2797
postal_code_J8E,0.0,0.0,2798
postal_code_G8I,0.0,0.0,2799
postal_code_J8B,0.0,0.0,2800
postal_code_G8N,0.0,0.0,2801
postal_code_G8O,0.0,0.0,2802
postal_code_G8R,0.0,0.0,2803
postal_code_J7W,0.0,0.0,2804
postal_code_J7V,0.0,0.0,2805
postal_code_J7T,0.0,0.0,2806
postal_code_G8S,0.0,0.0,2807
postal_code_J7Q,0.0,0.0,2808
postal_code_J7P,0.0,0.0,2809
postal_code_J7O,0.0,0.0,2810
postal_code_J7M,0.0,0.0,2811
postal_code_J7K,0.0,0.0,2812
postal_code_J7J,0.0,0.0,2813
postal_code_J7I,0.0,0.0,2814
postal_code_J7H,0.0,0.0,2815
postal_code_J7G,0.0,0.0,2816
postal_code_J5R,0.0,0.0,2817
postal_code_G9P,0.0,0.0,2818
postal_code_J2E,0.0,0.0,2819
postal_code_J3A,0.0,0.0,2820
postal_code_H1H,0.0,0.0,2821
postal_code_H1J,0.0,0.0,2822
postal_code_J3Q,0.0,0.0,2823
postal_code_J3P,0.0,0.0,2824
postal_code_J3O,0.0,0.0,2825
postal_code_H1L,0.0,0.0,2826
postal_code_J3K,0.0,0.0,2827
postal_code_J3J,0.0,0.0,2828
postal_code_J3H,0.0,0.0,2829
postal_code_H1M,0.0,0.0,2830
postal_code_H1O,0.0,0.0,2831
postal_code_J3D,0.0,0.0,2832
postal_code_J3C,0.0,0.0,2833
postal_code_J3B,0.0,0.0,2834
postal_code_H1P,0.0,0.0,2835
postal_code_G9R,0.0,0.0,2836
postal_code_H1Q,0.0,0.0,2837
postal_code_J2W,0.0,0.0,2838
postal_code_H1S,0.0,0.0,2839
postal_code_J2S,0.0,0.0,2840
postal_code_J2R,0.0,0.0,2841
postal_code_H1T,0.0,0.0,2842
postal_code_J2P,0.0,0.0,2843
postal_code_H1U,0.0,0.0,2844
postal_code_H1V,0.0,0.0,2845
postal_code_J2M,0.0,0.0,2846
postal_code_H1X,0.0,0.0,2847
postal_code_J2I,0.0,0.0,2848
postal_code_J2G,0.0,0.0,2849
postal_code_J2F,0.0,0.0,2850
postal_code_J3U,0.0,0.0,2851
postal_code_J3X,0.0,0.0,2852
postal_code_J3Y,0.0,0.0,2853
postal_code_H1E,0.0,0.0,2854
postal_code_J5M,0.0,0.0,2855
postal_code_J5K,0.0,0.0,2856
postal_code_J5J,0.0,0.0,2857
postal_code_J5I,0.0,0.0,2858
postal_code_J5G,0.0,0.0,2859
postal_code_G9T,0.0,0.0,2860
postal_code_J5E,0.0,0.0,2861
postal_code_J5C,0.0,0.0,2862
postal_code_J5B,0.0,0.0,2863
postal_code_J5A,0.0,0.0,2864
postal_code_J4Z,0.0,0.0,2865
postal_code_J4Y,0.0,0.0,2866
postal_code_J4U,0.0,0.0,2867
postal_code_J4T,0.0,0.0,2868
postal_code_J4S,0.0,0.0,2869
postal_code_J4R,0.0,0.0,2870
postal_code_J4Q,0.0,0.0,2871
postal_code_G9Y,0.0,0.0,2872
postal_code_J4N,0.0,0.0,2873
postal_code_J4M,0.0,0.0,2874
postal_code_G9Z,0.0,0.0,2875
postal_code_J4K,0.0,0.0,2876
postal_code_J4I,0.0,0.0,2877
postal_code_J4H,0.0,0.0,2878
postal_code_H1A,0.0,0.0,2879
postal_code_H1B,0.0,0.0,2880
postal_code_J4D,0.0,0.0,2881
postal_code_H1C,0.0,0.0,2882
postal_code_H1D,0.0,0.0,2883
postal_code_L4S,0.0,0.0,2884
postal_code_L4V,0.0,0.0,2885
postal_code_C5R,0.0,0.0,2886
postal_code_N3P,0.0,0.0,2887
postal_code_N4G,0.0,0.0,2888
postal_code_N4F,0.0,0.0,2889
postal_code_N4E,0.0,0.0,2890
postal_code_N4D,0.0,0.0,2891
postal_code_E1Y,0.0,0.0,2892
postal_code_N4A,0.0,0.0,2893
postal_code_N3Z,0.0,0.0,2894
postal_code_N3Y,0.0,0.0,2895
postal_code_N3W,0.0,0.0,2896
postal_code_N3U,0.0,0.0,2897
postal_code_N3T,0.0,0.0,2898
postal_code_E2A,0.0,0.0,2899
postal_code_N3R,0.0,0.0,2900
postal_code_N3Q,0.0,0.0,2901
postal_code_E2B,0.0,0.0,2902
postal_code_E1X,0.0,0.0,2903
postal_code_N3M,0.0,0.0,2904
postal_code_N3L,0.0,0.0,2905
postal_code_N3K,0.0,0.0,2906
postal_code_N3I,0.0,0.0,2907
postal_code_E2C,0.0,0.0,2908
postal_code_N3G,0.0,0.0,2909
postal_code_N3F,0.0,0.0,2910
postal_code_E2E,0.0,0.0,2911
postal_code_N3D,0.0,0.0,2912
postal_code_N3C,0.0,0.0,2913
postal_code_E2F,0.0,0.0,2914
postal_code_N3A,0.0,0.0,2915
postal_code_N2Z,0.0,0.0,2916
postal_code_N2Y,0.0,0.0,2917
postal_code_N4I,0.0,0.0,2918
postal_code_E1T,0.0,0.0,2919
postal_code_E4F,0.0,0.0,2920
postal_code_E1B,0.0,0.0,2921
postal_code_N5X,0.0,0.0,2922
postal_code_N5U,0.0,0.0,2923
postal_code_N5T,0.0,0.0,2924
postal_code_C9Q,0.0,0.0,2925
postal_code_C9R,0.0,0.0,2926
postal_code_N5Q,0.0,0.0,2927
postal_code_N5P,0.0,0.0,2928
postal_code_C9S,0.0,0.0,2929
postal_code_C9U,0.0,0.0,2930
postal_code_N5M,0.0,0.0,2931
postal_code_C9Y,0.0,0.0,2932
postal_code_N5K,0.0,0.0,2933
postal_code_C9Z,0.0,0.0,2934
postal_code_N5I,0.0,0.0,2935
postal_code_N5G,0.0,0.0,2936
postal_code_N4N,0.0,0.0,2937
postal_code_N5D,0.0,0.0,2938
postal_code_N5B,0.0,0.0,2939
postal_code_E1D,0.0,0.0,2940
postal_code_E1E,0.0,0.0,2941
postal_code_N4X,0.0,0.0,2942
postal_code_E1G,0.0,0.0,2943
postal_code_E1H,0.0,0.0,2944
postal_code_N4U,0.0,0.0,2945
postal_code_N4T,0.0,0.0,2946
postal_code_N4S,0.0,0.0,2947
postal_code_E1M,0.0,0.0,2948
postal_code_N4Q,0.0,0.0,2949
postal_code_E1P,0.0,0.0,2950
postal_code_E1Q,0.0,0.0,2951
postal_code_N2X,0.0,0.0,2952
postal_code_N2W,0.0,0.0,2953
postal_code_N2V,0.0,0.0,2954
postal_code_E3X,0.0,0.0,2955
postal_code_E3M,0.0,0.0,2956
postal_code_N1G,0.0,0.0,2957
postal_code_N1F,0.0,0.0,2958
postal_code_N1D,0.0,0.0,2959
postal_code_N1C,0.0,0.0,2960
postal_code_E3O,0.0,0.0,2961
postal_code_M9Y,0.0,0.0,2962
postal_code_E3Q,0.0,0.0,2963
postal_code_E3R,0.0,0.0,2964
postal_code_M9U,0.0,0.0,2965
postal_code_E3S,0.0,0.0,2966
postal_code_M9R,0.0,0.0,2967
postal_code_E3U,0.0,0.0,2968
postal_code_M9P,0.0,0.0,2969
postal_code_M9N,0.0,0.0,2970
postal_code_N2U,0.0,0.0,2971
postal_code_M9M,0.0,0.0,2972
postal_code_E3Y,0.0,0.0,2973
postal_code_E3Z,0.0,0.0,2974
postal_code_M9J,0.0,0.0,2975
postal_code_M9I,0.0,0.0,2976
postal_code_M9G,0.0,0.0,2977
postal_code_M9F,0.0,0.0,2978
postal_code_M9E,0.0,0.0,2979
postal_code_M9D,0.0,0.0,2980
postal_code_M9C,0.0,0.0,2981
postal_code_E4C,0.0,0.0,2982
postal_code_M9A,0.0,0.0,2983
postal_code_E4D,0.0,0.0,2984
postal_code_M8Y,0.0,0.0,2985
postal_code_E3G,0.0,0.0,2986
postal_code_N1J,0.0,0.0,2987
postal_code_E3F,0.0,0.0,2988
postal_code_N1L,0.0,0.0,2989
postal_code_N2S,0.0,0.0,2990
postal_code_N2P,0.0,0.0,2991
postal_code_N2N,0.0,0.0,2992
postal_code_N2M,0.0,0.0,2993
postal_code_E2N,0.0,0.0,2994
postal_code_N2K,0.0,0.0,2995
postal_code_E2T,0.0,0.0,2996
postal_code_E2U,0.0,0.0,2997
postal_code_E2X,0.0,0.0,2998
postal_code_E2Y,0.0,0.0,2999
postal_code_N2F,0.0,0.0,3000
postal_code_E3A,0.0,0.0,3001
postal_code_N2D,0.0,0.0,3002
postal_code_N2C,0.0,0.0,3003
postal_code_N2B,0.0,0.0,3004
postal_code_N2A,0.0,0.0,3005
postal_code_N1Z,0.0,0.0,3006
postal_code_N1Y,0.0,0.0,3007
postal_code_N1X,0.0,0.0,3008
postal_code_E3D,0.0,0.0,3009
postal_code_N1V,0.0,0.0,3010
postal_code_N1U,0.0,0.0,3011
postal_code_E3E,0.0,0.0,3012
postal_code_N1S,0.0,0.0,3013
postal_code_N1R,0.0,0.0,3014
postal_code_N1Q,0.0,0.0,3015
postal_code_N1P,0.0,0.0,3016
postal_code_N1N,0.0,0.0,3017
postal_code_N1M,0.0,0.0,3018
postal_code_N5Y,0.0,0.0,3019
postal_code_N5Z,0.0,0.0,3020
postal_code_N6A,0.0,0.0,3021
postal_code_N9Z,0.0,0.0,3022
postal_code_P1R,0.0,0.0,3023
postal_code_P1Q,0.0,0.0,3024
postal_code_C6W,0.0,0.0,3025
postal_code_C6X,0.0,0.0,3026
postal_code_P1N,0.0,0.0,3027
postal_code_P1M,0.0,0.0,3028
postal_code_C6Y,0.0,0.0,3029
postal_code_P1K,0.0,0.0,3030
postal_code_P1J,0.0,0.0,3031
postal_code_P1H,0.0,0.0,3032
postal_code_C6Z,0.0,0.0,3033
postal_code_C7A,0.0,0.0,3034
postal_code_C7B,0.0,0.0,3035
postal_code_P1B,0.0,0.0,3036
postal_code_C7D,0.0,0.0,3037
postal_code_N9E,0.0,0.0,3038
postal_code_C7G,0.0,0.0,3039
postal_code_N9W,0.0,0.0,3040
postal_code_N9U,0.0,0.0,3041
postal_code_C7O,0.0,0.0,3042
postal_code_N9S,0.0,0.0,3043
postal_code_N9R,0.0,0.0,3044
postal_code_C7Q,0.0,0.0,3045
postal_code_N9O,0.0,0.0,3046
postal_code_N9M,0.0,0.0,3047
postal_code_N9L,0.0,0.0,3048
postal_code_N9K,0.0,0.0,3049
postal_code_N9J,0.0,0.0,3050
postal_code_N9H,0.0,0.0,3051
postal_code_N9G,0.0,0.0,3052
postal_code_C6V,0.0,0.0,3053
postal_code_P1T,0.0,0.0,3054
postal_code_P1U,0.0,0.0,3055
postal_code_C6T,0.0,0.0,3056
postal_code_C5T,0.0,0.0,3057
postal_code_P3A,0.0,0.0,3058
postal_code_P2Z,0.0,0.0,3059
postal_code_C5X,0.0,0.0,3060
postal_code_P2X,0.0,0.0,3061
postal_code_P2V,0.0,0.0,3062
postal_code_C6A,0.0,0.0,3063
postal_code_P2T,0.0,0.0,3064
postal_code_P2S,0.0,0.0,3065
postal_code_P2R,0.0,0.0,3066
postal_code_P2Q,0.0,0.0,3067
postal_code_P2P,0.0,0.0,3068
postal_code_P2O,0.0,0.0,3069
postal_code_P2N,0.0,0.0,3070
postal_code_C6C,0.0,0.0,3071
postal_code_P2L,0.0,0.0,3072
postal_code_P2K,0.0,0.0,3073
postal_code_P2J,0.0,0.0,3074
postal_code_C6N,0.0,0.0,3075
postal_code_P2H,0.0,0.0,3076
postal_code_P2F,0.0,0.0,3077
postal_code_P2E,0.0,0.0,3078
postal_code_C6Q,0.0,0.0,3079
postal_code_P2C,0.0,0.0,3080
postal_code_C6R,0.0,0.0,3081
postal_code_P2A,0.0,0.0,3082
postal_code_P1Y,0.0,0.0,3083
postal_code_P1X,0.0,0.0,3084
postal_code_P1W,0.0,0.0,3085
postal_code_N9F,0.0,0.0,3086
postal_code_N9D,0.0,0.0,3087
postal_code_N6B,0.0,0.0,3088
postal_code_C9C,0.0,0.0,3089
postal_code_N7K,0.0,0.0,3090
postal_code_N7J,0.0,0.0,3091
postal_code_N7I,0.0,0.0,3092
postal_code_N7H,0.0,0.0,3093
postal_code_C8U,0.0,0.0,3094
postal_code_N7F,0.0,0.0,3095
postal_code_C8Z,0.0,0.0,3096
postal_code_N7D,0.0,0.0,3097
postal_code_N7C,0.0,0.0,3098
postal_code_N7B,0.0,0.0,3099
postal_code_C9A,0.0,0.0,3100
postal_code_N6Z,0.0,0.0,3101
postal_code_N6Y,0.0,0.0,3102
postal_code_N6W,0.0,0.0,3103
postal_code_N6U,0.0,0.0,3104
postal_code_N9C,0.0,0.0,3105
postal_code_C9G,0.0,0.0,3106
postal_code_H4L,0.0,0.0,3107
postal_code_N6R,0.0,0.0,3108
postal_code_N6Q,0.0,0.0,3109
postal_code_N6O,0.0,0.0,3110
postal_code_N6N,0.0,0.0,3111
postal_code_N6M,0.0,0.0,3112
postal_code_N6L,0.0,0.0,3113
postal_code_N6J,0.0,0.0,3114
postal_code_N6I,0.0,0.0,3115
postal_code_N6G,0.0,0.0,3116
postal_code_C9M,0.0,0.0,3117
postal_code_C9O,0.0,0.0,3118
postal_code_N6C,0.0,0.0,3119
postal_code_C8O,0.0,0.0,3120
postal_code_N7N,0.0,0.0,3121
postal_code_C8N,0.0,0.0,3122
postal_code_N7Q,0.0,0.0,3123
postal_code_C7S,0.0,0.0,3124
postal_code_N9A,0.0,0.0,3125
postal_code_C7T,0.0,0.0,3126
postal_code_N8Y,0.0,0.0,3127
postal_code_N8X,0.0,0.0,3128
postal_code_C7V,0.0,0.0,3129
postal_code_C7W,0.0,0.0,3130
postal_code_N8U,0.0,0.0,3131
postal_code_C7X,0.0,0.0,3132
postal_code_C8C,0.0,0.0,3133
postal_code_C8D,0.0,0.0,3134
postal_code_N8K,0.0,0.0,3135
postal_code_N8J,0.0,0.0,3136
postal_code_C8J,0.0,0.0,3137
postal_code_N8H,0.0,0.0,3138
postal_code_N8G,0.0,0.0,3139
postal_code_N8F,0.0,0.0,3140
postal_code_N8E,0.0,0.0,3141
postal_code_N8D,0.0,0.0,3142
postal_code_N8B,0.0,0.0,3143
postal_code_N8A,0.0,0.0,3144
postal_code_C8K,0.0,0.0,3145
postal_code_N7X,0.0,0.0,3146
postal_code_N7W,0.0,0.0,3147
postal_code_N7V,0.0,0.0,3148
postal_code_N7U,0.0,0.0,3149
postal_code_N7T,0.0,0.0,3150
postal_code_C8M,0.0,0.0,3151
postal_code_N7R,0.0,0.0,3152
postal_code_E4E,0.0,0.0,3153
postal_code_M8T,0.0,0.0,3154
postal_code_L4W,0.0,0.0,3155
postal_code_L9F,0.0,0.0,3156
postal_code_L9Z,0.0,0.0,3157
postal_code_E8J,0.0,0.0,3158
postal_code_L9U,0.0,0.0,3159
postal_code_E8K,0.0,0.0,3160
postal_code_L9S,0.0,0.0,3161
postal_code_L9Q,0.0,0.0,3162
postal_code_E8M,0.0,0.0,3163
postal_code_L9O,0.0,0.0,3164
postal_code_E8P,0.0,0.0,3165
postal_code_L9M,0.0,0.0,3166
postal_code_E8R,0.0,0.0,3167
postal_code_L9J,0.0,0.0,3168
postal_code_L9H,0.0,0.0,3169
postal_code_E8V,0.0,0.0,3170
postal_code_E8X,0.0,0.0,3171
postal_code_E8G,0.0,0.0,3172
postal_code_E8Z,0.0,0.0,3173
postal_code_L9B,0.0,0.0,3174
postal_code_L9A,0.0,0.0,3175
postal_code_L8Z,0.0,0.0,3176
postal_code_L8Y,0.0,0.0,3177
postal_code_L8X,0.0,0.0,3178
postal_code_E9A,0.0,0.0,3179
postal_code_E9C,0.0,0.0,3180
postal_code_L8T,0.0,0.0,3181
postal_code_L8S,0.0,0.0,3182
postal_code_E9H,0.0,0.0,3183
postal_code_E9I,0.0,0.0,3184
postal_code_L8N,0.0,0.0,3185
postal_code_L8M,0.0,0.0,3186
postal_code_M1B,0.0,0.0,3187
postal_code_E8F,0.0,0.0,3188
postal_code_E4J,0.0,0.0,3189
postal_code_E7X,0.0,0.0,3190
postal_code_M2O,0.0,0.0,3191
postal_code_E7R,0.0,0.0,3192
postal_code_M2L,0.0,0.0,3193
postal_code_M2K,0.0,0.0,3194
postal_code_M2J,0.0,0.0,3195
postal_code_M2H,0.0,0.0,3196
postal_code_E7S,0.0,0.0,3197
postal_code_E7T,0.0,0.0,3198
postal_code_E7U,0.0,0.0,3199
postal_code_E7W,0.0,0.0,3200
postal_code_M2A,0.0,0.0,3201
postal_code_M1Z,0.0,0.0,3202
postal_code_M1Y,0.0,0.0,3203
postal_code_M1X,0.0,0.0,3204
postal_code_M1V,0.0,0.0,3205
postal_code_E8E,0.0,0.0,3206
postal_code_M1U,0.0,0.0,3207
postal_code_M1T,0.0,0.0,3208
postal_code_M1R,0.0,0.0,3209
postal_code_M1Q,0.0,0.0,3210
postal_code_M1P,0.0,0.0,3211
postal_code_E7Z,0.0,0.0,3212
postal_code_M1N,0.0,0.0,3213
postal_code_E8C,0.0,0.0,3214
postal_code_M1L,0.0,0.0,3215
postal_code_M1K,0.0,0.0,3216
postal_code_M1J,0.0,0.0,3217
postal_code_M1I,0.0,0.0,3218
postal_code_M1H,0.0,0.0,3219
postal_code_M1G,0.0,0.0,3220
postal_code_L8J,0.0,0.0,3221
postal_code_L8I,0.0,0.0,3222
postal_code_L8H,0.0,0.0,3223
postal_code_L5Q,0.0,0.0,3224
postal_code_L6N,0.0,0.0,3225
postal_code_L6M,0.0,0.0,3226
postal_code_G1N,0.0,0.0,3227
postal_code_L6K,0.0,0.0,3228
postal_code_G1O,0.0,0.0,3229
postal_code_L6I,0.0,0.0,3230
postal_code_L6G,0.0,0.0,3231
postal_code_L6F,0.0,0.0,3232
postal_code_L6B,0.0,0.0,3233
postal_code_L5Z,0.0,0.0,3234
postal_code_G1P,0.0,0.0,3235
postal_code_L5W,0.0,0.0,3236
postal_code_G1U,0.0,0.0,3237
postal_code_L5T,0.0,0.0,3238
postal_code_L5P,0.0,0.0,3239
postal_code_L8G,0.0,0.0,3240
postal_code_L5O,0.0,0.0,3241
postal_code_G1W,0.0,0.0,3242
postal_code_L5L,0.0,0.0,3243
postal_code_L5K,0.0,0.0,3244
postal_code_L5J,0.0,0.0,3245
postal_code_L5H,0.0,0.0,3246
postal_code_L5G,0.0,0.0,3247
postal_code_L5F,0.0,0.0,3248
postal_code_L5E,0.0,0.0,3249
postal_code_L5D,0.0,0.0,3250
postal_code_L5B,0.0,0.0,3251
postal_code_L5A,0.0,0.0,3252
postal_code_L4Z,0.0,0.0,3253
postal_code_G1X,0.0,0.0,3254
postal_code_G1K,0.0,0.0,3255
postal_code_G1F,0.0,0.0,3256
postal_code_G1E,0.0,0.0,3257
postal_code_L6W,0.0,0.0,3258
postal_code_E9K,0.0,0.0,3259
postal_code_L8E,0.0,0.0,3260
postal_code_E9L,0.0,0.0,3261
postal_code_L8C,0.0,0.0,3262
postal_code_E9M,0.0,0.0,3263
postal_code_E9N,0.0,0.0,3264
postal_code_L7X,0.0,0.0,3265
postal_code_L7U,0.0,0.0,3266
postal_code_E9O,0.0,0.0,3267
postal_code_L7S,0.0,0.0,3268
postal_code_E9P,0.0,0.0,3269
postal_code_L7Q,0.0,0.0,3270
postal_code_L7P,0.0,0.0,3271
postal_code_E9Q,0.0,0.0,3272
postal_code_L7N,0.0,0.0,3273
postal_code_E9R,0.0,0.0,3274
postal_code_L7L,0.0,0.0,3275
postal_code_L7K,0.0,0.0,3276
postal_code_L7J,0.0,0.0,3277
postal_code_E9U,0.0,0.0,3278
postal_code_E9V,0.0,0.0,3279
postal_code_L7G,0.0,0.0,3280
postal_code_L7F,0.0,0.0,3281
postal_code_L7E,0.0,0.0,3282
postal_code_L7D,0.0,0.0,3283
postal_code_L7C,0.0,0.0,3284
postal_code_E9X,0.0,0.0,3285
postal_code_L7A,0.0,0.0,3286
postal_code_L6Z,0.0,0.0,3287
postal_code_M2P,0.0,0.0,3288
postal_code_M2Q,0.0,0.0,3289
postal_code_M2R,0.0,0.0,3290
postal_code_E5M,0.0,0.0,3291
postal_code_M7I,0.0,0.0,3292
postal_code_E5D,0.0,0.0,3293
postal_code_M7G,0.0,0.0,3294
postal_code_M7F,0.0,0.0,3295
postal_code_E5E,0.0,0.0,3296
postal_code_M7D,0.0,0.0,3297
postal_code_E5F,0.0,0.0,3298
postal_code_E5H,0.0,0.0,3299
postal_code_M6Z,0.0,0.0,3300
postal_code_M6Y,0.0,0.0,3301
postal_code_E5I,0.0,0.0,3302
postal_code_E5J,0.0,0.0,3303
postal_code_E5K,0.0,0.0,3304
postal_code_E5L,0.0,0.0,3305
postal_code_M6Q,0.0,0.0,3306
postal_code_M5Z,0.0,0.0,3307
postal_code_E5N,0.0,0.0,3308
postal_code_M6O,0.0,0.0,3309
postal_code_M6N,0.0,0.0,3310
postal_code_M6M,0.0,0.0,3311
postal_code_M6L,0.0,0.0,3312
postal_code_M6K,0.0,0.0,3313
postal_code_M6J,0.0,0.0,3314
postal_code_E5P,0.0,0.0,3315
postal_code_E5R,0.0,0.0,3316
postal_code_E5T,0.0,0.0,3317
postal_code_M6F,0.0,0.0,3318
postal_code_E5U,0.0,0.0,3319
postal_code_M6D,0.0,0.0,3320
postal_code_M6C,0.0,0.0,3321
postal_code_M7J,0.0,0.0,3322
postal_code_M7K,0.0,0.0,3323
postal_code_M7L,0.0,0.0,3324
postal_code_M7M,0.0,0.0,3325
postal_code_M8R,0.0,0.0,3326
postal_code_M8Q,0.0,0.0,3327
postal_code_M8P,0.0,0.0,3328
postal_code_E4K,0.0,0.0,3329
postal_code_M8N,0.0,0.0,3330
postal_code_M8M,0.0,0.0,3331
postal_code_M8L,0.0,0.0,3332
postal_code_M8K,0.0,0.0,3333
postal_code_M8J,0.0,0.0,3334
postal_code_M8I,0.0,0.0,3335
postal_code_M8H,0.0,0.0,3336
postal_code_M8G,0.0,0.0,3337
postal_code_M8F,0.0,0.0,3338
postal_code_M8E,0.0,0.0,3339
postal_code_M8C,0.0,0.0,3340
postal_code_M8A,0.0,0.0,3341
postal_code_E4O,0.0,0.0,3342
postal_code_E4R,0.0,0.0,3343
postal_code_M7X,0.0,0.0,3344
postal_code_E4U,0.0,0.0,3345
postal_code_E4V,0.0,0.0,3346
postal_code_E4W,0.0,0.0,3347
postal_code_M7T,0.0,0.0,3348
postal_code_M7S,0.0,0.0,3349
postal_code_E4Y,0.0,0.0,3350
postal_code_E5B,0.0,0.0,3351
postal_code_M7P,0.0,0.0,3352
postal_code_M7O,0.0,0.0,3353
postal_code_E5C,0.0,0.0,3354
postal_code_M6B,0.0,0.0,3355
postal_code_E6A,0.0,0.0,3356
postal_code_M2U,0.0,0.0,3357
postal_code_E7K,0.0,0.0,3358
postal_code_M4C,0.0,0.0,3359
postal_code_M4A,0.0,0.0,3360
postal_code_E7A,0.0,0.0,3361
postal_code_M3Y,0.0,0.0,3362
postal_code_E7B,0.0,0.0,3363
postal_code_M3W,0.0,0.0,3364
postal_code_M3V,0.0,0.0,3365
postal_code_E7C,0.0,0.0,3366
postal_code_E7D,0.0,0.0,3367
postal_code_M3R,0.0,0.0,3368
postal_code_E7F,0.0,0.0,3369
postal_code_E7G,0.0,0.0,3370
postal_code_E7I,0.0,0.0,3371
postal_code_M3N,0.0,0.0,3372
postal_code_M3L,0.0,0.0,3373
postal_code_M5U,0.0,0.0,3374
postal_code_M3K,0.0,0.0,3375
postal_code_M3J,0.0,0.0,3376
postal_code_M3I,0.0,0.0,3377
postal_code_M3H,0.0,0.0,3378
postal_code_M3G,0.0,0.0,3379
postal_code_M3F,0.0,0.0,3380
postal_code_E7L,0.0,0.0,3381
postal_code_M3C,0.0,0.0,3382
postal_code_M3B,0.0,0.0,3383
postal_code_M3A,0.0,0.0,3384
postal_code_M2Y,0.0,0.0,3385
postal_code_M2X,0.0,0.0,3386
postal_code_E7O,0.0,0.0,3387
postal_code_E7Q,0.0,0.0,3388
postal_code_M4D,0.0,0.0,3389
postal_code_M4E,0.0,0.0,3390
postal_code_M4F,0.0,0.0,3391
postal_code_M4G,0.0,0.0,3392
postal_code_M5T,0.0,0.0,3393
postal_code_M5S,0.0,0.0,3394
postal_code_E6B,0.0,0.0,3395
postal_code_M5Q,0.0,0.0,3396
postal_code_M5P,0.0,0.0,3397
postal_code_E6C,0.0,0.0,3398
postal_code_E6D,0.0,0.0,3399
postal_code_M5L,0.0,0.0,3400
postal_code_M5K,0.0,0.0,3401
postal_code_M5J,0.0,0.0,3402
postal_code_M5H,0.0,0.0,3403
postal_code_E6H,0.0,0.0,3404
postal_code_E6I,0.0,0.0,3405
postal_code_E6J,0.0,0.0,3406
postal_code_E6K,0.0,0.0,3407
postal_code_E6Q,0.0,0.0,3408
postal_code_M4V,0.0,0.0,3409
postal_code_M4T,0.0,0.0,3410
postal_code_M4S,0.0,0.0,3411
postal_code_E6R,0.0,0.0,3412
postal_code_M4Q,0.0,0.0,3413
postal_code_E6S,0.0,0.0,3414
postal_code_E6T,0.0,0.0,3415
postal_code_M4M,0.0,0.0,3416
postal_code_M4L,0.0,0.0,3417
postal_code_E6V,0.0,0.0,3418
postal_code_E6X,0.0,0.0,3419
postal_code_M4I,0.0,0.0,3420
postal_code_M4H,0.0,0.0,3421
postal_code_L5S,0.0,0.0,3422
