Feature,LASSO_Coefficient,LASSO_AbsCoeff,LASSO_Rank,Ridge_Coefficient,Ridge_AbsCoeff,Ridge_Rank,ElasticNet_Coefficient,ElasticNet_AbsCoeff,ElasticNet_Rank,Average_Rank,Rank_Difference
postal_code_M7A,2.692348748684371,2.692348748684371,1,1.2831669670487669,1.2831669670487669,1,1.9709721248124448,1.9709721248124448,1,1.0,0
postal_code_B2R,2.592023767704575,2.592023767704575,2,1.2025872612420592,1.2025872612420592,2,1.6842056935997327,1.6842056935997327,5,3.0,3
postal_code_V9A,2.0937374725819815,2.0937374725819815,6,0.9975103835777998,0.9975103835777998,12,1.7389174578366497,1.7389174578366497,4,7.333333333333333,8
postal_code_A3U,2.014680196217463,2.014680196217463,9,1.1370010950291598,1.1370010950291598,3,1.4563582070186096,1.4563582070186096,14,8.666666666666666,11
postal_code_M9B,2.067179720314492,2.067179720314492,7,1.119941330355917,1.119941330355917,5,1.4437830575228006,1.4437830575228006,15,9.0,10
postal_code_T9K,2.0366228672623414,2.0366228672623414,8,0.9821464381326214,0.9821464381326214,14,1.6555599654949233,1.6555599654949233,6,9.333333333333334,8
postal_code_V5J,2.282887455986215,2.282887455986215,3,0.9322212220371014,0.9322212220371014,23,1.9166835431906146,1.9166835431906146,2,9.333333333333334,21
postal_code_B2U,1.8769353411427492,1.8769353411427492,13,1.120514613776759,1.120514613776759,4,1.4247465416110174,1.4247465416110174,16,11.0,12
postal_code_G3V,2.1837107757062455,2.1837107757062455,5,0.9102237082469167,0.9102237082469167,32,1.6151313093153499,1.6151313093153499,7,14.666666666666666,27
postal_code_N9Y,1.8846630350404554,1.8846630350404554,11,0.9315578728918245,0.9315578728918245,24,1.564125918529213,1.564125918529213,9,14.666666666666666,15
postal_code_N2H,1.7284295756272139,1.7284295756272139,16,1.0693207151739965,1.0693207151739965,7,1.3118311627868797,1.3118311627868797,26,16.333333333333332,19
postal_code_M7H,1.6855054855352916,1.6855054855352916,17,1.0885911567081645,1.0885911567081645,6,1.2987793680303423,1.2987793680303423,29,17.333333333333332,23
postal_code_H3C,1.964719347630177,1.964719347630177,10,0.8868885752100801,0.8868885752100801,40,1.5632347078586608,1.5632347078586608,10,20.0,30
postal_code_J6W,2.216847460796396,2.216847460796396,4,0.8368597254736918,0.8368597254736918,54,1.8998985854599018,1.8998985854599018,3,20.333333333333332,51
postal_code_J7S,1.6170875681265067,1.6170875681265067,21,1.0578831567390206,1.0578831567390206,8,1.2792154590816676,1.2792154590816676,33,20.666666666666668,25
postal_code_L4Q,1.5498063274144043,1.5498063274144043,24,1.0388300215197106,1.0388300215197106,9,1.27524818057582,1.27524818057582,34,22.333333333333332,25
postal_code_P5B,1.7998234210339223,1.7998234210339223,14,0.8787299656073972,0.8787299656073972,42,1.4866080219781286,1.4866080219781286,13,23.0,29
postal_code_A9P,1.6819482590685122,1.6819482590685122,19,0.8761197134822625,0.8761197134822625,43,1.3697880696845184,1.3697880696845184,19,27.0,24
postal_code_B5I,1.4058510397166293,1.4058510397166293,35,1.0053759697818034,1.0053759697818034,11,1.1928733530046687,1.1928733530046687,42,29.333333333333332,31
postal_code_P4E,1.8805205157985594,1.8805205157985594,12,0.7972119584527639,0.7972119584527639,70,1.6074318121391546,1.6074318121391546,8,30.0,62
postal_code_P7Z,1.5424519623323167,1.5424519623323167,26,0.8596691697716753,0.8596691697716753,49,1.3343667319541717,1.3343667319541717,21,32.0,28
postal_code_M7W,1.7550817615778698,1.7550817615778698,15,0.793467056478569,0.793467056478569,71,1.5350842145006245,1.5350842145006245,11,32.333333333333336,60
postal_code_K3J,1.381747411112645,1.381747411112645,38,0.9780046402574695,0.9780046402574695,16,1.1472443594005943,1.1472443594005943,47,33.666666666666664,31
postal_code_K3W,1.5487569022528114,1.5487569022528114,25,0.8427783671916328,0.8427783671916328,52,1.2796100791692389,1.2796100791692389,32,36.333333333333336,27
postal_code_G8J,1.6354134954023156,1.6354134954023156,20,0.8082456884053778,0.8082456884053778,68,1.3300708210803984,1.3300708210803984,22,36.666666666666664,48
postal_code_K2F,1.5306480066876986,1.5306480066876986,28,0.8300429180293224,0.8300429180293224,57,1.2954473108632212,1.2954473108632212,30,38.333333333333336,29
postal_code_R6A,1.5394787365049982,1.5394787365049982,27,0.8215470752832301,0.8215470752832301,62,1.305572067903721,1.305572067903721,27,38.666666666666664,35
postal_code_R8Y,1.5978185978723407,1.5978185978723407,23,0.7474441693314708,0.7474441693314708,83,1.407950215178447,1.407950215178447,17,41.0,66
postal_code_J3F,1.6002308433426948,1.6002308433426948,22,0.7107948580982231,0.7107948580982231,91,1.3724495504832177,1.3724495504832177,18,43.666666666666664,73
postal_code_S9S,1.3930329119364893,1.3930329119364893,37,0.8243474912369398,0.8243474912369398,60,1.2208753448478011,1.2208753448478011,39,45.333333333333336,23
postal_code_H2D,1.4821847769866616,1.4821847769866616,30,0.7929989304683285,0.7929989304683285,72,1.2445549239639597,1.2445549239639597,36,46.0,42
postal_code_H5K,1.1718951244067848,1.1718951244067848,56,0.978617920228158,0.978617920228158,15,1.0583557253455895,1.0583557253455895,67,46.0,52
postal_code_G9H,1.5058479999030108,1.5058479999030108,29,0.7037434110915215,0.7037434110915215,94,1.329774229406658,1.329774229406658,23,48.666666666666664,71
postal_code_P3S,1.1307913263332485,1.1307913263332485,64,1.0117976974490501,1.0117976974490501,10,1.042410878959762,1.042410878959762,72,48.666666666666664,62
postal_code_H7C,1.4512160261376217,1.4512160261376217,33,0.7365927569406825,0.7365927569406825,84,1.2926717825863374,1.2926717825863374,31,49.333333333333336,53
postal_code_M6U,1.4737377235160953,1.4737377235160953,32,0.7073307879949277,0.7073307879949277,92,1.3140668868832426,1.3140668868832426,24,49.333333333333336,68
postal_code_M9X,1.4779844939614137,1.4779844939614137,31,0.6334749437390289,0.6334749437390289,113,1.335898904538246,1.335898904538246,20,54.666666666666664,93
postal_code_G1L,1.3344263228566906,1.3344263228566906,42,0.7851300140289819,0.7851300140289819,77,1.1583936630224174,1.1583936630224174,46,55.0,35
postal_code_V2T,1.4270787819243307,1.4270787819243307,34,0.6408216484956918,0.6408216484956918,108,1.3043612075047815,1.3043612075047815,28,56.666666666666664,80
postal_code_C3O,1.0429439770317341,1.0429439770317341,78,0.9557463062997295,0.9557463062997295,19,1.0206038460098799,1.0206038460098799,78,58.333333333333336,59
postal_code_R7P,1.3584063211131212,1.3584063211131212,39,0.6275926991860339,0.6275926991860339,117,1.2728526964785345,1.2728526964785345,35,63.666666666666664,82
postal_code_L8Q,1.2214098336999626,1.2214098336999626,48,0.7041688880637158,0.7041688880637158,93,1.1339865979497379,1.1339865979497379,51,64.0,45
postal_code_J3N,1.6835704439924661,1.6835704439924661,18,0.5598300348092742,0.5598300348092742,163,1.489506839185883,1.489506839185883,12,64.33333333333333,151
postal_code_P1S,1.3404499429914765,1.3404499429914765,41,0.6144463512830353,0.6144463512830353,118,1.2285213545342077,1.2285213545342077,38,65.66666666666667,80
postal_code_B5U,1.3272379111211208,1.3272379111211208,43,0.6297665408705718,0.6297665408705718,116,1.195915413736541,1.195915413736541,41,66.66666666666667,75
postal_code_N8V,1.156282323457198,1.156282323457198,58,0.7699807905677599,0.7699807905677599,81,1.067784465621642,1.067784465621642,64,67.66666666666667,23
postal_code_M9W,1.3416596427110852,1.3416596427110852,40,0.6065514928467657,0.6065514928467657,126,1.2287322863327068,1.2287322863327068,37,67.66666666666667,89
postal_code_K8C,0.985553190255264,0.985553190255264,87,0.911315435000882,0.911315435000882,31,0.9703095921139346,0.9703095921139346,90,69.33333333333333,59
postal_code_H6Y,1.1522217981154115,1.1522217981154115,60,0.7330993819349034,0.7330993819349034,85,1.0725713885988406,1.0725713885988406,63,69.33333333333333,25
postal_code_K6V,1.2837277687859519,1.2837277687859519,46,0.6081993218254765,0.6081993218254765,125,1.1925853954662202,1.1925853954662202,43,71.33333333333333,82
postal_code_M4O,1.1307965357290617,1.1307965357290617,63,0.6555783411059242,0.6555783411059242,105,1.0741245455349864,1.0741245455349864,61,76.33333333333333,44
postal_code_T8F,1.2840256704034418,1.2840256704034418,45,0.5742942439999726,0.5742942439999726,150,1.2037884113010329,1.2037884113010329,40,78.33333333333333,110
postal_code_K4M,1.405567017310534,1.405567017310534,36,0.5462896666308634,0.5462896666308634,179,1.3133532405001407,1.3133532405001407,25,80.0,154
postal_code_L7Y,1.1534372024723558,1.1534372024723558,59,0.6047812227868703,0.6047812227868703,128,1.101173346606007,1.101173346606007,57,81.33333333333333,71
postal_code_J5O,1.0482679279028384,1.0482679279028384,77,0.7025418764956431,0.7025418764956431,95,1.0115241485455655,1.0115241485455655,80,84.0,18
postal_code_T2R,1.3005216573198812,1.3005216573198812,44,0.5564671468691578,0.5564671468691578,165,1.169034144257065,1.169034144257065,45,84.66666666666667,121
postal_code_M6S,1.08458729211027,1.08458729211027,71,0.6097071834518653,0.6097071834518653,123,1.0347390073426221,1.0347390073426221,75,89.66666666666667,52
postal_code_J6S,1.1692547300994607,1.1692547300994607,57,0.5668815661751706,0.5668815661751706,158,1.101322204299918,1.101322204299918,55,90.0,103
postal_code_L4U,1.1057948033785956,1.1057948033785956,69,0.603821150637729,0.603821150637729,130,1.0506475540467919,1.0506475540467919,71,90.0,61
postal_code_G2X,1.1267174964579536,1.1267174964579536,65,0.5872202109396361,0.5872202109396361,139,1.058209867496714,1.058209867496714,68,90.66666666666667,74
postal_code_J9K,1.134028615278887,1.134028615278887,61,0.5720966853004292,0.5720966853004292,152,1.0888185442453904,1.0888185442453904,59,90.66666666666667,93
postal_code_H6G,0.968294957783266,0.968294957783266,91,0.7137429586173452,0.7137429586173452,90,0.9611276357436713,0.9611276357436713,93,91.33333333333333,3
postal_code_G3T,1.1993684184315836,1.1993684184315836,51,0.5532073770574872,0.5532073770574872,171,1.104984256392908,1.104984256392908,54,92.0,120
postal_code_T4J,1.2100337376126071,1.2100337376126071,50,0.5232515744602649,0.5232515744602649,194,1.1413878818360996,1.1413878818360996,48,97.33333333333333,146
postal_code_H5J,0.9198633870840457,0.9198633870840457,97,0.696746908390796,0.696746908390796,98,0.9357760503600039,0.9357760503600039,98,97.66666666666667,1
postal_code_T5V,1.1923379056203474,1.1923379056203474,52,0.5173884359834178,0.5173884359834178,199,1.1072017094021043,1.1072017094021043,53,101.33333333333333,147
postal_code_L6V,1.1041936468054048,1.1041936468054048,70,0.5537636369591027,0.5537636369591027,168,1.0659298806155402,1.0659298806155402,66,101.33333333333333,102
postal_code_L4F,1.1900165710325628,1.1900165710325628,53,0.5044904180611958,0.5044904180611958,209,1.1389401556535725,1.1389401556535725,49,103.66666666666667,160
postal_code_J6C,0.8369810936437002,0.8369810936437002,111,0.7020904161443567,0.7020904161443567,96,0.8930055770002338,0.8930055770002338,107,104.66666666666667,15
postal_code_L9L,0.9352563331742119,0.9352563331742119,96,0.6083447267662545,0.6083447267662545,124,0.943952919517372,0.943952919517372,96,105.33333333333333,28
postal_code_T6I,1.2619506468215007,1.2619506468215007,47,0.4771353116647479,0.4771353116647479,238,1.1861159783009454,1.1861159783009454,44,109.66666666666667,194
postal_code_K2G,0.7948648831083015,0.7948648831083015,120,0.6853609893609046,0.6853609893609046,99,0.87905102280365,0.87905102280365,116,111.66666666666667,21
postal_code_M6I,0.9025143892063567,0.9025143892063567,103,0.5858148525485211,0.5858148525485211,140,0.9338992670360718,0.9338992670360718,100,114.33333333333333,40
postal_code_V5D,1.1328109219454305,1.1328109219454305,62,0.4845990621057825,0.4845990621057825,228,1.1011889993485942,1.1011889993485942,56,115.33333333333333,172
postal_code_T9I,1.1156199191427305,1.1156199191427305,68,0.4983053060638667,0.4983053060638667,218,1.0725772770692896,1.0725772770692896,62,116.0,156
postal_code_N4P,1.0125166324011423,1.0125166324011423,82,0.5238894803518536,0.5238894803518536,193,1.0018910109071262,1.0018910109071262,82,119.0,111
postal_code_G2W,0.9681832925376102,0.9681832925376102,92,0.5484449204818079,0.5484449204818079,175,0.967508953349947,0.967508953349947,91,119.33333333333333,84
postal_code_T1R,0.9142269497025991,0.9142269497025991,99,0.5599360481937015,0.5599360481937015,162,0.9362688615192937,0.9362688615192937,97,119.33333333333333,65
postal_code_M9L,1.0040720920917705,1.0040720920917705,85,0.5257976085553586,0.5257976085553586,190,0.9910722136104634,0.9910722136104634,84,119.66666666666667,106
postal_code_V3B,1.0564026312299024,1.0564026312299024,74,0.5013125084972267,0.5013125084972267,213,1.034077981906444,1.034077981906444,76,121.0,139
postal_code_M6T,-1.028510818197888,1.028510818197888,81,-0.5170303181966942,0.5170303181966942,200,-1.0017745502809166,1.0017745502809166,83,121.33333333333333,119
postal_code_V8O,0.8308997389919672,0.8308997389919672,113,0.5997718301884399,0.5997718301884399,134,0.8760884892480287,0.8760884892480287,118,121.66666666666667,21
postal_code_G6Q,0.8622400690373605,0.8622400690373605,107,0.5787709928648933,0.5787709928648933,147,0.8885008765185105,0.8885008765185105,111,121.66666666666667,40
postal_code_M3S,1.1767311399428533,1.1767311399428533,54,0.4535894451596989,0.4535894451596989,263,1.135303674564184,1.135303674564184,50,122.33333333333333,213
postal_code_N8I,0.9102015755888463,0.9102015755888463,100,0.5535579110732647,0.5535579110732647,169,0.9303732969247592,0.9303732969247592,101,123.33333333333333,69
postal_code_L7I,1.0401560449088123,1.0401560449088123,79,0.5016273228571235,0.5016273228571235,212,1.0144345872688834,1.0144345872688834,79,123.33333333333333,133
postal_code_H7J,1.119120673809896,1.119120673809896,66,0.4756163810586046,0.4756163810586046,240,1.0676356808389624,1.0676356808389624,65,123.66666666666667,175
postal_code_H3P,1.0008906881024557,1.0008906881024557,86,0.5037738528477088,0.5037738528477088,211,0.9827084959546705,0.9827084959546705,86,127.66666666666667,125
postal_code_N7Z,0.8261478936204636,0.8261478936204636,115,0.55547081466151,0.55547081466151,166,0.8915018507254768,0.8915018507254768,109,130.0,57
postal_code_G4Z,0.8272063840561152,0.8272063840561152,114,0.5676087934418612,0.5676087934418612,157,0.8646077559300998,0.8646077559300998,122,131.0,43
postal_code_L1F,0.8649421657897169,0.8649421657897169,106,0.5304745894558421,0.5304745894558421,186,0.896274731062829,0.896274731062829,105,132.33333333333334,81
postal_code_H9S,1.0044361781305207,1.0044361781305207,84,0.48449366576354147,0.48449366576354147,229,0.990510039671054,0.990510039671054,85,132.66666666666666,145
postal_code_M6H,0.678983064289981,0.678983064289981,153,0.6676817291333065,0.6676817291333065,103,0.8035963950726208,0.8035963950726208,145,133.66666666666666,50
postal_code_T3P,1.1166372298423084,1.1166372298423084,67,0.4419147903948274,0.4419147903948274,276,1.079167339619368,1.079167339619368,60,134.33333333333334,216
postal_code_P4S,1.0781845140131396,1.0781845140131396,72,0.4519963813095957,0.4519963813095957,264,1.052798231777409,1.052798231777409,69,135.0,195
postal_code_T7W,0.974147898695747,0.974147898695747,90,0.48250852468552746,0.48250852468552746,231,0.9658161773071883,0.9658161773071883,92,137.66666666666666,141
postal_code_T7J,-0.7576793276603423,0.7576793276603423,131,-0.5547381928525298,0.5547381928525298,167,-0.8792214200943997,0.8792214200943997,115,137.66666666666666,52
postal_code_M8B,0.9814411018949878,0.9814411018949878,88,0.47813808564156235,0.47813808564156235,236,0.9759071276695157,0.9759071276695157,89,137.66666666666666,148
postal_code_M4B,0.7882057306891421,0.7882057306891421,121,0.5489371409610287,0.5489371409610287,173,0.869091023551864,0.869091023551864,121,138.33333333333334,52
postal_code_H4O,0.7729869669835494,0.7729869669835494,127,0.5488727785265299,0.5488727785265299,174,0.8540634677849602,0.8540634677849602,126,142.33333333333334,48
postal_code_J5N,-1.0325251740037762,1.0325251740037762,80,-0.4444195242885043,0.4444195242885043,274,-1.0249272795672646,1.0249272795672646,77,143.66666666666666,197
postal_code_P8R,0.7518548744764536,0.7518548744764536,133,0.5534563172217091,0.5534563172217091,170,0.8465281554704452,0.8465281554704452,130,144.33333333333334,40
postal_code_V3G,0.9448429538446624,0.9448429538446624,95,0.4718636214082163,0.4718636214082163,244,0.9522077914451614,0.9522077914451614,95,144.66666666666666,149
postal_code_K7E,0.8732674592153865,0.8732674592153865,104,0.49042372517495,0.49042372517495,222,0.8891240467644025,0.8891240467644025,110,145.33333333333334,118
postal_code_N2I,0.8368897195882942,0.8368897195882942,112,0.48477927821738104,0.48477927821738104,226,0.8934356029843622,0.8934356029843622,106,148.0,120
postal_code_P1L,0.9096030296168605,0.9096030296168605,101,0.468645391826601,0.468645391826601,247,0.9265330567193901,0.9265330567193901,102,150.0,146
postal_code_M3P,0.8528259417822378,0.8528259417822378,109,0.4654376045763589,0.4654376045763589,250,0.8878531541651629,0.8878531541651629,112,157.0,141
postal_code_B6K,0.8074047978103622,0.8074047978103622,119,0.4634236312059993,0.4634236312059993,254,0.8925870008560525,0.8925870008560525,108,160.33333333333334,146
postal_code_V8T,0.9196329073298483,0.9196329073298483,98,0.42965315225917533,0.42965315225917533,293,0.934080084432645,0.934080084432645,99,163.33333333333334,195
postal_code_T2O,1.0558026290503606,1.0558026290503606,75,0.4034116928663226,0.4034116928663226,346,1.0383296692105677,1.0383296692105677,73,164.66666666666666,273
postal_code_L9E,0.6660482926927325,0.6660482926927325,156,0.5243798482634459,0.5243798482634459,192,0.7997754841472838,0.7997754841472838,147,165.0,45
postal_code_J2N,0.7820747217002715,0.7820747217002715,124,0.4728487793829933,0.4728487793829933,243,0.8403052728178515,0.8403052728178515,132,166.33333333333334,119
postal_code_R3B,0.6725620972399763,0.6725620972399763,154,0.5056254638613664,0.5056254638613664,207,0.8175154719326111,0.8175154719326111,139,166.66666666666666,68
postal_code_P6H,0.8096160126485807,0.8096160126485807,118,0.4599392113182277,0.4599392113182277,260,0.8513522084730372,0.8513522084730372,127,168.33333333333334,142
postal_code_P9N,0.7749884345733927,0.7749884345733927,126,0.4604820488313379,0.4604820488313379,258,0.8552192944377106,0.8552192944377106,124,169.33333333333334,134
postal_code_P3B,1.0545846931368263,1.0545846931368263,76,0.39470374383530077,0.39470374383530077,364,1.034915968918907,1.034915968918907,74,171.33333333333334,290
postal_code_G8M,0.7346578131329663,0.7346578131329663,137,0.4788511033132762,0.4788511033132762,234,0.8055886844046788,0.8055886844046788,144,171.66666666666666,97
postal_code_K5K,0.5854219397301695,0.5854219397301695,181,0.5398877269979152,0.5398877269979152,183,0.7696780191647727,0.7696780191647727,159,174.33333333333334,24
postal_code_L6X,0.5283126460325152,0.5283126460325152,198,0.635356769392992,0.635356769392992,111,0.6754308480554797,0.6754308480554797,219,176.0,108
postal_code_V9Y,0.9033246239317448,0.9033246239317448,102,0.41321186679677185,0.41321186679677185,327,0.9228939145359797,0.9228939145359797,103,177.33333333333334,225
postal_code_M8S,-1.214457369193092,1.214457369193092,49,-0.3644915391026211,0.3644915391026211,428,-1.0984505191658378,1.0984505191658378,58,178.33333333333334,379
postal_code_M4R,0.48193007797688364,0.48193007797688364,211,0.6052223032902575,0.6052223032902575,127,0.6926480086176405,0.6926480086176405,208,182.0,84
postal_code_N4Z,-0.8246763011108571,0.8246763011108571,116,-0.4131545960692383,0.4131545960692383,328,-0.9056086062420421,0.9056086062420421,104,182.66666666666666,224
postal_code_N3V,0.4847970052845542,0.4847970052845542,209,0.595018258495541,0.595018258495541,135,0.6920279375698357,0.6920279375698357,209,184.33333333333334,74
postal_code_P8K,0.7519339256380444,0.7519339256380444,132,0.4388441334172023,0.4388441334172023,279,0.805698205423529,0.805698205423529,143,184.66666666666666,147
postal_code_N1B,0.8115752572361623,0.8115752572361623,117,0.4162737888263065,0.4162737888263065,319,0.876046594409085,0.876046594409085,119,185.0,202
postal_code_K5A,0.5489734629748224,0.5489734629748224,191,0.5247736962173107,0.5247736962173107,191,0.7367587850816234,0.7367587850816234,173,185.0,18
postal_code_T7Y,0.7033601410396213,0.7033601410396213,143,0.46043517706774395,0.46043517706774395,259,0.7794057693355417,0.7794057693355417,156,186.0,116
postal_code_M5O,0.5966530962645593,0.5966530962645593,178,0.5293821040970929,0.5293821040970929,188,0.7148628517004431,0.7148628517004431,194,186.66666666666666,16
postal_code_T6C,0.9796930373092679,0.9796930373092679,89,0.3866693979267582,0.3866693979267582,386,0.977745099174805,0.977745099174805,87,187.33333333333334,299
postal_code_H6X,0.5770913797484726,0.5770913797484726,184,0.5087465300321213,0.5087465300321213,204,0.7337464269558659,0.7337464269558659,177,188.33333333333334,27
postal_code_N6V,0.9513732057375998,0.9513732057375998,93,0.389804575657355,0.389804575657355,381,0.9587289699953867,0.9587289699953867,94,189.33333333333334,288
postal_code_J3S,0.39346359732057357,0.39346359732057357,236,0.6004551837199922,0.6004551837199922,132,0.7043304025286689,0.7043304025286689,201,189.66666666666666,104
postal_code_H3M,0.571217246946702,0.571217246946702,185,0.499495904370449,0.499495904370449,217,0.7440534698476176,0.7440534698476176,171,191.0,46
postal_code_N1W,0.8653013017537368,0.8653013017537368,105,0.3946228763155859,0.3946228763155859,365,0.880484953146906,0.880484953146906,114,194.66666666666666,260
postal_code_R6W,0.6537005088105794,0.6537005088105794,159,0.43249229278491597,0.43249229278491597,290,0.802297861330879,0.802297861330879,146,198.33333333333334,144
postal_code_V8U,1.0123450121926048,1.0123450121926048,83,0.3624064903927036,0.3624064903927036,433,1.0067732014304218,1.0067732014304218,81,199.0,352
postal_code_N9X,0.7034670869651483,0.7034670869651483,142,0.41658508502955843,0.41658508502955843,318,0.8108576069694088,0.8108576069694088,142,200.66666666666666,176
postal_code_T1A,0.83789720003786,0.83789720003786,110,0.3913909187357606,0.3913909187357606,373,0.869436789295545,0.869436789295545,120,201.0,263
postal_code_P9L,0.540706919450129,0.540706919450129,196,0.49192266572824395,0.49192266572824395,221,0.7215767637369079,0.7215767637369079,186,201.0,35
postal_code_T1P,0.7621955415438705,0.7621955415438705,128,0.40296684114621467,0.40296684114621467,348,0.8483586181712038,0.8483586181712038,129,201.66666666666666,220
postal_code_H3H,0.7615682395390296,0.7615682395390296,129,0.4078184848619263,0.4078184848619263,339,0.8147635882896546,0.8147635882896546,141,203.0,210
postal_code_H6M,0.6610530187212782,0.6610530187212782,157,0.43459455054553375,0.43459455054553375,286,0.7487412714687992,0.7487412714687992,168,203.66666666666666,129
postal_code_P2U,0.678992810639866,0.678992810639866,152,0.4294273345040335,0.4294273345040335,295,0.7379445418061269,0.7379445418061269,172,206.33333333333334,143
postal_code_T9Z,0.5865344458088034,0.5865344458088034,180,0.442473927408627,0.442473927408627,275,0.7348482398810925,0.7348482398810925,176,210.33333333333334,99
postal_code_P5A,0.7256208154009068,0.7256208154009068,138,0.40029768967278706,0.40029768967278706,357,0.8175075897802061,0.8175075897802061,140,211.66666666666666,219
postal_code_M7N,0.560844063420682,0.560844063420682,189,0.4478636449555181,0.4478636449555181,268,0.7279689557490858,0.7279689557490858,181,212.66666666666666,87
postal_code_M5N,0.6991026644145957,0.6991026644145957,147,0.40688234689061326,0.40688234689061326,340,0.7695196843148518,0.7695196843148518,160,215.66666666666666,193
postal_code_N6T,0.6026670013631081,0.6026670013631081,173,0.4221996141286983,0.4221996141286983,308,0.7514820040104732,0.7514820040104732,166,215.66666666666666,142
postal_code_V2N,-0.7501453616243091,0.7501453616243091,134,-0.3834507146859114,0.3834507146859114,390,-0.860577747488337,0.860577747488337,123,215.66666666666666,267
postal_code_R5T,0.5815087998793866,0.5815087998793866,183,0.4227703136283281,0.4227703136283281,306,0.7616932896213816,0.7616932896213816,162,217.0,144
postal_code_R6D,-0.6811828290403253,0.6811828290403253,151,-0.39273190281013287,0.39273190281013287,368,-0.8185175232337926,0.8185175232337926,138,219.0,230
postal_code_P1C,0.5930719796687067,0.5930719796687067,179,0.42091731474894734,0.42091731474894734,312,0.7505598596933957,0.7505598596933957,167,219.33333333333334,145
postal_code_T3Q,0.3882058824658143,0.3882058824658143,239,0.5175394292828673,0.5175394292828673,198,0.6723537653584432,0.6723537653584432,223,220.0,41
postal_code_J9R,0.6292393697397982,0.6292393697397982,169,0.410142369182593,0.410142369182593,331,0.7600887242783788,0.7600887242783788,163,221.0,168
postal_code_P7E,0.5458467073111595,0.5458467073111595,194,0.43360766572497844,0.43360766572497844,288,0.7160888425263245,0.7160888425263245,190,224.0,98
postal_code_T2C,0.8536380940933074,0.8536380940933074,108,0.35442088243186554,0.35442088243186554,453,0.8826735655613014,0.8826735655613014,113,224.66666666666666,345
postal_code_E8W,0.4179405289668915,0.4179405289668915,229,0.47126670531019116,0.47126670531019116,245,0.7038837799295801,0.7038837799295801,202,225.33333333333334,43
postal_code_J5Y,0.6006369425306295,0.6006369425306295,175,0.4093010169807536,0.4093010169807536,334,0.7449818012067724,0.7449818012067724,169,226.0,165
postal_code_M7C,-0.9478123191759015,0.9478123191759015,94,-0.340466436344687,0.340466436344687,499,-0.9761653048201506,0.9761653048201506,88,227.0,411
postal_code_V5Q,0.6724737730747135,0.6724737730747135,155,0.39007811441712065,0.39007811441712065,378,0.7879186275570766,0.7879186275570766,151,228.0,227
postal_code_N8Q,-0.5165216978907615,0.5165216978907615,200,-0.4240235984853197,0.4240235984853197,302,-0.7266761469616378,0.7266761469616378,184,228.66666666666666,118
postal_code_T3H,0.5692957135049983,0.5692957135049983,186,0.4138291451096581,0.4138291451096581,324,0.7294329634988517,0.7294329634988517,179,229.66666666666666,145
postal_code_G9F,0.4553007143963295,0.4553007143963295,218,0.47873505336675004,0.47873505336675004,235,0.6548739423364274,0.6548739423364274,237,230.0,19
postal_code_L4N,0.7773745472142424,0.7773745472142424,125,0.35890756737347307,0.35890756737347307,444,0.8551277389874207,0.8551277389874207,125,231.33333333333334,319
postal_code_P9H,0.6002741749225695,0.6002741749225695,176,0.41501717189994175,0.41501717189994175,322,0.7046396151356513,0.7046396151356513,200,232.66666666666666,146
postal_code_B7Q,0.41856948075753586,0.41856948075753586,228,0.47331473384949696,0.47331473384949696,242,0.6608651435991254,0.6608651435991254,229,233.0,14
postal_code_P8G,0.4641991392507413,0.4641991392507413,215,0.451468287351587,0.451468287351587,265,0.6707033864831697,0.6707033864831697,224,234.66666666666666,50
postal_code_K9Y,0.4423156047396659,0.4423156047396659,222,0.4659594842253376,0.4659594842253376,249,0.6553865175796598,0.6553865175796598,236,235.66666666666666,27
postal_code_S8D,0.267839291181394,0.267839291181394,298,0.571208214342779,0.571208214342779,153,0.6233854698929319,0.6233854698929319,262,237.66666666666666,145
postal_code_T6Y,0.7086055887083826,0.7086055887083826,141,0.36777415508954425,0.36777415508954425,419,0.7834645627308867,0.7834645627308867,154,238.0,278
postal_code_V6V,-0.6936610393261053,0.6936610393261053,148,-0.36125051415862874,0.36125051415862874,438,-0.8384002284344131,0.8384002284344131,133,239.66666666666666,305
postal_code_N2L,0.6880238802717261,0.6880238802717261,150,0.3671215398567865,0.3671215398567865,421,0.7989641275071757,0.7989641275071757,149,240.0,272
postal_code_V2R,-1.1740938364774323,1.1740938364774323,55,-0.314230565597802,0.314230565597802,618,-1.1137640461102252,1.1137640461102252,52,241.66666666666666,566
postal_code_N5H,0.6204431495139556,0.6204431495139556,171,0.39170899766741946,0.39170899766741946,372,0.7209105878041738,0.7209105878041738,187,243.33333333333334,201
postal_code_P8F,0.3544881177730306,0.3544881177730306,252,0.4960192203364882,0.4960192203364882,219,0.6035372225404912,0.6035372225404912,273,248.0,54
postal_code_H1G,0.5638442069700156,0.5638442069700156,188,0.40267163032262493,0.40267163032262493,350,0.6854591758692105,0.6854591758692105,212,250.0,162
postal_code_J2T,0.4133875892230575,0.4133875892230575,230,0.4473773946428165,0.4473773946428165,270,0.6416705940426279,0.6416705940426279,250,250.0,40
postal_code_M2D,0.4964588013233925,0.4964588013233925,206,0.4093404382275345,0.4093404382275345,333,0.676329446139022,0.676329446139022,218,252.33333333333334,127
postal_code_P8W,0.5652950847465732,0.5652950847465732,187,0.38704143793170387,0.38704143793170387,385,0.723326929657952,0.723326929657952,185,252.33333333333334,200
postal_code_N8W,0.547946632451336,0.547946632451336,192,0.3920143054357848,0.3920143054357848,370,0.7143141092881115,0.7143141092881115,196,252.66666666666666,178
postal_code_J9P,0.47193121012912115,0.47193121012912115,212,0.41331204724398984,0.41331204724398984,326,0.6747643328184736,0.6747643328184736,221,253.0,114
postal_code_V1L,0.630891863325787,0.630891863325787,167,0.37132031768204943,0.37132031768204943,413,0.7267876639177018,0.7267876639177018,183,254.33333333333334,246
postal_code_M2F,0.6518266637937395,0.6518266637937395,161,0.3615149517359889,0.3615149517359889,435,0.7442861325090152,0.7442861325090152,170,255.33333333333334,274
postal_code_P7L,0.48199298750751024,0.48199298750751024,210,0.42400845795507636,0.42400845795507636,303,0.6361038965076433,0.6361038965076433,254,255.66666666666666,93
postal_code_L9N,0.7860849413899105,0.7860849413899105,122,0.3378857197833957,0.3378857197833957,512,0.8327319410475125,0.8327319410475125,134,256.0,390
postal_code_K5E,0.34453674830573294,0.34453674830573294,256,0.477025496332943,0.477025496332943,239,0.5972634271001293,0.5972634271001293,276,257.0,37
postal_code_B5S,-0.3403589633978236,0.3403589633978236,260,-0.4377052055687673,0.4377052055687673,281,-0.6572270325621643,0.6572270325621643,234,258.3333333333333,47
postal_code_H7I,0.6298676039684872,0.6298676039684872,168,0.36882097569835925,0.36882097569835925,415,0.71532264403855,0.71532264403855,193,258.6666666666667,247
postal_code_V7X,0.7009617048090951,0.7009617048090951,145,0.34420016652244173,0.34420016652244173,482,0.7760052340078686,0.7760052340078686,157,261.3333333333333,337
postal_code_V4H,0.6515851321284586,0.6515851321284586,162,0.35508863758560455,0.35508863758560455,450,0.7351840182963184,0.7351840182963184,174,262.0,288
postal_code_L4C,-0.3140699148301888,0.3140699148301888,271,-0.4513967227706796,0.4513967227706796,266,-0.6334081902430257,0.6334081902430257,256,264.3333333333333,15
postal_code_V3R,0.6008711872954644,0.6008711872954644,174,0.3742258654439526,0.3742258654439526,406,0.6803475255918542,0.6803475255918542,213,264.3333333333333,232
postal_code_K9M,-0.5331711513722825,0.5331711513722825,197,-0.3672974638173678,0.3672974638173678,420,-0.728849813964497,0.728849813964497,180,265.6666666666667,240
postal_code_K5G,0.7192466825132066,0.7192466825132066,140,0.33806229661298326,0.33806229661298326,510,0.7800804654944007,0.7800804654944007,155,268.3333333333333,370
postal_code_M4N,-0.6371451568050427,0.6371451568050427,164,-0.34227138250930794,0.34227138250930794,497,-0.7994824877526201,0.7994824877526201,148,269.6666666666667,349
postal_code_V4S,0.7247075864858709,0.7247075864858709,139,0.33784822242151924,0.33784822242151924,513,0.7713631290042401,0.7713631290042401,158,270.0,374
postal_code_J3T,0.6519554096821873,0.6519554096821873,160,0.34291229907473236,0.34291229907473236,491,0.7668483403237422,0.7668483403237422,161,270.6666666666667,331
postal_code_M3D,-0.27213753271475954,0.27213753271475954,295,-0.46416728386217926,0.46416728386217926,252,-0.6043092495981226,0.6043092495981226,272,273.0,43
postal_code_J4V,0.5012505608606724,0.5012505608606724,202,0.3678606723650498,0.3678606723650498,418,0.7022467435489613,0.7022467435489613,203,274.3333333333333,216
postal_code_P9D,0.3097325523217649,0.3097325523217649,272,0.44466135494433306,0.44466135494433306,273,0.5894609874208687,0.5894609874208687,284,276.3333333333333,12
postal_code_M1S,-0.4548898942975478,0.4548898942975478,219,-0.3773295822684778,0.3773295822684778,400,-0.6873807825081057,0.6873807825081057,210,276.3333333333333,190
postal_code_P3L,0.42425840050348174,0.42425840050348174,225,0.4019184898299461,0.4019184898299461,352,0.6309395291098887,0.6309395291098887,258,278.3333333333333,127
postal_code_G6Z,0.3941689788149815,0.3941689788149815,235,0.4079511752992015,0.4079511752992015,337,0.6148180198846975,0.6148180198846975,264,278.6666666666667,102
postal_code_G1S,-0.48914502703052165,0.48914502703052165,207,-0.3613279179823462,0.3613279179823462,436,-0.7145485207596098,0.7145485207596098,195,279.3333333333333,241
postal_code_J5W,-0.6366956579155321,0.6366956579155321,165,-0.3334518179076023,0.3334518179076023,521,-0.7864862149671664,0.7864862149671664,153,279.6666666666667,368
postal_code_V4J,0.5041782348148457,0.5041782348148457,201,0.356477351290874,0.356477351290874,449,0.7099082896374006,0.7099082896374006,197,282.3333333333333,252
postal_code_N4V,-0.37656780531589584,0.37656780531589584,245,-0.3999096332067742,0.3999096332067742,358,-0.6485116886718754,0.6485116886718754,246,283.0,113
postal_code_P4A,0.0,0.0,577,0.867994706020226,0.867994706020226,45,0.6544190538640522,0.6544190538640522,240,287.3333333333333,532
postal_code_V3M,0.6203730640840828,0.6203730640840828,172,0.3402859708651625,0.3402859708651625,501,0.7153467618879866,0.7153467618879866,192,288.3333333333333,329
postal_code_J6B,0.3900049395121984,0.3900049395121984,238,0.4154984482269265,0.4154984482269265,321,0.5660638957059839,0.5660638957059839,309,289.3333333333333,83
postal_code_M4P,-0.7014973468052872,0.7014973468052872,144,-0.31906646425936064,0.31906646425936064,594,-0.8314975463666159,0.8314975463666159,135,291.0,459
postal_code_V8L,-0.36336934202562887,0.36336934202562887,250,-0.38726327471764127,0.38726327471764127,384,-0.6297228519121137,0.6297228519121137,260,298.0,134
postal_code_N5L,-0.36762614354788886,0.36762614354788886,248,-0.3761982532202017,0.3761982532202017,403,-0.6482206384414275,0.6482206384414275,247,299.3333333333333,156
postal_code_J4L,0.5011484565346599,0.5011484565346599,203,0.3446529119052526,0.3446529119052526,480,0.6765881070851877,0.6765881070851877,217,300.0,277
postal_code_N7O,0.6208455323786943,0.6208455323786943,170,0.32962376505529994,0.32962376505529994,538,0.7098470274025085,0.7098470274025085,198,302.0,368
postal_code_R6H,0.7849618935179354,0.7849618935179354,123,0.3027034129708216,0.3027034129708216,682,0.8778719249517515,0.8778719249517515,117,307.3333333333333,565
postal_code_V6I,-0.7372610212362787,0.7372610212362787,136,-0.30603764657854393,0.30603764657854393,660,-0.843122226490917,0.843122226490917,131,309.0,529
postal_code_G6C,0.2915428206134731,0.2915428206134731,281,0.40520147671960827,0.40520147671960827,343,0.5677514823764825,0.5677514823764825,307,310.3333333333333,62
postal_code_L3L,0.2838022764567074,0.2838022764567074,288,0.4018485318485098,0.4018485318485098,353,0.5837768408104393,0.5837768408104393,290,310.3333333333333,65
postal_code_T5T,-1.068449018666263,1.068449018666263,73,-0.28435360903320694,0.28435360903320694,793,-1.0511838793106059,1.0511838793106059,70,312.0,723
postal_code_T1J,-0.4228391339110087,0.4228391339110087,226,-0.3415919778130797,0.3415919778130797,498,-0.6784786545463403,0.6784786545463403,215,313.0,283
postal_code_J7B,0.4973963254814567,0.4973963254814567,205,0.33691238004569624,0.33691238004569624,515,0.6738617604294601,0.6738617604294601,222,314.0,310
postal_code_G4L,0.2196308241116661,0.2196308241116661,325,0.45368160336542046,0.45368160336542046,262,0.5122858246152042,0.5122858246152042,362,316.3333333333333,100
postal_code_T6R,-0.3173833026557143,0.3173833026557143,267,-0.3683276675274799,0.3683276675274799,417,-0.6061965655856668,0.6061965655856668,270,318.0,150
postal_code_K4N,0.4575702874119438,0.4575702874119438,216,0.34030407268590657,0.34030407268590657,500,0.6543038952865741,0.6543038952865741,241,319.0,284
postal_code_G5Z,0.2960331581031411,0.2960331581031411,278,0.3966769066526038,0.3966769066526038,362,0.549892954597563,0.549892954597563,325,321.6666666666667,84
postal_code_G6I,0.5976784379979668,0.5976784379979668,177,0.3210583887874663,0.3210583887874663,584,0.6975700284662437,0.6975700284662437,205,322.0,407
postal_code_H6F,-0.06074186016228442,0.06074186016228442,409,-0.486056256857197,0.486056256857197,225,-0.5449013800293466,0.5449013800293466,335,323.0,184
postal_code_V6X,0.30196480189952885,0.30196480189952885,273,0.37272375132283087,0.37272375132283087,409,0.5834939949766412,0.5834939949766412,291,324.3333333333333,136
postal_code_H9I,0.298400542667152,0.298400542667152,276,0.38272619040794903,0.38272619040794903,392,0.5611763287528571,0.5611763287528571,313,327.0,116
postal_code_T6L,0.26573796815451306,0.26573796815451306,301,0.4027836838908659,0.4027836838908659,349,0.5436772234793613,0.5436772234793613,336,328.6666666666667,48
postal_code_N7E,0.23076521346671833,0.23076521346671833,315,0.4015469769914517,0.4015469769914517,354,0.5592811169519697,0.5592811169519697,317,328.6666666666667,39
postal_code_M9K,-0.2787421650435052,0.2787421650435052,292,-0.37862409331156976,0.37862409331156976,399,-0.572785921749148,0.572785921749148,303,331.3333333333333,107
postal_code_V8E,-0.6932381356551214,0.6932381356551214,149,-0.2977625437221215,0.2977625437221215,713,-0.8292364018247962,0.8292364018247962,136,332.6666666666667,577
postal_code_L3H,0.17206286963166925,0.17206286963166925,347,0.4375779630438375,0.4375779630438375,282,0.5075300457806209,0.5075300457806209,372,333.6666666666667,90
postal_code_K4B,0.4054701104605597,0.4054701104605597,233,0.33911830458689685,0.33911830458689685,508,0.6146709862907039,0.6146709862907039,265,335.3333333333333,275
postal_code_V2L,-0.745745080934538,0.745745080934538,135,-0.2914656524259549,0.2914656524259549,744,-0.8501282034454769,0.8501282034454769,128,335.6666666666667,616
postal_code_G1M,0.5832507778895383,0.5832507778895383,182,0.3148832648676611,0.3148832648676611,616,0.6797661570255032,0.6797661570255032,214,337.3333333333333,434
postal_code_G5H,-0.1080309082644314,0.1080309082644314,381,-0.4287878442295164,0.4287878442295164,296,-0.5384152910819231,0.5384152910819231,342,339.6666666666667,85
postal_code_P4F,-0.30051216048889484,0.30051216048889484,275,-0.3514349223234915,0.3514349223234915,462,-0.5890290407567808,0.5890290407567808,285,340.6666666666667,187
postal_code_H5M,0.1657865783687502,0.1657865783687502,353,0.43809595081528735,0.43809595081528735,280,0.49524643670010005,0.49524643670010005,391,341.3333333333333,111
postal_code_G8P,0.37099692678865204,0.37099692678865204,246,0.33958070069419927,0.33958070069419927,506,0.5969121080954792,0.5969121080954792,277,343.0,260
postal_code_H7O,-0.40953156796148465,0.40953156796148465,231,-0.32213691472498157,0.32213691472498157,577,-0.6521584227387176,0.6521584227387176,242,350.0,346
postal_code_R3L,0.0,0.0,684,0.8627852764116146,0.8627852764116146,47,0.5589079232482775,0.5589079232482775,319,350.0,637
postal_code_K3Q,0.3851279952786003,0.3851279952786003,242,0.34578724977495773,0.34578724977495773,475,0.5464444028524347,0.5464444028524347,333,350.0,233
postal_code_N3O,-0.28785872814132835,0.28785872814132835,286,-0.34351302409323664,0.34351302409323664,487,-0.5838779683451035,0.5838779683451035,289,354.0,201
postal_code_M5W,-0.20640097058160814,0.20640097058160814,332,-0.3630696440292508,0.3630696440292508,432,-0.5579941148776705,0.5579941148776705,321,361.6666666666667,111
postal_code_V8W,-0.46849001341122926,0.46849001341122926,214,-0.30473855939669875,0.30473855939669875,666,-0.6771464793221943,0.6771464793221943,216,365.3333333333333,452
postal_code_P1P,0.3205678855876703,0.3205678855876703,265,0.3524941239733882,0.3524941239733882,458,0.5045693710519196,0.5045693710519196,379,367.3333333333333,193
postal_code_P4G,-0.15368927113293568,0.15368927113293568,358,-0.37482774965041604,0.37482774965041604,404,-0.5385666996624706,0.5385666996624706,341,367.6666666666667,63
postal_code_T4P,-0.2899122261281908,0.2899122261281908,284,-0.3252105953955109,0.3252105953955109,562,-0.6248927220867105,0.6248927220867105,261,369.0,301
postal_code_K1X,0.16147885592628605,0.16147885592628605,357,0.40211831854009217,0.40211831854009217,351,0.4844422635750606,0.4844422635750606,403,370.3333333333333,52
postal_code_M9O,-0.14182201999641383,0.14182201999641383,365,-0.3814371459797383,0.3814371459797383,394,-0.5236541735880161,0.5236541735880161,356,371.6666666666667,38
postal_code_N7G,0.276313076419726,0.276313076419726,293,0.3766673908304625,0.3766673908304625,401,0.4658015817634418,0.4658015817634418,424,372.6666666666667,131
postal_code_G3U,0.347788874482109,0.347788874482109,254,0.32342845659513125,0.32342845659513125,572,0.5759337519411292,0.5759337519411292,301,375.6666666666667,318
postal_code_N6D,0.3869206786179548,0.3869206786179548,240,0.3138023615934897,0.3138023615934897,621,0.602830068422171,0.602830068422171,274,378.3333333333333,381
postal_code_R7O,0.0516665707607494,0.0516665707607494,418,0.42146183701111356,0.42146183701111356,311,0.47747311242730867,0.47747311242730867,409,379.3333333333333,107
postal_code_T1N,-0.4438719159558674,0.4438719159558674,221,-0.3000382857106011,0.3000382857106011,699,-0.6751268899567091,0.6751268899567091,220,380.0,479
postal_code_M2C,-0.22794854440606205,0.22794854440606205,317,-0.33473470349654083,0.33473470349654083,518,-0.5675223673195534,0.5675223673195534,308,381.0,210
postal_code_G4P,0.21214102611523186,0.21214102611523186,329,0.36213636766345075,0.36213636766345075,434,0.5024943336541638,0.5024943336541638,382,381.6666666666667,105
postal_code_T4Y,0.5460152980643203,0.5460152980643203,193,0.294887747841814,0.294887747841814,725,0.66074317523505,0.66074317523505,230,382.6666666666667,532
postal_code_K8V,0.33778275794348045,0.33778275794348045,261,0.3353100850183805,0.3353100850183805,517,0.5072830406613115,0.5072830406613115,374,384.0,256
postal_code_B1I,0.0,0.0,945,0.9162690100476477,0.9162690100476477,28,0.7160317244417327,0.7160317244417327,191,388.0,917
postal_code_P5J,0.0,0.0,500,0.48988398628481533,0.48988398628481533,223,0.44644389218647745,0.44644389218647745,441,388.0,277
postal_code_L2F,0.19384574720485562,0.19384574720485562,338,0.36586167125818114,0.36586167125818114,426,0.48649377271407235,0.48649377271407235,402,388.6666666666667,88
postal_code_J3L,-0.28091409551222496,0.28091409551222496,289,-0.3192936665381575,0.3192936665381575,590,-0.5822394399197363,0.5822394399197363,293,390.6666666666667,301
postal_code_K2Q,0.2223718271227591,0.2223718271227591,322,0.3427328496915024,0.3427328496915024,494,0.5219303606692133,0.5219303606692133,358,391.3333333333333,172
postal_code_V5R,-0.23518652365365394,0.23518652365365394,312,-0.33018348826649196,0.33018348826649196,534,-0.5474487025259729,0.5474487025259729,332,392.6666666666667,222
postal_code_T5W,-0.3449608248835902,0.3449608248835902,255,-0.3065299733544867,0.3065299733544867,659,-0.6057368964818374,0.6057368964818374,271,395.0,404
postal_code_V8V,0.634713054406826,0.634713054406826,166,0.2770614193868311,0.2770614193868311,838,0.7174985350221122,0.7174985350221122,188,397.3333333333333,672
postal_code_M3X,0.2798194827663862,0.2798194827663862,291,0.3220041784602714,0.3220041784602714,579,0.5493166100120863,0.5493166100120863,327,399.0,288
postal_code_G5I,0.34358178206568535,0.34358178206568535,257,0.3052505869656811,0.3052505869656811,662,0.5769784721088388,0.5769784721088388,297,405.3333333333333,405
postal_code_N4W,0.14137543504093708,0.14137543504093708,366,0.36021767057762166,0.36021767057762166,440,0.4771227216230895,0.4771227216230895,410,405.3333333333333,74
postal_code_K8H,-0.3164716954672511,0.3164716954672511,268,-0.3097816780543589,0.3097816780543589,645,-0.5631321484164981,0.5631321484164981,312,408.3333333333333,377
postal_code_K6K,0.2265571180194549,0.2265571180194549,318,0.32119745984298104,0.32119745984298104,583,0.5486758703953071,0.5486758703953071,328,409.6666666666667,265
postal_code_P9S,-0.07534871365581111,0.07534871365581111,400,-0.3639093064831271,0.3639093064831271,430,-0.4833377736588145,0.4833377736588145,404,411.3333333333333,30
postal_code_R1C,0.0,0.0,768,0.7830126274855066,0.7830126274855066,78,0.4921895159726731,0.4921895159726731,395,413.6666666666667,690
postal_code_E3I,-0.01019861906469844,0.01019861906469844,449,-0.3912901388342387,0.3912901388342387,374,-0.4553586824144487,0.4553586824144487,429,417.3333333333333,75
postal_code_L3R,0.08909654184645399,0.08909654184645399,395,0.37334333793938623,0.37334333793938623,407,0.43796482928135055,0.43796482928135055,451,417.6666666666667,56
postal_code_N8Z,-0.16594987048270263,0.16594987048270263,351,-0.32295642530107815,0.32295642530107815,574,-0.547617102535434,0.547617102535434,331,418.6666666666667,243
postal_code_T9Q,0.06635538571150347,0.06635538571150347,404,0.38507538016419846,0.38507538016419846,387,0.4205748976133099,0.4205748976133099,480,423.6666666666667,93
postal_code_A9F,0.0,0.0,1071,0.9424348357597703,0.9424348357597703,21,0.7272260580849594,0.7272260580849594,182,424.6666666666667,1050
postal_code_M2V,0.34118227722390965,0.34118227722390965,258,0.3088198462341123,0.3088198462341123,649,0.5053340305330611,0.5053340305330611,376,427.6666666666667,391
postal_code_V9T,-0.41918542907557954,0.41918542907557954,227,-0.28109673280878905,0.28109673280878905,818,-0.6547949962741471,0.6547949962741471,239,428.0,591
postal_code_V2M,0.36621251737466903,0.36621251737466903,249,0.28974611286725127,0.28974611286725127,756,0.5879951073059735,0.5879951073059735,286,430.3333333333333,507
postal_code_K4J,-0.11809544928143585,0.11809544928143585,374,-0.3273257954515008,0.3273257954515008,548,-0.5087840552444725,0.5087840552444725,371,431.0,177
postal_code_N2E,0.3600979494191876,0.3600979494191876,251,0.2898519342684577,0.2898519342684577,754,0.5857203517302032,0.5857203517302032,288,431.0,503
postal_code_H3E,0.2856892888239261,0.2856892888239261,287,0.30383708931416664,0.30383708931416664,674,0.5455869541238981,0.5455869541238981,334,431.6666666666667,387
postal_code_M2M,0.38612839667802534,0.38612839667802534,241,0.2941406591945237,0.2941406591945237,729,0.5496911204600741,0.5496911204600741,326,432.0,488
postal_code_T9W,0.5542557877125258,0.5542557877125258,190,0.2723435958845855,0.2723435958845855,873,0.6548672141113453,0.6548672141113453,238,433.6666666666667,683
postal_code_V3P,-0.3199159028599581,0.3199159028599581,266,-0.28792508370981246,0.28792508370981246,770,-0.6065720363957018,0.6065720363957018,268,434.6666666666667,504
postal_code_V7Y,0.47141382238154667,0.47141382238154667,213,0.28164078366968615,0.28164078366968615,813,0.5941164691740017,0.5941164691740017,280,435.3333333333333,600
postal_code_P3W,0.0,0.0,573,0.6992760002044767,0.6992760002044767,97,0.342111391091274,0.342111391091274,637,435.6666666666667,540
postal_code_J7N,0.2901650657774526,0.2901650657774526,283,0.30201847663591985,0.30201847663591985,688,0.5417206711233327,0.5417206711233327,337,436.0,405
postal_code_T6T,-0.17190354377873804,0.17190354377873804,348,-0.3149365875493867,0.3149365875493867,615,-0.535421041193945,0.535421041193945,346,436.3333333333333,269
postal_code_H7S,0.5450604649446773,0.5450604649446773,195,0.2738434365506029,0.2738434365506029,867,0.6445958543173979,0.6445958543173979,248,436.6666666666667,672
postal_code_T1U,-0.37718436186803694,0.37718436186803694,244,-0.2825494126940403,0.2825494126940403,807,-0.629827262310156,0.629827262310156,259,436.6666666666667,563
postal_code_T5D,-0.42650565529818174,0.42650565529818174,224,-0.2741693326330056,0.2741693326330056,863,-0.6653047779851278,0.6653047779851278,225,437.3333333333333,639
postal_code_P2M,0.10136666864613768,0.10136666864613768,385,0.342403063232106,0.342403063232106,496,0.4486121851214706,0.4486121851214706,438,439.6666666666667,111
postal_code_M1O,-0.5010713006598311,0.5010713006598311,204,-0.25833883990249495,0.25833883990249495,955,-0.7593744026684364,0.7593744026684364,164,441.0,791
postal_code_L6Q,-0.36775783317626537,0.36775783317626537,247,-0.281435174770694,0.281435174770694,814,-0.6223095987541061,0.6223095987541061,263,441.3333333333333,567
postal_code_L7O,-0.19714834451215532,0.19714834451215532,337,-0.31114571494963883,0.31114571494963883,637,-0.5263707505224581,0.5263707505224581,352,442.0,300
postal_code_L3Q,-0.24988267387402266,0.24988267387402266,307,-0.2967842162297075,0.2967842162297075,717,-0.5604441896274651,0.5604441896274651,315,446.3333333333333,410
postal_code_M6G,-0.21435208115133678,0.21435208115133678,328,-0.3047665389296686,0.3047665389296686,665,-0.5346598342208161,0.5346598342208161,348,447.0,337
postal_code_T5K,-0.2249352088572977,0.2249352088572977,319,-0.2996349384266502,0.2996349384266502,702,-0.5588740509414284,0.5588740509414284,320,447.0,383
postal_code_T6H,-0.2407972151573541,0.2407972151573541,310,-0.29829547453804484,0.29829547453804484,709,-0.5484658702531222,0.5484658702531222,329,449.3333333333333,399
postal_code_M5R,-0.008136398779435308,0.008136398779435308,452,-0.3384183894437564,0.3384183894437564,509,-0.4895767639060616,0.4895767639060616,401,454.0,108
postal_code_T5J,0.13112922268492772,0.13112922268492772,370,0.32139502313916096,0.32139502313916096,581,0.4741736196438203,0.4741736196438203,413,454.6666666666667,211
postal_code_T4H,0.4543941337750263,0.4543941337750263,220,0.2680447066617076,0.2680447066617076,898,0.6387384903514307,0.6387384903514307,252,456.6666666666667,678
postal_code_L5Y,-0.11585093756530038,0.11585093756530038,376,-0.31398254284490285,0.31398254284490285,620,-0.49270179443204354,0.49270179443204354,392,462.6666666666667,244
postal_code_P6F,-0.059136107016986496,0.059136107016986496,410,-0.32455555375739437,0.32455555375739437,563,-0.4732215902223607,0.4732215902223607,416,463.0,153
postal_code_T2N,-0.39045157016019294,0.39045157016019294,237,-0.2649321261931399,0.2649321261931399,911,-0.6400227999073341,0.6400227999073341,251,466.3333333333333,674
postal_code_K7M,-0.38326242632332047,0.38326242632332047,243,-0.2660748923277655,0.2660748923277655,906,-0.6351422579871621,0.6351422579871621,255,468.0,663
postal_code_J1Y,0.025516054285876937,0.025516054285876937,436,0.34249775329882964,0.34249775329882964,495,0.42397782215275537,0.42397782215275537,474,468.3333333333333,59
postal_code_K3R,-0.09621375394613473,0.09621375394613473,391,-0.30752928696062554,0.30752928696062554,653,-0.5120876336867997,0.5120876336867997,363,469.0,290
postal_code_G3S,0.34103238692044363,0.34103238692044363,259,0.2847162988982309,0.2847162988982309,790,0.5123453946324494,0.5123453946324494,361,470.0,531
postal_code_N2G,-0.2526880064220892,0.2526880064220892,305,-0.2819161606000686,0.2819161606000686,810,-0.570505622402537,0.570505622402537,305,473.3333333333333,505
postal_code_T6W,-0.22209754989880615,0.22209754989880615,323,-0.28621758154880683,0.28621758154880683,783,-0.5589367099968372,0.5589367099968372,318,474.6666666666667,465
postal_code_A6Z,0.0,0.0,722,0.7163103041175879,0.7163103041175879,88,0.3495932781560572,0.3495932781560572,621,477.0,634
postal_code_V2K,-0.44036633239650985,0.44036633239650985,223,-0.2545160280126466,0.2545160280126466,985,-0.6652333462992959,0.6652333462992959,226,478.0,762
postal_code_T1I,-0.12429541626591618,0.12429541626591618,372,-0.29454239036891955,0.29454239036891955,727,-0.5365981279520371,0.5365981279520371,344,481.0,383
postal_code_V1N,-0.16248007628990963,0.16248007628990963,355,-0.3001092572091694,0.3001092572091694,698,-0.49588806828887555,0.49588806828887555,390,481.0,343
postal_code_V4Q,-0.2914305586729624,0.2914305586729624,282,-0.27193541545378647,0.27193541545378647,877,-0.5765612263882929,0.5765612263882929,300,486.3333333333333,595
postal_code_H8L,0.12481010243953625,0.12481010243953625,371,0.30727659681551234,0.30727659681551234,655,0.4501221616384464,0.4501221616384464,436,487.3333333333333,284
postal_code_R2Y,0.0,0.0,625,0.3912033740756412,0.3912033740756412,375,0.42098510440156983,0.42098510440156983,477,492.3333333333333,250
postal_code_N6E,0.0,0.0,1067,0.6125443909533745,0.6125443909533745,119,0.5807134152303157,0.5807134152303157,295,493.6666666666667,948
postal_code_L5N,-0.044969432402470644,0.044969432402470644,424,-0.31041580376156325,0.31041580376156325,643,-0.4694795576402454,0.4694795576402454,420,495.6666666666667,223
postal_code_V1H,-0.28904252376538536,0.28904252376538536,285,-0.26610193855233405,0.26610193855233405,905,-0.5645535822043213,0.5645535822043213,311,500.3333333333333,620
postal_code_P5Z,0.280228560263677,0.280228560263677,290,0.2740824115056858,0.2740824115056858,864,0.5350060171868772,0.5350060171868772,347,500.3333333333333,574
postal_code_A6S,0.0,0.0,750,0.5089301426389308,0.5089301426389308,203,0.38679787434842133,0.38679787434842133,558,503.6666666666667,547
postal_code_P4C,0.0,0.0,579,-0.35483177758906137,0.35483177758906137,451,-0.4199967229401375,0.4199967229401375,481,503.6666666666667,128
postal_code_A9J,0.0,0.0,859,0.549706023027897,0.549706023027897,172,0.41753425892949697,0.41753425892949697,485,505.3333333333333,687
postal_code_L9G,-0.051287154051296524,0.051287154051296524,419,-0.30658552409109197,0.30658552409109197,658,-0.44814043871497505,0.44814043871497505,440,505.6666666666667,239
postal_code_J5P,0.2543260827851508,0.2543260827851508,304,0.27394201735716367,0.27394201735716367,866,0.519524554190178,0.519524554190178,360,510.0,562
postal_code_V5M,-0.4054986599821575,0.4054986599821575,232,-0.24514597509757127,0.24514597509757127,1054,-0.6431132377822294,0.6431132377822294,249,511.6666666666667,822
postal_code_V6B,0.002618066485259122,0.002618066485259122,463,0.3297072253421428,0.3297072253421428,537,0.3939890114233134,0.3939890114233134,537,512.3333333333334,74
postal_code_A7B,0.0,0.0,715,-0.40097811210110235,0.40097811210110235,355,-0.4257613235250119,0.4257613235250119,471,513.6666666666666,360
postal_code_R6L,0.0,0.0,1159,0.6439462953218947,0.6439462953218947,107,0.5952037509451802,0.5952037509451802,279,515.0,1052
postal_code_J2U,-0.24638171220459398,0.24638171220459398,308,-0.2642015405906044,0.2642015405906044,916,-0.5563648548309473,0.5563648548309473,322,515.3333333333334,608
postal_code_M1W,0.07322537140504319,0.07322537140504319,401,0.3068776299477723,0.3068776299477723,657,0.41320351710550446,0.41320351710550446,494,517.3333333333334,256
postal_code_P5Y,0.0,0.0,490,-0.3127640150444826,0.3127640150444826,626,-0.4433516480250993,0.4433516480250993,443,519.6666666666666,183
claim_type_Injury,0.6607042622909087,0.6607042622909087,158,0.2218876057149976,0.2218876057149976,1264,0.8196087269189961,0.8196087269189961,137,519.6666666666666,1127
postal_code_V3Y,0.14301213189110457,0.14301213189110457,363,0.287173624347301,0.287173624347301,776,0.4533910425592504,0.4533910425592504,433,524.0,413
postal_code_K5Y,0.027049062499902174,0.027049062499902174,432,0.32038172498445255,0.32038172498445255,587,0.38412565068499066,0.38412565068499066,561,526.6666666666666,155
postal_code_M4J,0.0,0.0,917,0.43154636705890054,0.43154636705890054,291,0.5064171597552511,0.5064171597552511,375,527.6666666666666,626
postal_code_M7R,-0.008009495947060427,0.008009495947060427,453,-0.2944629363556164,0.2944629363556164,728,-0.4777020727780198,0.4777020727780198,408,529.6666666666666,320
postal_code_P3C,0.0,0.0,599,-0.3974408347623109,0.3974408347623109,361,-0.34587222227532427,0.34587222227532427,629,529.6666666666666,268
postal_code_N4J,0.0,0.0,1115,0.8172199359510265,0.8172199359510265,65,0.47264130810330257,0.47264130810330257,418,532.6666666666666,1050
postal_code_H2B,0.0072693053066063724,0.0072693053066063724,456,0.36631020509899864,0.36631020509899864,424,0.2973571447644826,0.2973571447644826,721,533.6666666666666,297
postal_code_P4Z,0.0,0.0,513,0.3529169134753373,0.3529169134753373,457,0.33491405653559314,0.33491405653559314,649,539.6666666666666,192
postal_code_V3U,-0.31625999745332084,0.31625999745332084,270,-0.2451424823631647,0.2451424823631647,1055,-0.5808138579440728,0.5808138579440728,294,539.6666666666666,785
postal_code_M9Z,0.26924069329764666,0.26924069329764666,296,0.2554119479120265,0.2554119479120265,976,0.5241302565311909,0.5241302565311909,355,542.3333333333334,680
postal_code_A6V,0.0,0.0,784,0.40381711199631354,0.40381711199631354,345,0.41097999644733973,0.41097999644733973,499,542.6666666666666,439
postal_code_V9I,-0.16698269138968774,0.16698269138968774,350,-0.2665594107196388,0.2665594107196388,902,-0.504583228153842,0.504583228153842,378,543.3333333333334,552
postal_code_N9P,-0.2164840796561054,0.2164840796561054,326,-0.2557277673972556,0.2557277673972556,973,-0.5413196958925331,0.5413196958925331,338,545.6666666666666,647
postal_code_T1O,-0.0789743276045732,0.0789743276045732,399,-0.2804526067247901,0.2804526067247901,822,-0.46597016537669383,0.46597016537669383,423,548.0,423
postal_code_N6H,-0.007785140921494721,0.007785140921494721,454,-0.28994002186550744,0.28994002186550744,753,-0.4454939848364867,0.4454939848364867,442,549.6666666666666,311
postal_code_K4D,-0.03795839381228725,0.03795839381228725,426,-0.2870654892064673,0.2870654892064673,777,-0.4400531610641203,0.4400531610641203,447,550.0,351
postal_code_T5H,-0.20298311723632073,0.20298311723632073,334,-0.25579478771487973,0.25579478771487973,972,-0.5308325703415135,0.5308325703415135,350,552.0,638
postal_code_V9W,-0.19799940486853634,0.19799940486853634,335,-0.25611175699029387,0.25611175699029387,971,-0.5257021100594715,0.5257021100594715,353,553.0,636
postal_code_K1J,0.204922428393758,0.204922428393758,333,0.2627397325519691,0.2627397325519691,922,0.48198534063013554,0.48198534063013554,405,553.3333333333334,589
postal_code_V2F,0.29734673086987484,0.29734673086987484,277,0.2550349255035941,0.2550349255035941,981,0.47693380192265994,0.47693380192265994,411,556.3333333333334,704
postal_code_J4O,-0.05849700830288884,0.05849700830288884,412,-0.2766891058715935,0.2766891058715935,842,-0.47309970540858526,0.47309970540858526,417,557.0,430
postal_code_P4W,-0.331211073399545,0.331211073399545,263,-0.2364511345142598,0.2364511345142598,1130,-0.5906809739945209,0.5906809739945209,282,558.3333333333334,867
postal_code_V8I,0.22289325603020071,0.22289325603020071,321,0.25731480031702164,0.25731480031702164,961,0.4914020859806732,0.4914020859806732,396,559.3333333333334,640
postal_code_T8T,0.047187002754466634,0.047187002754466634,422,0.30059889352623453,0.30059889352623453,694,0.38278110027260076,0.38278110027260076,563,559.6666666666666,272
postal_code_A2Z,0.0,0.0,1223,0.8255682503334886,0.8255682503334886,59,0.4902669690732276,0.4902669690732276,398,560.0,1164
postal_code_T1G,-0.23057712191138116,0.23057712191138116,316,-0.2471432216691098,0.2471432216691098,1040,-0.5480401235991993,0.5480401235991993,330,562.0,724
postal_code_P1O,0.0,0.0,560,-0.3147081657192005,0.3147081657192005,617,-0.4041356415575683,0.4041356415575683,517,564.6666666666666,100
postal_code_V8Z,0.22327489107071385,0.22327489107071385,320,0.25428049252590756,0.25428049252590756,986,0.496073351687826,0.496073351687826,389,565.0,666
postal_code_K1W,-0.0009278189780615412,0.0009278189780615412,464,-0.28094976228939356,0.28094976228939356,819,-0.4677226153220451,0.4677226153220451,422,568.3333333333334,397
postal_code_P8E,0.0,0.0,720,0.4342474966046883,0.4342474966046883,287,0.3125236125369005,0.3125236125369005,699,568.6666666666666,433
postal_code_P7I,0.2689221613077252,0.2689221613077252,297,0.2564124632427729,0.2564124632427729,969,0.44160619856124467,0.44160619856124467,446,570.6666666666666,672
postal_code_R2Q,0.0,0.0,617,0.3800962311892726,0.3800962311892726,396,0.3116247177280697,0.3116247177280697,703,572.0,307
postal_code_A3S,0.0,0.0,1319,0.5940571458148298,0.5940571458148298,136,0.5996434864821373,0.5996434864821373,275,576.6666666666666,1183
postal_code_P5Q,0.04581050794136436,0.04581050794136436,423,0.28854144215073535,0.28854144215073535,764,0.38882869294430333,0.38882869294430333,547,578.0,341
postal_code_G8V,-0.0201226421961637,0.0201226421961637,440,-0.27690732632484377,0.27690732632484377,839,-0.43470182022712434,0.43470182022712434,457,578.6666666666666,399
postal_code_A9D,0.0,0.0,1144,0.5459495303715652,0.5459495303715652,181,0.46902058448572104,0.46902058448572104,421,582.0,963
postal_code_K5N,0.19754755946427507,0.19754755946427507,336,0.25259733521516786,0.25259733521516786,997,0.47328493953317846,0.47328493953317846,415,582.6666666666666,661
postal_code_A3W,0.0,0.0,1309,0.8321581408888836,0.8321581408888836,56,0.4925554483443929,0.4925554483443929,393,586.0,1253
postal_code_N3E,0.21996838331467675,0.21996838331467675,324,0.2472013322413321,0.2472013322413321,1039,0.49010687276367404,0.49010687276367404,399,587.3333333333334,715
postal_code_M7Q,-0.05169366409323713,0.05169366409323713,417,-0.2650605331886519,0.2650605331886519,910,-0.43821198428865804,0.43821198428865804,449,592.0,493
postal_code_R4G,0.0,0.0,677,0.4252294996946133,0.4252294996946133,300,0.26047443505933177,0.26047443505933177,799,592.0,499
postal_code_M6P,0.0,0.0,972,-0.40840613762530364,0.40840613762530364,335,-0.4208081489409501,0.4208081489409501,478,595.0,637
postal_code_V1P,-0.23799528030526948,0.23799528030526948,311,-0.2331123160756647,0.2331123160756647,1163,-0.5596034501725853,0.5596034501725853,316,596.6666666666666,852
postal_code_L5X,0.059076309944560555,0.059076309944560555,411,0.2771070003955851,0.2771070003955851,837,0.3913502363172079,0.3913502363172079,542,596.6666666666666,426
postal_code_T4X,-0.04791745334032065,0.04791745334032065,421,-0.26080332225400255,0.26080332225400255,936,-0.448162873926848,0.448162873926848,439,598.6666666666666,515
postal_code_M1E,0.036882011080676215,0.036882011080676215,429,0.2783420281005478,0.2783420281005478,830,0.3925777657979511,0.3925777657979511,540,599.6666666666666,401
postal_code_G8Q,0.1845721290133663,0.1845721290133663,341,0.25412864464705576,0.25412864464705576,989,0.42073437000498526,0.42073437000498526,479,603.0,648
postal_code_M6E,0.1874145630483119,0.1874145630483119,340,0.24337776168397582,0.24337776168397582,1071,0.47879752805933123,0.47879752805933123,407,606.0,731
postal_code_V4W,0.45711890324397525,0.45711890324397525,217,0.2164489023420975,0.2164489023420975,1315,0.5785054403393023,0.5785054403393023,296,609.3333333333334,1098
postal_code_M9T,0.17558299571200378,0.17558299571200378,346,0.24474108762035907,0.24474108762035907,1060,0.46294081846020796,0.46294081846020796,427,611.0,714
postal_code_M5I,-0.011161044725446037,0.011161044725446037,448,-0.2600782996348944,0.2600782996348944,939,-0.4380523658611423,0.4380523658611423,450,612.3333333333334,491
postal_code_V3H,0.00838490969715338,0.00838490969715338,450,0.28044754344791417,0.28044754344791417,823,0.3808273699343555,0.3808273699343555,568,613.6666666666666,373
postal_code_N1K,-0.21438604082535775,0.21438604082535775,327,-0.23125336937999963,0.23125336937999963,1178,-0.5407442344138602,0.5407442344138602,339,614.6666666666666,851
postal_code_P6P,0.0,0.0,655,-0.32589077165788155,0.32589077165788155,557,-0.3412147938586666,0.3412147938586666,638,616.6666666666666,98
postal_code_P5C,0.0,0.0,509,0.3234485663924178,0.3234485663924178,571,0.2710527718643561,0.2710527718643561,771,617.0,262
postal_code_T6N,0.11345674937185804,0.11345674937185804,378,0.2524398937876438,0.2524398937876438,999,0.4158373032605409,0.4158373032605409,489,622.0,621
postal_code_P7Y,0.2916393777537216,0.2916393777537216,280,0.22361412203397873,0.22361412203397873,1244,0.5359562450288238,0.5359562450288238,345,623.0,964
postal_code_M7E,0.0,0.0,942,0.46256112082146994,0.46256112082146994,256,0.32336134436202485,0.32336134436202485,676,624.6666666666666,686
postal_code_A6M,0.0,0.0,1649,0.9156090054133552,0.9156090054133552,29,0.7087190167093236,0.7087190167093236,199,625.6666666666666,1620
postal_code_N5S,0.0,0.0,1127,0.5047180184511891,0.5047180184511891,208,0.391128686105849,0.391128686105849,544,626.3333333333334,919
postal_code_A2J,0.0,0.0,1444,0.8232412296057269,0.8232412296057269,61,0.5029293068608983,0.5029293068608983,381,628.6666666666666,1383
postal_code_H5F,0.23499437266590184,0.23499437266590184,313,0.23152243356616106,0.23152243356616106,1177,0.49029548699536546,0.49029548699536546,397,629.0,864
postal_code_N1H,-0.15196574334580149,0.15196574334580149,360,-0.23447016489882705,0.23447016489882705,1147,-0.4995745659930741,0.4995745659930741,384,630.3333333333334,787
postal_code_T3X,0.33477584398717325,0.33477584398717325,262,0.22369778742680724,0.22369778742680724,1243,0.4973376476188901,0.4973376476188901,387,630.6666666666666,981
postal_code_M9Q,0.0,0.0,818,0.3244596384434419,0.3244596384434419,564,0.4017978632130564,0.4017978632130564,522,634.6666666666666,296
postal_code_A9U,0.0,0.0,873,0.34589016571637493,0.34589016571637493,474,0.3869226274842579,0.3869226274842579,557,634.6666666666666,399
postal_code_R1M,0.0,0.0,637,0.3252133724718632,0.3252133724718632,561,0.3091319656690141,0.3091319656690141,707,635.0,146
postal_code_R1V,0.0,0.0,644,0.3976983117882039,0.3976983117882039,360,0.2077536798123912,0.2077536798123912,909,637.6666666666666,549
postal_code_A1Y,0.0,0.0,1490,0.8153276157763862,0.8153276157763862,66,0.5226128734629057,0.5226128734629057,357,637.6666666666666,1424
postal_code_V5U,0.2502435311095197,0.2502435311095197,306,0.23421969064420017,0.23421969064420017,1151,0.4347355943925115,0.4347355943925115,456,637.6666666666666,845
postal_code_R4L,0.0,0.0,661,0.5780910897737478,0.5780910897737478,149,0.13082607807684946,0.13082607807684946,1109,639.6666666666666,960
postal_code_J2Y,0.02257759060654409,0.02257759060654409,437,0.2702944121968229,0.2702944121968229,886,0.36447429140914045,0.36447429140914045,597,640.0,449
postal_code_P6N,0.0,0.0,603,0.3107389030911768,0.3107389030911768,640,0.3216145023087316,0.3216145023087316,680,641.0,77
postal_code_P5F,0.1843277752687267,0.1843277752687267,342,0.2441522900733988,0.2441522900733988,1065,0.3966992827261927,0.3966992827261927,527,644.6666666666666,723
postal_code_N1T,0.0,0.0,844,-0.42023594007890214,0.42023594007890214,314,-0.2680307825798801,0.2680307825798801,779,645.6666666666666,530
postal_code_G3C,0.06280938593680786,0.06280938593680786,407,0.24939398244780878,0.24939398244780878,1024,0.4086359301625971,0.4086359301625971,507,646.0,617
postal_code_A4F,0.0,0.0,1340,0.561315448252458,0.561315448252458,161,0.4366887491694841,0.4366887491694841,454,651.6666666666666,1179
postal_code_P4P,0.0,0.0,471,-0.32762268760504015,0.32762268760504015,545,-0.19471039129688966,0.19471039129688966,942,652.6666666666666,471
postal_code_P6V,0.0,0.0,733,0.33802853827616985,0.33802853827616985,511,0.29802394300021995,0.29802394300021995,718,654.0,222
postal_code_M8Z,0.0,0.0,801,-0.29990462525538614,0.29990462525538614,700,-0.4313606679061703,0.4313606679061703,463,654.6666666666666,338
postal_code_J3Z,-0.008367450785500835,0.008367450785500835,451,-0.24704598498378597,0.24704598498378597,1042,-0.42515762875215535,0.42515762875215535,472,655.0,591
postal_code_A9W,0.0,0.0,869,0.3716031377961051,0.3716031377961051,410,0.317842092621521,0.317842092621521,689,656.0,459
postal_code_B1D,0.0,0.0,796,-0.36645856561341444,0.36645856561341444,423,-0.27194377636786793,0.27194377636786793,769,662.6666666666666,373
postal_code_P1F,0.0,0.0,551,0.34387548896008185,0.34387548896008185,483,0.18370317754530796,0.18370317754530796,967,667.0,484
postal_code_V2Y,-0.026199825665212426,0.026199825665212426,434,-0.2408996784099676,0.2408996784099676,1094,-0.42475186221814687,0.42475186221814687,473,667.0,660
postal_code_M7Y,0.0,0.0,822,-0.3254207271129961,0.3254207271129961,560,-0.3446365072430088,0.3446365072430088,635,672.3333333333334,262
postal_code_P6U,0.0,0.0,732,-0.3256737864786704,0.3256737864786704,559,-0.2926092908200352,0.2926092908200352,729,673.3333333333334,173
postal_code_P7Q,0.05582360856999492,0.05582360856999492,414,0.24478478338999032,0.24478478338999032,1059,0.388522896657912,0.388522896657912,551,674.6666666666666,645
postal_code_V3L,0.4885209604975546,0.4885209604975546,208,0.19494075230358254,0.19494075230358254,1521,0.5767894819548625,0.5767894819548625,298,675.6666666666666,1313
postal_code_S8N,0.0,0.0,1873,0.9734440846600713,0.9734440846600713,17,0.7869817614031045,0.7869817614031045,152,680.6666666666666,1856
postal_code_K9G,0.26741738137473475,0.26741738137473475,299,0.21961959815616744,0.21961959815616744,1288,0.43438334993002226,0.43438334993002226,458,681.6666666666666,989
postal_code_P5S,0.0,0.0,493,-0.2683934708442323,0.2683934708442323,896,-0.3319402431545613,0.3319402431545613,658,682.3333333333334,403
postal_code_R3J,0.0,0.0,682,-0.30872252385441723,0.30872252385441723,650,-0.2991403952374955,0.2991403952374955,716,682.6666666666666,66
postal_code_M8X,0.002640008617971316,0.002640008617971316,462,0.25167018711195455,0.25167018711195455,1005,0.3717697888416127,0.3717697888416127,584,683.6666666666666,543
postal_code_N3S,0.0,0.0,1075,-0.34293737072585023,0.34293737072585023,490,-0.416654198838925,0.416654198838925,488,684.3333333333334,587
postal_code_R7Y,0.0,0.0,1696,0.6312357887157568,0.6312357887157568,115,0.648908615855033,0.648908615855033,245,685.3333333333334,1581
postal_code_P8S,0.0,0.0,780,-0.3262775790546575,0.3262775790546575,554,-0.2962146091606201,0.2962146091606201,723,685.6666666666666,226
postal_code_T3R,0.09541913627478611,0.09541913627478611,393,0.23209481621123332,0.23209481621123332,1172,0.405834413545153,0.405834413545153,511,692.0,779
postal_code_S5O,0.0,0.0,1833,0.9331038965160889,0.9331038965160889,22,0.6578967151593954,0.6578967151593954,233,696.0,1811
postal_code_V6K,-0.4036578829881703,0.4036578829881703,234,-0.18642761251598622,0.18642761251598622,1602,-0.6331022383180299,0.6331022383180299,257,697.6666666666666,1368
postal_code_T7T,-0.1321009264773094,0.1321009264773094,369,-0.2110797109834582,0.2110797109834582,1359,-0.5088987506815701,0.5088987506815701,370,699.3333333333334,990
postal_code_B1V,0.0,0.0,900,-0.37136903818214434,0.37136903818214434,412,-0.26249465404388533,0.26249465404388533,791,701.0,488
postal_code_R4U,0.0,0.0,670,-0.3239407204897984,0.3239407204897984,568,-0.23046656871832777,0.23046656871832777,867,701.6666666666666,299
postal_code_V3K,0.26741360553686605,0.26741360553686605,300,0.20952824301408432,0.20952824301408432,1370,0.44178596960963123,0.44178596960963123,445,705.0,1070
postal_code_P3G,0.004442687985730108,0.004442687985730108,461,0.2433744960396058,0.2433744960396058,1072,0.3719650417086657,0.3719650417086657,583,705.3333333333334,611
postal_code_R2M,-4.7731091206778235e-05,4.7731091206778235e-05,465,-0.2331465327418332,0.2331465327418332,1162,-0.41559563334774796,0.41559563334774796,490,705.6666666666666,697
postal_code_M7Z,0.1128550643884174,0.1128550643884174,379,0.24058622803572416,0.24058622803572416,1099,0.3377811868857266,0.3377811868857266,642,706.6666666666666,720
postal_code_P5M,-0.10686817487118565,0.10686817487118565,383,-0.23490325994330075,0.23490325994330075,1144,-0.3655376510997095,0.3655376510997095,593,706.6666666666666,761
postal_code_M5E,0.0,0.0,891,-0.3043583939686408,0.3043583939686408,669,-0.3854549575585662,0.3854549575585662,560,706.6666666666666,331
postal_code_N3H,0.07029040503030771,0.07029040503030771,403,0.2306052347783172,0.2306052347783172,1189,0.396017218825175,0.396017218825175,531,707.6666666666666,786
postal_code_S5Z,0.0,0.0,1818,0.6681739723501925,0.6681739723501925,102,0.7021421929996587,0.7021421929996587,204,708.0,1716
postal_code_K2E,0.018461025932821312,0.018461025932821312,441,0.24099273504270413,0.24099273504270413,1093,0.3633272765364138,0.3633272765364138,600,711.3333333333334,652
postal_code_A2A,0.0,0.0,1523,0.5432574449939922,0.5432574449939922,182,0.4513501224041773,0.4513501224041773,435,713.3333333333334,1341
postal_code_N2J,0.0,0.0,860,0.3346653064766708,0.3346653064766708,519,0.2736277145809889,0.2736277145809889,762,713.6666666666666,341
postal_code_V3T,0.35009619583993407,0.35009619583993407,253,0.1965265386934955,0.1965265386934955,1504,0.49949270868818574,0.49949270868818574,385,714.0,1251
postal_code_V9C,0.3011269533152672,0.3011269533152672,274,0.20186946132036765,0.20186946132036765,1451,0.47226294917731776,0.47226294917731776,419,714.6666666666666,1177
postal_code_M8O,0.0,0.0,837,0.40327084433161425,0.40327084433161425,347,0.18496579359500206,0.18496579359500206,963,715.6666666666666,616
postal_code_G1A,0.11403447493000611,0.11403447493000611,377,0.21928469564224534,0.21928469564224534,1289,0.4169239749741997,0.4169239749741997,486,717.3333333333334,912
postal_code_S9L,0.0,0.0,1755,0.8518929590667379,0.8518929590667379,50,0.5337936365655336,0.5337936365655336,349,718.0,1705
postal_code_S1U,0.0,0.0,1546,0.46411331775255027,0.46411331775255027,253,0.5214544209165387,0.5214544209165387,359,719.3333333333334,1293
postal_code_R3V,0.0,0.0,693,0.3079911979665468,0.3079911979665468,652,0.25428800322457723,0.25428800322457723,816,720.3333333333334,164
postal_code_S7N,0.0,0.0,1894,0.9081124876391827,0.9081124876391827,33,0.6492644829892136,0.6492644829892136,244,723.6666666666666,1861
postal_code_V6U,0.026548043721275602,0.026548043721275602,433,0.23049348477878864,0.23049348477878864,1190,0.38101174634768353,0.38101174634768353,567,730.0,757
postal_code_P7K,0.0,0.0,726,0.563914380254171,0.563914380254171,160,0.055355038328846945,0.055355038328846945,1306,730.6666666666666,1146
postal_code_P6D,0.0,0.0,506,0.2958283185461487,0.2958283185461487,721,0.17960992823581595,0.17960992823581595,976,734.3333333333334,470
postal_code_R8L,0.0,0.0,1680,0.5662452834863251,0.5662452834863251,159,0.510360369203709,0.510360369203709,365,734.6666666666666,1521
postal_code_K2R,0.10061100146388736,0.10061100146388736,386,0.2159673134202656,0.2159673134202656,1319,0.41079576819004515,0.41079576819004515,501,735.3333333333334,933
postal_code_L2K,0.09408678613899847,0.09408678613899847,394,0.21765514301640693,0.21765514301640693,1301,0.40462346899811413,0.40462346899811413,515,736.6666666666666,907
postal_code_S8G,0.0,0.0,1867,0.8653580344082298,0.8653580344082298,46,0.5756234841455786,0.5756234841455786,302,738.3333333333334,1821
postal_code_M4K,0.0,0.0,918,-0.3518587447018412,0.3518587447018412,459,-0.2424656342798555,0.2424656342798555,840,739.0,459
postal_code_A2U,0.0,0.0,1466,0.7220030193177165,0.7220030193177165,87,0.32911298774476655,0.32911298774476655,665,739.3333333333334,1379
postal_code_V7K,-0.181626389452723,0.181626389452723,343,-0.1967926972247442,0.1967926972247442,1502,-0.5033322006791439,0.5033322006791439,380,741.6666666666666,1159
postal_code_P4O,0.0,0.0,468,-0.2565274200360675,0.2565274200360675,968,-0.2624956974984607,0.2624956974984607,790,742.0,500
postal_code_P4T,0.0,0.0,479,-0.30431325298123096,0.30431325298123096,670,-0.14281042086758258,0.14281042086758258,1077,742.0,598
postal_code_M4Y,0.0,0.0,909,0.35653431047071565,0.35653431047071565,448,0.2224293092285381,0.2224293092285381,878,745.0,461
postal_code_S4Q,0.0,0.0,1840,0.6108260037180133,0.6108260037180133,121,0.5953060237489132,0.5953060237489132,278,746.3333333333334,1719
postal_code_A8E,0.0,0.0,557,0.3038626489071457,0.3038626489071457,673,0.1687128624933365,0.1687128624933365,1010,746.6666666666666,453
postal_code_J2K,0.00759583418080427,0.00759583418080427,455,0.23074338660714794,0.23074338660714794,1186,0.36263137597217304,0.36263137597217304,602,747.6666666666666,731
postal_code_A6Q,0.0,0.0,752,-0.47908256789268205,0.47908256789268205,233,-0.07257668860666694,0.07257668860666694,1260,748.3333333333334,1027
postal_code_N4O,0.0,0.0,1143,-0.31112401760182995,0.31112401760182995,638,-0.42919165174707735,0.42919165174707735,465,748.6666666666666,678
postal_code_G7I,0.06406707563034646,0.06406707563034646,405,0.22119533357413312,0.22119533357413312,1273,0.3792421188656058,0.3792421188656058,570,749.3333333333334,868
postal_code_N4Y,0.0,0.0,1152,0.34590984582040135,0.34590984582040135,472,0.34737892601199805,0.34737892601199805,626,750.0,680
postal_code_T5E,0.0,0.0,1266,0.37273120966893153,0.37273120966893153,408,0.3749335372138927,0.3749335372138927,578,750.6666666666666,858
postal_code_A6B,0.0,0.0,1723,0.578225785520385,0.578225785520385,148,0.49878911553780586,0.49878911553780586,386,752.3333333333334,1575
postal_code_R2O,0.0,0.0,615,0.298800140666285,0.298800140666285,704,0.1966026112279234,0.1966026112279234,938,752.3333333333334,323
postal_code_T9B,0.0,0.0,1174,-0.3274148319315568,0.3274148319315568,546,-0.3916677715024036,0.3916677715024036,541,753.6666666666666,633
postal_code_S2T,0.0,0.0,1616,0.5271468210406458,0.5271468210406458,189,0.4330688291947259,0.4330688291947259,461,755.3333333333334,1427
postal_code_V8R,0.06301771167974757,0.06301771167974757,406,0.21648856671699765,0.21648856671699765,1313,0.38857423912871153,0.38857423912871153,550,756.3333333333334,907
postal_code_P5W,0.020142711578607697,0.020142711578607697,439,0.22505688155309667,0.22505688155309667,1234,0.36388074620120503,0.36388074620120503,599,757.3333333333334,795
postal_code_H5V,0.16183949686299484,0.16183949686299484,356,0.19929785258747004,0.19929785258747004,1474,0.4431708815823947,0.4431708815823947,444,758.0,1118
postal_code_T8B,0.0,0.0,1197,0.36434142435733274,0.36434142435733274,429,0.3293931443867194,0.3293931443867194,663,763.0,768
postal_code_T7Q,0.0,0.0,1187,0.35825177332188113,0.35825177332188113,447,0.33209370061134846,0.33209370061134846,657,763.6666666666666,740
postal_code_N9T,0.0,0.0,795,-0.26797608140419465,0.26797608140419465,899,-0.3641254671586875,0.3641254671586875,598,764.0,301
postal_code_B7U,0.0,0.0,2025,0.8931762863009263,0.8931762863009263,39,0.6591184266571617,0.6591184266571617,232,765.3333333333334,1986
postal_code_B1W,0.0,0.0,899,-0.3020902277910525,0.3020902277910525,687,-0.3046250302427675,0.3046250302427675,710,765.3333333333334,212
postal_code_S1T,0.0,0.0,1545,0.44755165710314176,0.44755165710314176,269,0.4150350853530203,0.4150350853530203,492,768.6666666666666,1276
postal_code_V5O,-0.16456867412590323,0.16456867412590323,354,-0.1899222770365142,0.1899222770365142,1571,-0.4972370214836394,0.4972370214836394,388,771.0,1217
postal_code_S6Z,0.0,0.0,1884,0.5814091497180625,0.5814091497180625,142,0.5823397628546926,0.5823397628546926,292,772.6666666666666,1742
postal_code_M5D,0.0,0.0,890,-0.28865558580940837,0.28865558580940837,763,-0.32706329126307054,0.32706329126307054,668,773.6666666666666,222
postal_code_P2W,0.0,0.0,593,-0.29035597919156975,0.29035597919156975,752,-0.17875379713716016,0.17875379713716016,979,774.6666666666666,386
postal_code_T8E,-0.015814669867349362,0.015814669867349362,442,-0.20161006183935534,0.20161006183935534,1452,-0.45359294933728667,0.45359294933728667,432,775.3333333333334,1020
postal_code_M7V,0.0,0.0,885,-0.33300599261576325,0.33300599261576325,524,-0.20299575817817078,0.20299575817817078,922,777.0,398
postal_code_R4B,0.0,0.0,699,0.35918785173994017,0.35918785173994017,442,0.09909781418713894,0.09909781418713894,1193,778.0,751
postal_code_R9W,0.0,0.0,1575,0.5099407336849572,0.5099407336849572,202,0.3836877160353341,0.3836877160353341,562,779.6666666666666,1373
postal_code_J9V,0.05746447381094513,0.05746447381094513,413,0.2109142620318201,0.2109142620318201,1360,0.38002072958526617,0.38002072958526617,569,780.6666666666666,947
postal_code_M4Z,0.0,0.0,888,-0.27860486865663103,0.27860486865663103,829,-0.3468395168279093,0.3468395168279093,627,781.3333333333334,261
postal_code_N5O,0.0,0.0,1123,0.34590224224856747,0.34590224224856747,473,0.27989886682700693,0.27989886682700693,749,781.6666666666666,650
postal_code_K7S,0.10898424206106413,0.10898424206106413,380,0.19941737839755594,0.19941737839755594,1471,0.40869176833676707,0.40869176833676707,506,785.6666666666666,1091
postal_code_T8J,0.0,0.0,1204,0.31216671055716105,0.31216671055716105,634,0.40245585136988365,0.40245585136988365,520,786.0,684
postal_code_K8N,-0.00560062349247577,0.00560062349247577,459,-0.20786632247797496,0.20786632247797496,1387,-0.4056771923338752,0.4056771923338752,512,786.0,928
postal_code_S6P,0.0,0.0,1830,0.5482057338284966,0.5482057338284966,177,0.509211266943184,0.509211266943184,369,792.0,1653
postal_code_T3C,0.0,0.0,1772,0.5312468925301566,0.5312468925301566,185,0.45473813883896413,0.45473813883896413,430,795.6666666666666,1587
postal_code_P6Y,0.0,0.0,736,-0.31652271908890284,0.31652271908890284,609,-0.1543352621975268,0.1543352621975268,1043,796.0,434
postal_code_L7H,0.09584432549847925,0.09584432549847925,392,0.19767843598062368,0.19767843598062368,1491,0.40925339947506273,0.40925339947506273,505,796.0,1099
postal_code_N7M,0.0,0.0,988,-0.2753601548934705,0.2753601548934705,853,-0.3820240479241094,0.3820240479241094,565,802.0,423
postal_code_P7N,0.0,0.0,704,0.2600370374104884,0.2600370374104884,940,0.27254011455571236,0.27254011455571236,766,803.3333333333334,236
postal_code_N7A,0.23346501676989445,0.23346501676989445,314,0.18713588527403555,0.18713588527403555,1593,0.4100551296372694,0.4100551296372694,503,803.3333333333334,1279
postal_code_B7J,0.0,0.0,2090,0.6382862326407883,0.6382862326407883,110,0.6858175166812251,0.6858175166812251,211,803.6666666666666,1980
postal_code_R7H,0.0,0.0,1702,0.4995831529308855,0.4995831529308855,216,0.41151186483756086,0.41151186483756086,496,804.6666666666666,1486
postal_code_R7A,0.0,0.0,1672,0.4846759090634028,0.4846759090634028,227,0.4034334457878856,0.4034334457878856,518,805.6666666666666,1445
postal_code_S4G,0.0,0.0,1625,0.41251479897444726,0.41251479897444726,329,0.4258638541949072,0.4258638541949072,470,808.0,1296
postal_code_P4N,0.0,0.0,466,0.2721279414112036,0.2721279414112036,874,0.14040771700233615,0.14040771700233615,1084,808.0,618
postal_code_R9F,0.0,0.0,1560,0.4676574944024225,0.4676574944024225,248,0.3544075041902741,0.3544075041902741,616,808.0,1312
postal_code_A2O,0.0,0.0,1481,0.370935361219284,0.370935361219284,414,0.3959265059939881,0.3959265059939881,532,809.0,1067
postal_code_P4X,0.0,0.0,467,-0.23320793863037934,0.23320793863037934,1161,-0.25932582737443455,0.25932582737443455,800,809.3333333333334,694
postal_code_G4W,0.0,0.0,2005,0.8287600055626443,0.8287600055626443,58,0.510018241661716,0.510018241661716,366,809.6666666666666,1947
postal_code_M8U,0.0,0.0,797,-0.4139996555220893,0.4139996555220893,323,-0.05393765912711905,0.05393765912711905,1311,810.3333333333334,988
postal_code_T7E,-0.03717435829800461,0.03717435829800461,428,-0.19233951889280446,0.19233951889280446,1544,-0.43048239949114275,0.43048239949114275,464,812.0,1116
postal_code_P9Q,0.0,0.0,757,-0.2494091761358331,0.2494091761358331,1023,-0.3310275916321116,0.3310275916321116,660,813.3333333333334,363
postal_code_T1T,-0.1777314052031452,0.1777314052031452,344,-0.18438962407584142,0.18438962407584142,1627,-0.4270767727086154,0.4270767727086154,469,813.3333333333334,1283
postal_code_M5G,0.0,0.0,893,-0.2818875761298436,0.2818875761298436,812,-0.2870714911338547,0.2870714911338547,738,814.3333333333334,155
postal_code_P1V,0.0,0.0,521,0.22543519362928743,0.22543519362928743,1229,0.3149603025705542,0.3149603025705542,693,814.3333333333334,708
postal_code_N9B,0.0,0.0,1028,-0.31202327473725616,0.31202327473725616,636,-0.26415450289089354,0.26415450289089354,786,816.6666666666666,392
postal_code_A9C,0.0,0.0,1150,0.3665745103952731,0.3665745103952731,422,0.2217630269070943,0.2217630269070943,880,817.3333333333334,728
postal_code_N2Q,0.0,0.0,1095,0.33982976158772804,0.33982976158772804,505,0.23863710165217084,0.23863710165217084,853,817.6666666666666,590
postal_code_P2Y,0.0,0.0,595,0.2594260041558526,0.2594260041558526,948,0.20525725067999376,0.20525725067999376,916,819.6666666666666,353
postal_code_T1S,0.1917182391653799,0.1917182391653799,339,0.18708544800564153,0.18708544800564153,1594,0.39652199320873655,0.39652199320873655,528,820.3333333333334,1255
postal_code_H8I,0.0,0.0,2180,0.9124713384936792,0.9124713384936792,30,0.6386364532473084,0.6386364532473084,253,821.0,2150
postal_code_M5A,0.0,0.0,908,-0.3032814581671909,0.3032814581671909,678,-0.22206061004735153,0.22206061004735153,879,821.6666666666666,230
postal_code_T9E,0.0,0.0,1177,-0.2872824554818621,0.2872824554818621,774,-0.40229052888682626,0.40229052888682626,521,824.0,656
postal_code_P6Q,0.0,0.0,728,-0.23364086578656143,0.23364086578656143,1157,-0.3671677321879027,0.3671677321879027,589,824.6666666666666,568
postal_code_V2B,0.274610931850492,0.274610931850492,294,0.17589507963796608,0.17589507963796608,1720,0.43149576112742777,0.43149576112742777,462,825.3333333333334,1426
postal_code_R4A,0.0,0.0,698,0.27541450328859884,0.27541450328859884,852,0.1994713550448057,0.1994713550448057,927,825.6666666666666,229
postal_code_R5C,0.0,0.0,1055,0.28389607526271343,0.28389607526271343,798,0.3455981531603817,0.3455981531603817,631,828.0,424
postal_code_A3Q,0.0,0.0,1194,0.2968420249297594,0.2968420249297594,716,0.36624937087289866,0.36624937087289866,590,833.3333333333334,604
postal_code_T2T,0.10047397857185045,0.10047397857185045,388,0.18871156160296962,0.18871156160296962,1582,0.39567654564603805,0.39567654564603805,533,834.3333333333334,1194
postal_code_T3A,0.1466133850238273,0.1466133850238273,361,0.17793066006768188,0.17793066006768188,1701,0.4395595083375433,0.4395595083375433,448,836.6666666666666,1340
postal_code_P4Y,0.0,0.0,491,-0.22980123783046916,0.22980123783046916,1200,-0.24952113862109196,0.24952113862109196,827,839.3333333333334,709
postal_code_P7A,0.0,0.0,738,-0.24601124878074468,0.24601124878074468,1047,-0.2846192834277216,0.2846192834277216,740,841.6666666666666,309
postal_code_V1Y,0.0,0.0,1220,-0.28950696770488854,0.28950696770488854,759,-0.3887413334628743,0.3887413334628743,548,842.3333333333334,672
postal_code_M5X,0.0,0.0,931,-0.30114425220400254,0.30114425220400254,692,-0.20976050017158496,0.20976050017158496,904,842.3333333333334,239
postal_code_A2F,0.0,0.0,1450,-0.409679503349941,0.409679503349941,332,-0.27420205409563647,0.27420205409563647,761,847.6666666666666,1118
postal_code_P7M,0.0,0.0,724,-0.26008815444044525,0.26008815444044525,938,-0.2182268198754541,0.2182268198754541,886,849.3333333333334,214
postal_code_V8S,0.027457622791141414,0.027457622791141414,431,0.21050324044516047,0.21050324044516047,1364,0.27821163651450354,0.27821163651450354,754,849.6666666666666,933
postal_code_B7R,0.0,0.0,2042,0.7604937547188887,0.7604937547188887,82,0.46427146200387254,0.46427146200387254,426,850.0,1960
postal_code_R3U,0.0,0.0,692,0.27998842703304244,0.27998842703304244,825,0.15486708871886573,0.15486708871886573,1039,852.0,347
postal_code_V6J,0.08475284809935718,0.08475284809935718,397,0.1840341774249029,0.1840341774249029,1630,0.39604677740498206,0.39604677740498206,530,852.3333333333334,1233
postal_code_A8L,0.0,0.0,1046,-0.30381406861961413,0.30381406861961413,675,-0.24357417167104986,0.24357417167104986,838,853.0,371
postal_code_A8N,0.0,0.0,1063,-0.3308506695022767,0.3308506695022767,529,-0.1805425155998308,0.1805425155998308,974,855.3333333333334,534
postal_code_N3B,0.10050758056197087,0.10050758056197087,387,0.18044745764889714,0.18044745764889714,1674,0.40732017940605564,0.40732017940605564,508,856.3333333333334,1287
postal_code_T5A,0.0,0.0,1262,-0.30438540850865103,0.30438540850865103,668,-0.3358598430803228,0.3358598430803228,646,858.6666666666666,616
postal_code_S5M,0.0,0.0,1835,0.43328034773554247,0.43328034773554247,289,0.4365384250061615,0.4365384250061615,455,859.6666666666666,1546
postal_code_N5J,0.0,0.0,1118,-0.29647905675436326,0.29647905675436326,718,-0.2825355428804949,0.2825355428804949,744,860.0,400
postal_code_V6N,0.05514742893510828,0.05514742893510828,415,0.18911972822910966,0.18911972822910966,1577,0.3684300322147329,0.3684300322147329,588,860.0,1162
postal_code_V9V,0.0,0.0,1403,-0.29810878417759723,0.29810878417759723,710,-0.42726992222412963,0.42726992222412963,468,860.3333333333334,935
postal_code_S8T,0.0,0.0,1823,0.40791984047741614,0.40791984047741614,338,0.4542917202254344,0.4542917202254344,431,864.0,1485
postal_code_P5N,0.0,0.0,486,0.26864243771730256,0.26864243771730256,893,0.09021388203757226,0.09021388203757226,1217,865.3333333333334,731
postal_code_P1G,0.0,0.0,552,0.24335639584331717,0.24335639584331717,1073,0.1806131670267804,0.1806131670267804,973,866.0,521
postal_code_N9V,0.0,0.0,793,0.33916418182173214,0.33916418182173214,507,0.054915620154785176,0.054915620154785176,1307,869.0,800
postal_code_A8Y,0.0,0.0,1001,-0.28443178119160983,0.28443178119160983,791,-0.2513288958004615,0.2513288958004615,820,870.6666666666666,210
postal_code_R3Q,0.0,0.0,688,0.25272195614568627,0.25272195614568627,996,0.19520551091566085,0.19520551091566085,940,874.6666666666666,308
postal_code_V3X,0.011691228731885023,0.011691228731885023,447,0.18860849537958027,0.18860849537958027,1584,0.36473886191725935,0.36473886191725935,595,875.3333333333334,1137
postal_code_S4R,0.0,0.0,1841,0.5163693452937387,0.5163693452937387,201,0.36908778160875627,0.36908778160875627,586,876.0,1640
postal_code_T7F,0.29454185984518255,0.29454185984518255,279,0.16306512459898537,0.16306512459898537,1851,0.410855346532583,0.410855346532583,500,876.6666666666666,1572
postal_code_C7C,0.0,0.0,2328,0.8989489935576541,0.8989489935576541,38,0.6082412554174403,0.6082412554174403,266,877.3333333333334,2290
postal_code_T6B,0.0,0.0,1334,-0.2849748451439373,0.2849748451439373,788,-0.4058371157324077,0.4058371157324077,510,877.3333333333334,824
postal_code_V6C,0.14268570596551022,0.14268570596551022,364,0.167589338505724,0.167589338505724,1805,0.4287187701309799,0.4287187701309799,466,878.3333333333334,1441
postal_code_P5G,0.0,0.0,503,-0.36383528813389443,0.36383528813389443,431,0.0,0.0,1702,878.6666666666666,1271
postal_code_R7M,0.0,0.0,1707,0.4834295066729737,0.4834295066729737,230,0.312371673444709,0.312371673444709,700,879.0,1477
postal_code_N5R,0.0,0.0,1126,-0.32648664855904064,0.32648664855904064,553,-0.1882469048414282,0.1882469048414282,960,879.6666666666666,573
postal_code_R2K,0.0,0.0,612,0.48785206030854894,0.48785206030854894,224,0.0,0.0,1813,883.0,1589
postal_code_B1U,0.0,0.0,907,-0.3069461073920269,0.3069461073920269,656,-0.1369875246352077,0.1369875246352077,1094,885.6666666666666,438
postal_code_T6F,0.0,0.0,1338,-0.2904960268144056,0.2904960268144056,749,-0.37875728334554876,0.37875728334554876,573,886.6666666666666,765
postal_code_C5F,0.0,0.0,2447,0.9240923874811587,0.9240923874811587,26,0.7172126784911015,0.7172126784911015,189,887.3333333333334,2421
postal_code_N5A,0.0,0.0,1154,-0.262772624991929,0.262772624991929,920,-0.3660273264961464,0.3660273264961464,591,888.3333333333334,563
postal_code_E2Q,0.0,0.0,2345,0.8843373957329578,0.8843373957329578,41,0.5918353807226446,0.5918353807226446,281,889.0,2304
postal_code_V9G,0.0,0.0,1436,-0.30044517482076943,0.30044517482076943,696,-0.39391409609879313,0.39391409609879313,538,890.0,898
postal_code_N4R,0.0,0.0,1146,-0.31928892994330077,0.31928892994330077,591,-0.19713309554692696,0.19713309554692696,933,890.0,555
postal_code_M6W,0.0,0.0,954,-0.23954743486719313,0.23954743486719313,1108,-0.35689092808238787,0.35689092808238787,610,890.6666666666666,498
postal_code_B6P,0.0,0.0,2248,0.5796341992914591,0.5796341992914591,144,0.589863899271136,0.589863899271136,283,891.6666666666666,2104
postal_code_P2B,0.0,0.0,527,-0.21541198396983627,0.21541198396983627,1327,-0.24976438743363782,0.24976438743363782,825,893.0,800
postal_code_B8U,0.0,0.0,2418,0.9072215242899759,0.9072215242899759,34,0.6650803671584179,0.6650803671584179,227,893.0,2384
postal_code_V1J,-0.1075735784402076,0.1075735784402076,382,-0.16168952609726284,0.16168952609726284,1872,-0.4522133492174535,0.4522133492174535,434,896.0,1490
postal_code_S2P,0.0,0.0,1612,0.4158332567861909,0.4158332567861909,320,0.2772833451784392,0.2772833451784392,757,896.3333333333334,1292
postal_code_C7N,0.0,0.0,2296,0.835938911206729,0.835938911206729,55,0.5395462598335868,0.5395462598335868,340,897.0,2241
postal_code_R6N,0.0,0.0,1636,0.38142608061758804,0.38142608061758804,395,0.33063146655034764,0.33063146655034764,661,897.3333333333334,1241
postal_code_R6K,0.0,0.0,1634,-0.3266792423058629,0.3266792423058629,552,-0.4070639266014558,0.4070639266014558,509,898.3333333333334,1125
postal_code_V1U,0.0,0.0,1216,-0.28304665061028916,0.28304665061028916,803,-0.3184355182873599,0.3184355182873599,687,902.0,529
postal_code_R4M,0.0,0.0,662,-0.4207764828557191,0.4207764828557191,313,0.0,0.0,1740,905.0,1427
postal_code_E2D,0.0,0.0,2337,0.8127314227437713,0.8127314227437713,67,0.5611128241026812,0.5611128241026812,314,906.0,2270
postal_code_R3T,0.0,0.0,691,-0.3024989468589793,0.3024989468589793,684,-0.04172787971399674,0.04172787971399674,1344,906.3333333333334,660
postal_code_T6S,0.0,0.0,1304,-0.32699179693776276,0.32699179693776276,549,-0.22810773874812776,0.22810773874812776,870,907.6666666666666,755
postal_code_H7U,0.0,0.0,2142,0.5300143214016961,0.5300143214016961,187,0.4925389900177021,0.4925389900177021,394,907.6666666666666,1955
postal_code_T8O,0.0,0.0,1162,-0.25757981929578416,0.25757981929578416,957,-0.35855226752109,0.35855226752109,607,908.6666666666666,555
postal_code_A1U,0.0,0.0,1500,0.3477291479651977,0.3477291479651977,467,0.27589103861448044,0.27589103861448044,760,909.0,1033
postal_code_B8V,0.0,0.0,2419,0.8735615266912287,0.8735615266912287,44,0.6070814890335359,0.6070814890335359,267,910.0,2375
postal_code_R3X,0.0,0.0,695,0.269599147570678,0.269599147570678,889,0.11736138306453879,0.11736138306453879,1147,910.3333333333334,452
postal_code_H4I,0.0,0.0,2269,0.819154219843609,0.819154219843609,63,0.48083581607228315,0.48083581607228315,406,912.6666666666666,2206
postal_code_C7I,0.0,0.0,2307,0.8176221112672483,0.8176221112672483,64,0.5095124774924276,0.5095124774924276,368,913.0,2243
postal_code_M5C,0.16586221082266236,0.16586221082266236,352,0.16971614994739653,0.16971614994739653,1780,0.35821834643275713,0.35821834643275713,608,913.3333333333334,1428
postal_code_G7Z,0.0,0.0,1942,0.658169448190114,0.658169448190114,104,0.3134348118570192,0.3134348118570192,697,914.3333333333334,1838
postal_code_R1F,0.0,0.0,702,-0.31716836272004356,0.31716836272004356,600,-0.00823749266650485,0.00823749266650485,1448,916.6666666666666,848
postal_code_C6U,0.0,0.0,2319,0.603405216533937,0.603405216533937,131,0.5712319140486294,0.5712319140486294,304,918.0,2188
postal_code_V3N,-0.03787811180757405,0.03787811180757405,427,-0.1835149463697045,0.1835149463697045,1639,-0.31784759174859306,0.31784759174859306,688,918.0,1212
postal_code_N8L,0.004597843786051912,0.004597843786051912,460,0.18067287322150657,0.18067287322150657,1672,0.34875325616750047,0.34875325616750047,623,918.3333333333334,1212
postal_code_P4L,0.0,0.0,488,-0.22996333975274474,0.22996333975274474,1198,-0.14230370404392803,0.14230370404392803,1079,921.6666666666666,710
postal_code_V8A,0.0,0.0,1366,-0.26145648098062896,0.26145648098062896,933,-0.4286284506654371,0.4286284506654371,467,922.0,899
postal_code_C8F,0.0,0.0,2285,0.8078517415545616,0.8078517415545616,69,0.4758842339315505,0.4758842339315505,412,922.0,2216
postal_code_P9P,0.0,0.0,756,0.31707153698412477,0.31707153698412477,601,0.017748240532425512,0.017748240532425512,1418,925.0,817
postal_code_E9E,0.0,0.0,2499,0.9033964263506287,0.9033964263506287,37,0.6510589826133653,0.6510589826133653,243,926.3333333333334,2462
postal_code_N5N,0.0,0.0,1122,0.28400453778934426,0.28400453778934426,795,0.23292163509681632,0.23292163509681632,864,927.0,327
postal_code_E5Q,0.0,0.0,2588,0.9720547607400528,0.9720547607400528,18,0.7349097664232159,0.7349097664232159,175,927.0,2570
postal_code_R2U,0.0,0.0,621,0.2177645161749451,0.2177645161749451,1300,0.23538032926614816,0.23538032926614816,861,927.3333333333334,679
postal_code_P8D,0.0,0.0,719,-0.27680088761593236,0.27680088761593236,840,-0.08260628769060956,0.08260628769060956,1234,931.0,515
postal_code_R3D,0.0,0.0,653,-0.27426044470810257,0.27426044470810257,861,-0.06453307321794659,0.06453307321794659,1281,931.6666666666666,628
postal_code_N5W,0.0,0.0,1131,-0.2753509666588381,0.2753509666588381,854,-0.2545234610627378,0.2545234610627378,814,933.0,317
postal_code_S6J,0.0,0.0,1826,0.4052815551757109,0.4052815551757109,342,0.34504402326431516,0.34504402326431516,632,933.3333333333334,1484
postal_code_C2F,0.0,0.0,2458,0.634031874637522,0.634031874637522,112,0.6560672705941154,0.6560672705941154,235,935.0,2346
postal_code_S6I,0.0,0.0,1825,0.3898316844076026,0.3898316844076026,380,0.3589365570743887,0.3589365570743887,606,937.0,1445
postal_code_R5A,0.0,0.0,676,-0.38989074396328643,0.38989074396328643,379,0.0,0.0,1760,938.3333333333334,1381
postal_code_C8I,0.0,0.0,2295,0.5801904638472494,0.5801904638472494,143,0.5048485585038367,0.5048485585038367,377,938.3333333333334,2152
postal_code_G2L,0.0,0.0,2561,0.9206847139038253,0.9206847139038253,27,0.6644926705553111,0.6644926705553111,228,938.6666666666666,2534
postal_code_R4W,0.0,0.0,672,0.28335496335198873,0.28335496335198873,800,0.04124172631185037,0.04124172631185037,1345,939.0,673
postal_code_N4B,0.0,0.0,1084,-0.23697649415412236,0.23697649415412236,1124,-0.35760348945102066,0.35760348945102066,609,939.0,515
postal_code_E2L,0.0,0.0,2342,0.5681601251485564,0.5681601251485564,155,0.553618387861336,0.553618387861336,323,940.0,2187
postal_code_N8R,0.0,0.0,1064,0.2875874807880165,0.2875874807880165,771,0.17606522497547195,0.17606522497547195,986,940.3333333333334,293
postal_code_P6G,0.0,0.0,510,-0.20780333091726128,0.20780333091726128,1389,-0.20241613972170405,0.20241613972170405,923,940.6666666666666,879
postal_code_C6B,0.0,0.0,2314,0.7712757209096125,0.7712757209096125,80,0.4618892636545335,0.4618892636545335,428,940.6666666666666,2234
postal_code_S1B,0.0,0.0,1556,0.42183875168326557,0.42183875168326557,310,0.18894782222333953,0.18894782222333953,957,941.0,1246
postal_code_P4U,0.0,0.0,478,-0.3005678090596196,0.3005678090596196,695,0.0,0.0,1652,941.6666666666666,1174
postal_code_H7G,0.0,0.0,2104,0.5065808477202349,0.5065808477202349,205,0.3997053101131913,0.3997053101131913,524,944.3333333333334,1899
postal_code_R7V,0.0,0.0,1713,0.4184015822136925,0.4184015822136925,315,0.25597722643295706,0.25597722643295706,811,946.3333333333334,1398
postal_code_R3K,0.0,0.0,683,-0.2597014231195459,0.2597014231195459,943,-0.09064426933304608,0.09064426933304608,1215,947.0,532
claim_type_Weather,-0.6994838820162215,0.6994838820162215,146,-0.11105726829950013,0.11105726829950013,2386,-0.5648294126220672,0.5648294126220672,310,947.3333333333334,2240
postal_code_A2E,0.0,0.0,1485,0.4061595202763785,0.4061595202763785,341,0.16251780517083772,0.16251780517083772,1020,948.6666666666666,1144
postal_code_B8P,0.0,0.0,2413,0.6046796309609339,0.6046796309609339,129,0.5696906343997914,0.5696906343997914,306,949.3333333333334,2284
postal_code_P9V,0.0,0.0,761,-0.2613211731370964,0.2613211731370964,934,-0.114359682992039,0.114359682992039,1154,949.6666666666666,393
postal_code_N6X,0.0,0.0,1019,-0.29292138291065684,0.29292138291065684,737,-0.13604285861914192,0.13604285861914192,1097,951.0,360
postal_code_R3S,0.0,0.0,690,-0.22779289773861597,0.22779289773861597,1212,-0.18982176361251812,0.18982176361251812,952,951.3333333333334,522
postal_code_P5R,0.0,0.0,492,-0.22772108378254396,0.22772108378254396,1214,-0.11570432715697151,0.11570432715697151,1150,952.0,722
postal_code_R5U,0.0,0.0,1665,0.32020334473052936,0.32020334473052936,588,0.35510277078497293,0.35510277078497293,614,955.6666666666666,1077
postal_code_A7A,0.0,0.0,721,-0.28069122783536277,0.28069122783536277,821,-0.050030449414656425,0.050030449414656425,1325,955.6666666666666,604
postal_code_E9Y,0.0,0.0,2496,0.8623562499240729,0.8623562499240729,48,0.5520016822922188,0.5520016822922188,324,956.0,2448
postal_code_P8Q,0.0,0.0,778,-0.22131209934220325,0.22131209934220325,1271,-0.25096721373801073,0.25096721373801073,824,957.6666666666666,493
postal_code_P8Z,0.0,0.0,787,-0.2247948318084466,0.2247948318084466,1236,-0.23810492977712044,0.23810492977712044,855,959.3333333333334,449
postal_code_S7M,0.0,0.0,1893,0.4183172470484501,0.4183172470484501,316,0.3251975525650512,0.3251975525650512,670,959.6666666666666,1577
postal_code_N2O,0.0,0.0,1069,0.3121775228385606,0.3121775228385606,633,0.1008839423693152,0.1008839423693152,1184,962.0,551
postal_code_E2K,0.0,0.0,2341,0.7892586992987269,0.7892586992987269,74,0.42374796075860977,0.42374796075860977,475,963.3333333333334,2267
postal_code_N6P,0.0,0.0,1011,-0.26440993398679596,0.26440993398679596,914,-0.18289932627985675,0.18289932627985675,968,964.3333333333334,97
postal_code_M8D,0.0,0.0,826,-0.2978329771634944,0.2978329771634944,712,-0.0376333715925945,0.0376333715925945,1355,964.3333333333334,643
postal_code_V6A,0.0,0.0,1506,-0.2882962849369914,0.2882962849369914,766,-0.34858256059373843,0.34858256059373843,624,965.3333333333334,882
postal_code_V1Q,0.0,0.0,1212,-0.2389725460238521,0.2389725460238521,1112,-0.3754560030979484,0.3754560030979484,576,966.6666666666666,636
postal_code_G5F,0.0,0.0,2014,-0.43087761045569684,0.43087761045569684,292,-0.36472915344509677,0.36472915344509677,596,967.3333333333334,1722
postal_code_V4N,0.0,0.0,1514,-0.2963631734604177,0.2963631734604177,719,-0.32188593239913477,0.32188593239913477,678,970.3333333333334,836
postal_code_M6V,0.0,0.0,955,-0.2688420663175946,0.2688420663175946,891,-0.1460360820344798,0.1460360820344798,1066,970.6666666666666,175
postal_code_S3X,0.0,0.0,1594,0.445083765132936,0.445083765132936,272,0.15152283508431288,0.15152283508431288,1054,973.3333333333334,1322
postal_code_C4K,0.0,0.0,2441,0.5792875261982581,0.5792875261982581,146,0.5367147366694,0.5367147366694,343,976.6666666666666,2295
postal_code_P9W,0.0,0.0,762,-0.25204400242041486,0.25204400242041486,1003,-0.10828644554823692,0.10828644554823692,1170,978.3333333333334,408
postal_code_P3V,0.0,0.0,572,-0.22874022541761446,0.22874022541761446,1203,-0.11164857023091788,0.11164857023091788,1162,979.0,631
postal_code_P9U,0.0,0.0,760,0.2311045039580647,0.2311045039580647,1183,0.1732659167401556,0.1732659167401556,996,979.6666666666666,423
postal_code_E9B,0.0,0.0,2507,0.5877737479619685,0.5877737479619685,138,0.5766609405283385,0.5766609405283385,299,981.3333333333334,2369
postal_code_G9G,0.0,0.0,1950,-0.3428869567037994,0.3428869567037994,492,-0.40940834044832686,0.40940834044832686,504,982.0,1458
postal_code_R3M,0.0,0.0,685,0.33015220569614684,0.33015220569614684,535,0.0,0.0,1728,982.6666666666666,1193
postal_code_V7R,0.0,0.0,1347,-0.2524295729799532,0.2524295729799532,1000,-0.3594481416515284,0.3594481416515284,603,983.3333333333334,744
postal_code_S1D,0.0,0.0,1554,0.32015468831732435,0.32015468831732435,589,0.2559118359900551,0.2559118359900551,812,985.0,965
postal_code_A1Z,0.0,0.0,1510,0.5796267463118994,0.5796267463118994,145,0.055980197381106434,0.055980197381106434,1302,985.6666666666666,1365
postal_code_R4J,0.0,0.0,659,-0.320940629876958,0.320940629876958,585,0.0,0.0,1714,986.0,1129
postal_code_T8R,0.0,0.0,1165,-0.2874741612747177,0.2874741612747177,773,-0.15786101564911542,0.15786101564911542,1030,989.3333333333334,392
postal_code_H4P,0.0,0.0,2276,-0.436531591305596,0.436531591305596,283,-0.4739227605660576,0.4739227605660576,414,991.0,1993
postal_code_T2Z,0.0,0.0,1770,-0.31256373938445003,0.31256373938445003,628,-0.37421624414223265,0.37421624414223265,579,992.3333333333334,1191
postal_code_M5B,0.0,0.0,889,0.27053035731482844,0.27053035731482844,884,0.09336126584364626,0.09336126584364626,1206,993.0,322
postal_code_M5M,0.0,0.0,898,0.2750473966129328,0.2750473966129328,855,0.08454408604797192,0.08454408604797192,1231,994.6666666666666,376
postal_code_M6R,0.0,0.0,974,0.2134756787604813,0.2134756787604813,1337,0.32418849219110174,0.32418849219110174,674,995.0,663
postal_code_H2V,0.0,0.0,2230,0.5351073292988706,0.5351073292988706,184,0.3788051981142937,0.3788051981142937,572,995.3333333333334,2046
postal_code_G8W,0.0,0.0,1915,0.3437027417344365,0.3437027417344365,485,0.3686850277490243,0.3686850277490243,587,995.6666666666666,1430
postal_code_T2M,0.15233939572505478,0.15233939572505478,359,0.14961944476907685,0.14961944476907685,2011,0.352767459509919,0.352767459509919,619,996.3333333333334,1652
postal_code_C2I,0.0,0.0,2459,0.7884800013165769,0.7884800013165769,75,0.4337698747057965,0.4337698747057965,460,998.0,2384
postal_code_E3K,0.0,0.0,2595,0.8428750606766231,0.8428750606766231,51,0.5275184523551343,0.5275184523551343,351,999.0,2544
postal_code_N1I,0.0,0.0,879,-0.23155011982847185,0.23155011982847185,1176,-0.19440411159036589,0.19440411159036589,943,999.3333333333334,297
claim_type_Vandalism,-0.7584563136733415,0.7584563136733415,130,-0.09120655164363572,0.09120655164363572,2599,-0.6063481699613805,0.6063481699613805,269,999.3333333333334,2469
postal_code_R6T,0.0,0.0,1643,0.2862830354608769,0.2862830354608769,781,0.3751162291802318,0.3751162291802318,577,1000.3333333333334,1066
postal_code_P6R,0.0,0.0,729,-0.22513516773616163,0.22513516773616163,1232,-0.15485534057860106,0.15485534057860106,1040,1000.3333333333334,503
postal_code_V7E,0.0,0.0,1371,0.3648496510786945,0.3648496510786945,427,0.09603476082715824,0.09603476082715824,1204,1000.6666666666666,944
postal_code_A9K,0.0,0.0,858,-0.2958553833579138,0.2958553833579138,720,-0.01402328469858054,0.01402328469858054,1430,1002.6666666666666,710
postal_code_R1E,0.0,0.0,714,0.3353282042758911,0.3353282042758911,516,0.0,0.0,1779,1003.0,1263
postal_code_P3M,0.0,0.0,585,-0.2041742247814739,0.2041742247814739,1425,-0.1690885529779063,0.1690885529779063,1009,1006.3333333333334,840
postal_code_A7H,0.0,0.0,483,-0.3022510767974728,0.3022510767974728,686,0.0,0.0,1854,1007.6666666666666,1371
postal_code_P9X,0.0,0.0,763,-0.21976318912024992,0.21976318912024992,1283,-0.17834839307768235,0.17834839307768235,981,1009.0,520
postal_code_E4L,0.0,0.0,2613,0.8426397370977383,0.8426397370977383,53,0.5107986603708885,0.5107986603708885,364,1010.0,2560
postal_code_T9T,0.0,0.0,1237,0.24901760140972998,0.24901760140972998,1026,0.26903904533754214,0.26903904533754214,776,1013.0,461
postal_code_T7M,0.0,0.0,1252,-0.26172504919481204,0.26172504919481204,931,-0.23767085169892782,0.23767085169892782,858,1013.6666666666666,394
postal_code_P1Z,0.0,0.0,525,-0.21289044376402458,0.21289044376402458,1341,-0.10374962101814814,0.10374962101814814,1181,1015.6666666666666,816
postal_code_N8C,0.0,0.0,1050,-0.26435684871847803,0.26435684871847803,915,-0.14041680037684828,0.14041680037684828,1083,1016.0,168
postal_code_G5J,0.0,0.0,2017,0.3959894591856193,0.3959894591856193,363,0.32577881366479244,0.32577881366479244,669,1016.3333333333334,1654
postal_code_T3Z,0.0,0.0,1283,-0.2420043249531749,0.2420043249531749,1085,-0.31381207623289575,0.31381207623289575,696,1021.3333333333334,587
postal_code_P9C,0.0,0.0,790,-0.20913407666187941,0.20913407666187941,1374,-0.20951711185403005,0.20951711185403005,905,1023.0,584
postal_code_T9J,0.0,0.0,1205,-0.23302950965787425,0.23302950965787425,1165,-0.3097073020478723,0.3097073020478723,705,1025.0,500
postal_code_T7Z,0.0,0.0,1195,-0.23094461914178005,0.23094461914178005,1185,-0.3134123181558145,0.3134123181558145,698,1026.0,497
postal_code_S4M,0.0,0.0,1838,-0.3919473480139806,0.3919473480139806,371,-0.22824268178463475,0.22824268178463475,869,1026.0,1467
postal_code_P9K,0.0,0.0,751,0.20473392294812967,0.20473392294812967,1419,0.20676022995072296,0.20676022995072296,911,1027.0,668
postal_code_R8R,0.0,0.0,1686,0.5734898362613349,0.5734898362613349,151,0.07969257481596347,0.07969257481596347,1245,1027.3333333333333,1535
postal_code_P4J,0.0,0.0,540,0.20901219168122362,0.20901219168122362,1376,0.11014891660395254,0.11014891660395254,1166,1027.3333333333333,836
postal_code_G9E,0.0,0.0,1924,-0.31704822066911204,0.31704822066911204,602,-0.38701152089855856,0.38701152089855856,556,1027.3333333333333,1368
postal_code_R7B,0.0,0.0,1695,0.5885662328223078,0.5885662328223078,137,0.07711305865377947,0.07711305865377947,1251,1027.6666666666667,1558
postal_code_P1I,0.0,0.0,554,0.2311927687026348,0.2311927687026348,1179,0.03767748396702236,0.03767748396702236,1354,1029.0,800
postal_code_B6G,0.0,0.0,2096,0.4510178589454242,0.4510178589454242,267,0.29375019207905223,0.29375019207905223,726,1029.6666666666667,1829
postal_code_P6X,0.0,0.0,735,-0.18961699541854815,0.18961699541854815,1573,-0.2656542928696448,0.2656542928696448,783,1030.3333333333333,838
postal_code_S4Y,0.0,0.0,1846,0.4007941886677591,0.4007941886677591,356,0.21595117932228625,0.21595117932228625,890,1030.6666666666667,1490
postal_code_R4D,0.0,0.0,679,-0.2483029814106296,0.2483029814106296,1031,-0.030991810396870264,0.030991810396870264,1383,1031.0,704
postal_code_A3G,0.0,0.0,1243,0.29359780004825253,0.29359780004825253,734,0.12279196571240045,0.12279196571240045,1129,1035.3333333333333,509
postal_code_S8E,0.0,0.0,1865,0.4224939363525737,0.4224939363525737,307,0.1956174615731165,0.1956174615731165,939,1037.0,1558
postal_code_V6H,0.0,0.0,1372,-0.2823875082167122,0.2823875082167122,808,-0.19760703570993163,0.19760703570993163,932,1037.3333333333333,564
postal_code_R7C,0.0,0.0,1697,-0.34745730718601275,0.34745730718601275,469,-0.19104217742721835,0.19104217742721835,950,1038.6666666666667,1228
postal_code_P9T,0.0,0.0,759,-0.240015082711051,0.240015082711051,1105,-0.0735052468732036,0.0735052468732036,1257,1040.3333333333333,498
postal_code_R8A,0.0,0.0,1694,0.59978458987985,0.59978458987985,133,0.056682744505250786,0.056682744505250786,1297,1041.3333333333333,1561
postal_code_P9O,0.0,0.0,755,0.19255528617706227,0.19255528617706227,1541,0.24854954321061806,0.24854954321061806,830,1042.0,786
postal_code_L1D,0.0,0.0,2816,0.6478343981531361,0.6478343981531361,106,0.6938558292619423,0.6938558292619423,206,1042.6666666666667,2710
postal_code_N8P,0.0,0.0,1062,-0.23642605195269695,0.23642605195269695,1131,-0.196737883142656,0.196737883142656,936,1043.0,195
postal_code_B8O,0.0,0.0,2412,0.4823278286440352,0.4823278286440352,232,0.4168180677531715,0.4168180677531715,487,1043.6666666666667,2180
postal_code_P5V,0.0,0.0,496,0.15491449032137922,0.15491449032137922,1954,0.31941172604730594,0.31941172604730594,685,1045.0,1458
postal_code_S9N,0.0,0.0,1757,0.329276944901673,0.329276944901673,540,0.2421933501697029,0.2421933501697029,841,1046.0,1217
postal_code_N4C,0.0,0.0,1085,-0.27819717440002373,0.27819717440002373,831,-0.08813504914713824,0.08813504914713824,1223,1046.3333333333333,392
postal_code_E2R,0.0,0.0,2346,0.4950976918548642,0.4950976918548642,220,0.3772639747307536,0.3772639747307536,575,1047.0,2126
postal_code_S8S,0.0,0.0,1878,0.42961736504072817,0.42961736504072817,294,0.18229682952609588,0.18229682952609588,969,1047.0,1584
postal_code_V1W,0.0,0.0,1218,-0.22021707765422133,0.22021707765422133,1279,-0.3332986299088269,0.3332986299088269,653,1050.0,626
postal_code_T7R,0.0,0.0,1188,-0.2632434083126457,0.2632434083126457,919,-0.1532148449700089,0.1532148449700089,1048,1051.6666666666667,269
postal_code_A7C,0.0,0.0,713,-0.24487915510888067,0.24487915510888067,1058,-0.02960842949536908,0.02960842949536908,1385,1052.0,672
postal_code_M7B,0.0,0.0,939,-0.23713732302888668,0.23713732302888668,1122,-0.1330436328903664,0.1330436328903664,1104,1055.0,183
postal_code_T8Z,0.0,0.0,1171,0.24046385022468808,0.24046385022468808,1103,0.2157275006322376,0.2157275006322376,892,1055.3333333333333,279
postal_code_E4A,0.0,0.0,2606,0.5463907410020482,0.5463907410020482,178,0.5009029194200665,0.5009029194200665,383,1055.6666666666667,2428
postal_code_T4R,0.0,0.0,1275,0.21983746094194867,0.21983746094194867,1282,0.3562211362282866,0.3562211362282866,612,1056.3333333333333,670
postal_code_P7C,0.0,0.0,740,-0.23745373883258666,0.23745373883258666,1121,-0.05405391602243035,0.05405391602243035,1310,1057.0,570
postal_code_V9H,0.0,0.0,1417,0.2441901149323834,0.2441901149323834,1064,0.31587217694922143,0.31587217694922143,691,1057.3333333333333,726
postal_code_B2X,0.0,0.0,2969,0.9294610415785103,0.9294610415785103,25,0.7294794155098903,0.7294794155098903,178,1057.3333333333333,2944
postal_code_T5X,0.0,0.0,1330,-0.22685142855042562,0.22685142855042562,1222,-0.35068868062275527,0.35068868062275527,620,1057.3333333333333,710
postal_code_R3R,0.0,0.0,689,-0.23771198709906322,0.23771198709906322,1118,-0.03593814807998976,0.03593814807998976,1366,1057.6666666666667,677
postal_code_V8Q,-0.01534226561536633,0.01534226561536633,443,-0.15434426498383438,0.15434426498383438,1960,-0.27084886957234894,0.27084886957234894,773,1058.6666666666667,1517
postal_code_N8M,0.0,0.0,1059,0.23064680779043234,0.23064680779043234,1188,0.19837377622955205,0.19837377622955205,929,1058.6666666666667,259
postal_code_T9S,0.0,0.0,1236,-0.2132250318094435,0.2132250318094435,1339,-0.35601857727785285,0.35601857727785285,613,1062.6666666666667,726
postal_code_S2X,0.0,0.0,1620,-0.34747505360455766,0.34747505360455766,468,-0.13315354714062533,0.13315354714062533,1102,1063.3333333333333,1152
postal_code_G4F,0.0,0.0,2036,-0.3457233609252699,0.3457233609252699,476,-0.32180226154063285,0.32180226154063285,679,1063.6666666666667,1560
postal_code_M6X,0.0,0.0,935,0.2552396586879921,0.2552396586879921,978,0.0646834223356834,0.0646834223356834,1280,1064.3333333333333,345
postal_code_B3A,0.0,0.0,2952,0.9060434260689613,0.9060434260689613,35,0.6935925635723037,0.6935925635723037,207,1064.6666666666667,2917
postal_code_M4U,0.0,0.0,928,0.2531866153857606,0.2531866153857606,992,0.06647563231921676,0.06647563231921676,1278,1066.0,350
postal_code_N1A,0.0,0.0,872,-0.2167489296969092,0.2167489296969092,1310,-0.16507741446625038,0.16507741446625038,1017,1066.3333333333333,438
postal_code_G5O,0.0,0.0,2046,-0.3510050442669369,0.3510050442669369,463,-0.3176565080857693,0.3176565080857693,690,1066.3333333333333,1583
postal_code_T9O,0.0,0.0,1233,-0.21400020832205935,0.21400020832205935,1334,-0.3409475225565952,0.3409475225565952,639,1068.6666666666667,695
postal_code_S2E,0.0,0.0,1579,-0.388570162778696,0.388570162778696,383,-0.07605673090118761,0.07605673090118761,1253,1071.6666666666667,1196
postal_code_N7L,0.0,0.0,987,-0.22797188119997278,0.22797188119997278,1210,-0.1635842512246084,0.1635842512246084,1019,1072.0,223
postal_code_R7L,0.0,0.0,1706,-0.24872749213923423,0.24872749213923423,1027,-0.4188504770121194,0.4188504770121194,484,1072.3333333333333,1222
postal_code_R3W,0.0,0.0,694,0.2831104324698491,0.2831104324698491,802,0.0,0.0,1722,1072.6666666666667,1028
postal_code_N5C,0.0,0.0,1156,0.2555918205984991,0.2555918205984991,975,0.13804962721931202,0.13804962721931202,1090,1073.6666666666667,181
postal_code_N7S,0.0,0.0,994,-0.2112539785801846,0.2112539785801846,1357,-0.22672978219436166,0.22672978219436166,875,1075.3333333333333,482
postal_code_T5Z,0.0,0.0,1332,-0.26865024140357424,0.26865024140357424,892,-0.16826949660951454,0.16826949660951454,1012,1078.6666666666667,440
postal_code_A8F,0.0,0.0,548,-0.2915310677287209,0.2915310677287209,743,0.0,0.0,1947,1079.3333333333333,1399
postal_code_G4I,0.0,0.0,2039,-0.3221248437334845,0.3221248437334845,578,-0.34761471186750775,0.34761471186750775,625,1080.6666666666667,1461
postal_code_G7D,0.0,0.0,2064,-0.30257977845343914,0.30257977845343914,683,-0.41123297022104777,0.41123297022104777,497,1081.3333333333333,1567
postal_code_R7U,0.0,0.0,1712,-0.3938524733332685,0.3938524733332685,366,-0.10965126528838984,0.10965126528838984,1167,1081.6666666666667,1346
postal_code_R2Z,0.0,0.0,626,-0.2707940966693905,0.2707940966693905,882,0.0,0.0,1738,1082.0,1112
postal_code_E1O,0.0,0.0,2374,0.46341437092172244,0.46341437092172244,255,0.3529091556728946,0.3529091556728946,618,1082.3333333333333,2119
postal_code_V1K,0.0,0.0,1208,-0.19875504822363277,0.19875504822363277,1476,-0.37760949635965124,0.37760949635965124,574,1086.0,902
postal_code_E5G,0.0,0.0,2579,0.7722836197988703,0.7722836197988703,79,0.3593131132578077,0.3593131132578077,604,1087.3333333333333,2500
postal_code_G8E,0.0,0.0,1947,0.3204050506006424,0.3204050506006424,586,0.29152213089416307,0.29152213089416307,730,1087.6666666666667,1361
postal_code_M8V,0.0,0.0,798,-0.20898925622291178,0.20898925622291178,1378,-0.13831888528276062,0.13831888528276062,1088,1088.0,580
postal_code_P4D,0.0,0.0,580,-0.18439483686043748,0.18439483686043748,1625,-0.1484620429083112,0.1484620429083112,1060,1088.3333333333333,1045
postal_code_R2C,0.0,0.0,651,0.18098255252361342,0.18098255252361342,1669,0.19192686114236832,0.19192686114236832,948,1089.3333333333333,1018
postal_code_M6A,0.0,0.0,934,-0.233272287002006,0.233272287002006,1160,-0.1058685403089909,0.1058685403089909,1176,1090.0,242
postal_code_B8N,0.0,0.0,2411,-0.3894785317353047,0.3894785317353047,382,-0.4193145256239469,0.4193145256239469,483,1092.0,2029
postal_code_S6G,0.0,0.0,1822,-0.4245138936923457,0.4245138936923457,301,-0.11354345281933481,0.11354345281933481,1156,1093.0,1521
postal_code_R2W,0.0,0.0,623,-0.26966214466159333,0.26966214466159333,888,0.0,0.0,1770,1093.6666666666667,1147
postal_code_A8C,0.0,0.0,538,-0.28303439003679126,0.28303439003679126,804,0.0,0.0,1940,1094.0,1402
postal_code_G6J,0.0,0.0,2091,-0.30956837456859787,0.30956837456859787,647,-0.39108687920127766,0.39108687920127766,546,1094.6666666666667,1545
postal_code_P6J,0.0,0.0,480,-0.19507700086339638,0.19507700086339638,1519,-0.06031025744594687,0.06031025744594687,1286,1095.0,1039
postal_code_P4V,0.0,0.0,474,-0.2359568479427313,0.2359568479427313,1133,0.0,0.0,1679,1095.3333333333333,1205
postal_code_H5D,0.0,0.0,2243,-0.5039294021196092,0.5039294021196092,210,-0.2438100622010549,0.2438100622010549,837,1096.6666666666667,2033
postal_code_E2P,0.0,0.0,2343,0.7140197983165432,0.7140197983165432,89,0.2338119181401569,0.2338119181401569,863,1098.3333333333333,2254
postal_code_J6P,0.0,0.0,3122,0.9464954277185007,0.9464954277185007,20,0.7528246718831603,0.7528246718831603,165,1102.3333333333333,3102
postal_code_A7S,0.0,0.0,581,-0.2839536239088368,0.2839536239088368,797,0.0,0.0,1932,1103.3333333333333,1351
postal_code_S1W,0.0,0.0,1548,0.2904582074953527,0.2904582074953527,750,0.16194908010242814,0.16194908010242814,1022,1106.6666666666667,798
postal_code_R9C,0.0,0.0,1623,0.2548865013005119,0.2548865013005119,983,0.2981515337716956,0.2981515337716956,717,1107.6666666666667,906
postal_code_K8U,0.0,0.0,2780,-0.4610643940882492,0.4610643940882492,257,-0.5866981391624874,0.5866981391624874,287,1108.0,2523
postal_code_V9B,0.0,0.0,1432,-0.24254790617322844,0.24254790617322844,1082,-0.25442795168425236,0.25442795168425236,815,1109.6666666666667,617
postal_code_G4G,0.0,0.0,2037,0.6100936278953427,0.6100936278953427,122,0.10828456304138342,0.10828456304138342,1171,1110.0,1915
postal_code_B1R,0.0,0.0,964,0.24695286791444124,0.24695286791444124,1043,0.04741720620111706,0.04741720620111706,1330,1112.3333333333333,366
postal_code_P2I,0.0,0.0,534,0.14999352180060616,0.14999352180060616,2009,0.26138911962086164,0.26138911962086164,795,1112.6666666666667,1475
postal_code_R4F,0.0,0.0,678,-0.2595727996340824,0.2595727996340824,945,0.0,0.0,1718,1113.6666666666667,1040
postal_code_P1D,0.0,0.0,549,0.1951622393193953,0.1951622393193953,1518,0.06681459977810796,0.06681459977810796,1276,1114.3333333333333,969
postal_code_M9H,0.0,0.0,809,-0.23465153758079282,0.23465153758079282,1146,-0.028191739270243116,0.028191739270243116,1392,1115.6666666666667,583
postal_code_H5R,0.0,0.0,2256,0.3602143907140885,0.3602143907140885,441,0.3338240793517182,0.3338240793517182,652,1116.3333333333333,1815
postal_code_N8T,0.0,0.0,1066,-0.22260473148274607,0.22260473148274607,1256,-0.15927867318800684,0.15927867318800684,1028,1116.6666666666667,228
postal_code_N5V,0.0,0.0,1130,0.24706434303054522,0.24706434303054522,1041,0.10437675532121432,0.10437675532121432,1179,1116.6666666666667,138
postal_code_N9Q,0.0,0.0,1043,0.21645436023925782,0.21645436023925782,1314,0.17409190702383084,0.17409190702383084,994,1117.0,320
postal_code_A9A,0.0,0.0,1136,-0.4220503767943544,0.4220503767943544,309,0.0,0.0,1909,1118.0,1600
postal_code_M5F,0.0,0.0,892,-0.23683701333314894,0.23683701333314894,1125,-0.04221086324492533,0.04221086324492533,1342,1119.6666666666667,450
postal_code_P8H,0.0,0.0,723,-0.2523701320953544,0.2523701320953544,1001,0.0,0.0,1636,1120.0,913
postal_code_M7U,0.0,0.0,886,-0.18881528711824277,0.18881528711824277,1581,-0.21438198888036056,0.21438198888036056,896,1121.0,695
postal_code_L3O,0.0,0.0,2710,0.5228843621650254,0.5228843621650254,195,0.43426109089839243,0.43426109089839243,459,1121.3333333333333,2515
postal_code_T2I,0.0,0.0,1801,-0.30276618750863366,0.30276618750863366,680,-0.2175509113083188,0.2175509113083188,887,1122.6666666666667,1121
postal_code_T9X,0.0,0.0,1241,0.2108734145231036,0.2108734145231036,1362,0.27104975807622356,0.27104975807622356,772,1125.0,590
postal_code_P1A,0.0,0.0,546,-0.19036181706886723,0.19036181706886723,1565,-0.07023234771572574,0.07023234771572574,1265,1125.3333333333333,1019
postal_code_L3J,0.0,0.0,2681,0.5482741815501952,0.5482741815501952,176,0.40295987410065165,0.40295987410065165,519,1125.3333333333333,2505
postal_code_M5V,0.0,0.0,906,0.22148368973256455,0.22148368973256455,1269,0.09692066606372644,0.09692066606372644,1202,1125.6666666666667,363
postal_code_J8A,0.0,0.0,3111,0.9036910316023784,0.9036910316023784,36,0.6606610394922243,0.6606610394922243,231,1126.0,3075
postal_code_B9X,0.0,0.0,2392,0.42397497601629613,0.42397497601629613,304,0.32123905019283644,0.32123905019283644,682,1126.0,2088
postal_code_G2U,0.0,0.0,2544,-0.393485118885547,0.393485118885547,367,-0.4213621815001658,0.4213621815001658,476,1129.0,2177
postal_code_N1E,0.0,0.0,876,0.20587914212327388,0.20587914212327388,1405,0.12941772408613764,0.12941772408613764,1112,1131.0,529
postal_code_T7A,0.0,0.0,1311,-0.1926181112225723,0.1926181112225723,1540,-0.38831552396977487,0.38831552396977487,553,1134.6666666666667,987
postal_code_P1E,0.0,0.0,550,0.16471350103058907,0.16471350103058907,1832,0.1608298059932228,0.1608298059932228,1024,1135.3333333333333,1282
postal_code_G8F,0.0,0.0,1948,0.27952678416470056,0.27952678416470056,826,0.3406480254754918,0.3406480254754918,640,1138.0,1308
postal_code_N3X,0.0,0.0,1080,0.2594065635538914,0.2594065635538914,949,0.029468891762810118,0.029468891762810118,1386,1138.3333333333333,437
postal_code_E9Z,0.0,0.0,2476,0.6404638140741413,0.6404638140741413,109,0.24465547802315324,0.24465547802315324,834,1139.6666666666667,2367
postal_code_P7F,0.0,0.0,743,-0.18489582354652612,0.18489582354652612,1614,-0.14823157521201724,0.14823157521201724,1063,1140.0,871
postal_code_H2J,0.0,0.0,2218,0.34628913011318213,0.34628913011318213,471,0.28807055652668007,0.28807055652668007,734,1141.0,1747
postal_code_R6F,0.0,0.0,1629,0.2854062941267404,0.2854062941267404,786,0.16563208235529217,0.16563208235529217,1015,1143.3333333333333,843
claim_type_Glass,-0.6439938360475007,0.6439938360475007,163,-0.05830149408775001,0.05830149408775001,2894,-0.5073980829828595,0.5073980829828595,373,1143.3333333333333,2731
postal_code_R1B,0.0,0.0,767,-0.27063022473950815,0.27063022473950815,883,0.0,0.0,1782,1144.0,1015
postal_code_B4I,0.0,0.0,3270,0.9844087372884622,0.9844087372884622,13,0.7903729603526483,0.7903729603526483,150,1144.3333333333333,3257
postal_code_G8T,0.0,0.0,1914,-0.4114041102319036,0.4114041102319036,330,-0.0997615037508793,0.0997615037508793,1191,1145.0,1584
postal_code_G7L,0.0,0.0,1928,-0.27763712875555974,0.27763712875555974,835,-0.32486168122088005,0.32486168122088005,672,1145.0,1256
postal_code_R3Y,0.0,0.0,696,0.18366857746627524,0.18366857746627524,1638,0.13315289853200135,0.13315289853200135,1103,1145.6666666666667,942
postal_code_R5Q,0.0,0.0,1661,-0.3273741111348415,0.3273741111348415,547,-0.08412220693438231,0.08412220693438231,1232,1146.6666666666667,1114
postal_code_V9R,0.0,0.0,1400,-0.22283695826552308,0.22283695826552308,1253,-0.26163502861270843,0.26163502861270843,793,1148.6666666666667,607
postal_code_P3I,0.0,0.0,604,-0.17304313390344175,0.17304313390344175,1747,-0.13075081127580213,0.13075081127580213,1110,1153.6666666666667,1143
postal_code_R8Q,0.0,0.0,1685,0.4773941188764824,0.4773941188764824,237,0.0,0.0,1539,1153.6666666666667,1448
postal_code_G1G,0.0,0.0,2482,0.6687748188058764,0.6687748188058764,101,0.22099630976230308,0.22099630976230308,882,1155.0,2381
postal_code_V9S,0.0,0.0,1401,-0.19932322255883048,0.19932322255883048,1473,-0.36599329990678164,0.36599329990678164,592,1155.3333333333333,881
postal_code_P7S,0.0,0.0,708,-0.21813263376414688,0.21813263376414688,1299,-0.003256065531748972,0.003256065531748972,1460,1155.6666666666667,752
postal_code_T8P,0.0,0.0,1163,-0.18715841149075288,0.18715841149075288,1592,-0.3002258903966858,0.3002258903966858,715,1156.6666666666667,877
postal_code_H4J,0.0,0.0,2270,-0.3428214539451682,0.3428214539451682,493,-0.3067853540888796,0.3067853540888796,709,1157.3333333333333,1777
postal_code_T2H,0.0,0.0,1800,-0.24326810432147086,0.24326810432147086,1075,-0.3591357971633814,0.3591357971633814,605,1160.0,1195
postal_code_S9I,0.0,0.0,1752,-0.25293327524357473,0.25293327524357473,995,-0.287284284679065,0.287284284679065,737,1161.3333333333333,1015
postal_code_V5T,0.0,0.0,1499,-0.235193829665933,0.235193829665933,1139,-0.23906360379769662,0.23906360379769662,852,1163.3333333333333,647
postal_code_V7T,0.0,0.0,1359,-0.2033526023199089,0.2033526023199089,1439,-0.31533505340099394,0.31533505340099394,692,1163.3333333333333,747
postal_code_A1Q,0.0,0.0,1383,0.28076157157268633,0.28076157157268633,820,0.05805569818040678,0.05805569818040678,1293,1165.3333333333333,563
postal_code_V8H,0.0,0.0,1419,-0.20549614747683653,0.20549614747683653,1411,-0.32847892054929195,0.32847892054929195,666,1165.3333333333333,753
postal_code_P8N,0.0,0.0,775,-0.24070192581373534,0.24070192581373534,1096,0.0,0.0,1630,1167.0,855
postal_code_H6U,0.0,0.0,2130,0.33036386935730316,0.33036386935730316,531,0.2406159097246029,0.2406159097246029,845,1168.6666666666667,1599
postal_code_E3H,0.0,0.0,2569,-0.4178876203967711,0.4178876203967711,317,-0.3488971379550042,0.3488971379550042,622,1169.3333333333333,2252
postal_code_G9A,0.0,0.0,1920,-0.29380269554401156,0.29380269554401156,732,-0.2378644124729736,0.2378644124729736,857,1169.6666666666667,1188
postal_code_E3B,0.0,0.0,2352,0.42616222621159777,0.42616222621159777,298,0.23624381357597257,0.23624381357597257,860,1170.0,2054
postal_code_N9I,0.0,0.0,1035,-0.21702781035366933,0.21702781035366933,1309,-0.10862666555004656,0.10862666555004656,1168,1170.6666666666667,274
postal_code_J5D,0.0,0.0,3084,0.7877724037871505,0.7877724037871505,76,0.5256211281238129,0.5256211281238129,354,1171.3333333333333,3008
postal_code_P8B,0.0,0.0,717,-0.16893218802360682,0.16893218802360682,1789,-0.16396791920686618,0.16396791920686618,1018,1174.6666666666667,1072
postal_code_R3G,0.0,0.0,654,-0.23521535511962854,0.23521535511962854,1138,0.0,0.0,1733,1175.0,1079
postal_code_N4M,0.0,0.0,1141,-0.20723983466276696,0.20723983466276696,1394,-0.17426494589257968,0.17426494589257968,992,1175.6666666666667,402
postal_code_A6O,0.0,0.0,628,-0.2473087110292033,0.2473087110292033,1038,0.0,0.0,1865,1177.0,1237
postal_code_R4I,0.0,0.0,658,-0.23261838213912972,0.23261838213912972,1167,0.0,0.0,1715,1180.0,1057
claim_amount,0.32683214907474434,0.32683214907474434,264,0.0896979503016753,0.0896979503016753,2613,0.3293003512863418,0.3293003512863418,664,1180.3333333333333,2349
postal_code_R2B,0.0,0.0,650,-0.24384376034140368,0.24384376034140368,1069,0.0,0.0,1822,1180.3333333333333,1172
postal_code_G7G,0.0,0.0,2067,-0.28321538496414367,0.28321538496414367,801,-0.32412233254937795,0.32412233254937795,675,1181.0,1392
postal_code_P8M,0.0,0.0,774,-0.23510544262034508,0.23510544262034508,1141,0.0,0.0,1631,1182.0,857
postal_code_P2D,0.0,0.0,529,0.1396770070828373,0.1396770070828373,2093,0.19874580959121882,0.19874580959121882,928,1183.3333333333333,1564
postal_code_G7K,0.0,0.0,1998,0.2879850249691292,0.2879850249691292,768,0.2648859795172419,0.2648859795172419,785,1183.6666666666667,1230
postal_code_S6R,0.0,0.0,1832,0.29372313305733966,0.29372313305733966,733,0.17444608307086487,0.17444608307086487,991,1185.3333333333333,1099
postal_code_R6Y,0.0,0.0,1670,-0.2694275197692563,0.2694275197692563,890,-0.17119542509556498,0.17119542509556498,1002,1187.3333333333333,780
postal_code_T4K,0.0,0.0,1294,0.2100835298685176,0.2100835298685176,1366,0.21056913662174565,0.21056913662174565,902,1187.3333333333333,464
postal_code_G1T,0.0,0.0,2495,-0.3228839160191786,0.3228839160191786,575,-0.41120114956599296,0.41120114956599296,498,1189.3333333333333,1997
postal_code_P6L,0.0,0.0,469,0.19811182006461858,0.19811182006461858,1486,0.0,0.0,1614,1189.6666666666667,1145
postal_code_E4Q,0.0,0.0,2592,0.4642506907506114,0.4642506907506114,251,0.28981961414016844,0.28981961414016844,732,1191.6666666666667,2341
postal_code_M9S,0.0,0.0,864,0.1930906785112399,0.1930906785112399,1538,0.10809056023685339,0.10809056023685339,1173,1191.6666666666667,674
postal_code_T8W,0.0,0.0,1169,0.2007216179694018,0.2007216179694018,1456,0.18840950094139017,0.18840950094139017,959,1194.6666666666667,497
postal_code_S5G,0.0,0.0,1851,-0.28963848946632187,0.28963848946632187,758,-0.17859336584060312,0.17859336584060312,980,1196.3333333333333,1093
postal_code_V7D,0.012644335415000695,0.012644335415000695,445,0.11987681809486571,0.11987681809486571,2296,0.2380818549197938,0.2380818549197938,856,1199.0,1851
postal_code_R8D,0.0,0.0,1674,0.23548887904045393,0.23548887904045393,1136,0.26159066974955053,0.26159066974955053,794,1201.3333333333333,880
postal_code_B9Y,0.0,0.0,2393,-0.5005424699496206,0.5005424699496206,214,-0.172668654406414,0.172668654406414,997,1201.3333333333333,2179
postal_code_M8W,0.0,0.0,799,0.15679216791895967,0.15679216791895967,1931,0.2217451379329958,0.2217451379329958,881,1203.6666666666667,1132
postal_code_T6K,0.0,0.0,1343,-0.21332593025811555,0.21332593025811555,1338,-0.1967903170111372,0.1967903170111372,935,1205.3333333333333,408
postal_code_S1F,0.0,0.0,1535,-0.3332291890543131,0.3332291890543131,523,0.0,0.0,1561,1206.3333333333333,1038
postal_code_T9P,0.0,0.0,1234,-0.1960387514168703,0.1960387514168703,1508,-0.22366535031392068,0.22366535031392068,877,1206.3333333333333,631
postal_code_P5D,0.0,0.0,508,0.16800282540310885,0.16800282540310885,1798,0.05129641065877611,0.05129641065877611,1318,1208.0,1290
postal_code_G3R,0.0,0.0,2283,-0.2818880474211306,0.2818880474211306,811,-0.395535779376093,0.395535779376093,534,1209.3333333333333,1749
postal_code_J7Z,0.0,0.0,3110,0.7910158979270152,0.7910158979270152,73,0.4376398943235545,0.4376398943235545,452,1211.6666666666667,3037
postal_code_S8B,0.0,0.0,1862,-0.302747792618769,0.302747792618769,681,-0.13530162335770965,0.13530162335770965,1099,1214.0,1181
postal_code_V6E,0.0,0.0,1438,-0.23343718053183934,0.23343718053183934,1159,-0.15338485494072263,0.15338485494072263,1047,1214.6666666666667,391
postal_code_E1I,0.0,0.0,2372,-0.34554919850295684,0.34554919850295684,477,-0.2605384204044526,0.2605384204044526,798,1215.6666666666667,1895
postal_code_G6X,0.0,0.0,2048,-0.28720038602356573,0.28720038602356573,775,-0.24965816980744465,0.24965816980744465,826,1216.3333333333333,1273
postal_code_R1O,0.0,0.0,639,-0.1841973295110479,0.1841973295110479,1628,-0.031080895442844616,0.031080895442844616,1382,1216.3333333333333,989
postal_code_V5W,0.0,0.0,1502,0.20357885969717365,0.20357885969717365,1435,0.294350066949725,0.294350066949725,724,1220.3333333333333,778
postal_code_G9B,0.0,0.0,1921,-0.2970370786986498,0.2970370786986498,715,-0.15993602021063033,0.15993602021063033,1027,1221.0,1206
witness_present_Yes,-0.5263887760099161,0.5263887760099161,199,-0.05402378738188834,0.05402378738188834,2929,-0.3948650541922723,0.3948650541922723,535,1221.0,2730
postal_code_T4C,0.0,0.0,1286,0.18402834043309524,0.18402834043309524,1631,0.278414772851491,0.278414772851491,753,1223.3333333333333,878
postal_code_G3G,0.0,0.0,2533,-0.3120396066509607,0.3120396066509607,635,-0.41067062233693397,0.41067062233693397,502,1223.3333333333333,2031
postal_code_T7U,0.0,0.0,1190,-0.17196814570197685,0.17196814570197685,1756,-0.2899141349379815,0.2899141349379815,731,1225.6666666666667,1025
postal_code_B3D,0.0,0.0,2718,0.3764554347462378,0.3764554347462378,402,0.38587503423562186,0.38587503423562186,559,1226.3333333333333,2316
postal_code_T4L,0.0,0.0,1295,-0.18473720302247798,0.18473720302247798,1618,-0.2719715266738116,0.2719715266738116,768,1227.0,850
postal_code_R8C,0.0,0.0,1693,-0.2750232120472701,0.2750232120472701,856,-0.11788894508874624,0.11788894508874624,1144,1231.0,837
postal_code_H7H,0.0,0.0,2095,-0.3134629342550421,0.3134629342550421,622,-0.17924482533931002,0.17924482533931002,977,1231.3333333333333,1473
postal_code_P8P,0.0,0.0,777,0.18278991923208576,0.18278991923208576,1650,0.0679225238861448,0.0679225238861448,1270,1232.3333333333333,873
postal_code_G9W,0.0,0.0,1990,-0.2510828168525259,0.2510828168525259,1010,-0.31218772980118975,0.31218772980118975,701,1233.6666666666667,1289
postal_code_L2Z,0.0,0.0,2672,0.43615380561725203,0.43615380561725203,284,0.280130086330007,0.280130086330007,748,1234.6666666666667,2388
postal_code_V8M,0.0,0.0,1424,0.2108649957562959,0.2108649957562959,1363,0.20323303616741095,0.20323303616741095,921,1236.0,503
postal_code_S3C,0.0,0.0,1601,0.2355802037001251,0.2355802037001251,1134,0.1797997766564298,0.1797997766564298,975,1236.6666666666667,626
postal_code_V3O,0.0,0.0,1445,-0.2665170240392032,0.2665170240392032,903,-0.0334033872907907,0.0334033872907907,1375,1241.0,542
postal_code_R3Z,0.0,0.0,697,-0.21707518682218305,0.21707518682218305,1306,0.0,0.0,1721,1241.3333333333333,1024
postal_code_A7G,0.0,0.0,514,-0.2109133624315095,0.2109133624315095,1361,0.0,0.0,1852,1242.3333333333333,1338
postal_code_N2T,0.0,0.0,1098,-0.1976105907477337,0.1976105907477337,1492,-0.11798172690909661,0.11798172690909661,1143,1244.3333333333333,394
postal_code_N5E,0.0,0.0,1149,-0.21413558686342737,0.21413558686342737,1333,-0.07341927078745693,0.07341927078745693,1258,1246.6666666666667,184
postal_code_R2V,0.0,0.0,622,-0.20584308608955107,0.20584308608955107,1407,0.0,0.0,1712,1247.0,1090
postal_code_H1F,0.0,0.0,1975,0.35461957095222,0.35461957095222,452,0.05107214509299798,0.05107214509299798,1319,1248.6666666666667,1523
postal_code_H7N,0.0,0.0,2111,-0.26263322398795563,0.26263322398795563,924,-0.30320356426643796,0.30320356426643796,711,1248.6666666666667,1400
postal_code_L1W,0.0,0.0,2692,0.3685899616633191,0.3685899616633191,416,0.33324349321358276,0.33324349321358276,654,1254.0,2276
postal_code_T1Q,0.0,0.0,1737,0.21224278965647753,0.21224278965647753,1346,0.32125432149048844,0.32125432149048844,681,1254.6666666666667,1056
postal_code_H6S,0.0,0.0,2138,-0.27617321360153224,0.27617321360153224,846,-0.26790886553721105,0.26790886553721105,781,1255.0,1357
postal_code_P3H,0.0,0.0,606,-0.1976873596226905,0.1976873596226905,1490,0.0,0.0,1678,1258.0,1072
postal_code_H9O,0.0,0.0,2662,-0.3335027906188578,0.3335027906188578,520,-0.36308386461833614,0.36308386461833614,601,1261.0,2142
postal_code_T5U,0.0,0.0,1327,-0.17826806399135567,0.17826806399135567,1698,-0.276606295691803,0.276606295691803,758,1261.0,940
postal_code_H4S,0.0,0.0,2279,0.310580255113254,0.310580255113254,641,0.23026324518127386,0.23026324518127386,868,1262.6666666666667,1638
postal_code_G7S,0.0,0.0,1935,-0.25683648803266446,0.25683648803266446,966,-0.21646314959892193,0.21646314959892193,888,1263.0,1047
postal_code_T2U,0.0,0.0,1766,-0.1953386929875451,0.1953386929875451,1513,-0.40461788776416496,0.40461788776416496,516,1265.0,1250
postal_code_P8O,0.0,0.0,776,-0.20728745210187172,0.20728745210187172,1393,0.0,0.0,1629,1266.0,853
postal_code_G1Q,0.0,0.0,2492,-0.28592678727349075,0.28592678727349075,784,-0.39840605083072345,0.39840605083072345,525,1267.0,1967
claim_type_Theft,0.24162704875262392,0.24162704875262392,309,0.05076871403615788,0.05076871403615788,2954,0.3938719930586731,0.3938719930586731,539,1267.3333333333333,2645
postal_code_H4N,0.0,0.0,2274,0.32674848698143755,0.32674848698143755,551,0.17923826074872037,0.17923826074872037,978,1267.6666666666667,1723
postal_code_N8O,0.0,0.0,1061,-0.18568509190096788,0.18568509190096788,1609,-0.12111473949379661,0.12111473949379661,1135,1268.3333333333333,548
postal_code_N8N,0.0,0.0,1060,-0.18385339520522967,0.18385339520522967,1635,-0.129878059195411,0.129878059195411,1111,1268.6666666666667,575
postal_code_C4G,0.0,0.0,2440,-0.42319194875742916,0.42319194875742916,305,-0.1482582042092544,0.1482582042092544,1062,1269.0,2135
postal_code_P8L,0.0,0.0,772,-0.20609480353040674,0.20609480353040674,1403,0.0,0.0,1632,1269.0,860
postal_code_P2G,0.0,0.0,532,-0.16258937493274367,0.16258937493274367,1859,-0.01806573834251904,0.01806573834251904,1416,1269.0,1327
postal_code_N5F,0.0,0.0,1138,-0.19468073017313167,0.19468073017313167,1523,-0.11575892714568514,0.11575892714568514,1149,1270.0,385
postal_code_K8R,0.0,0.0,2777,-0.340149126946051,0.340149126946051,502,-0.394555070315829,0.394555070315829,536,1271.6666666666667,2275
postal_code_G5R,0.0,0.0,2073,0.2591622690250613,0.2591622690250613,951,0.2607503608407393,0.2607503608407393,797,1273.6666666666667,1276
postal_code_L4O,0.0,0.0,2735,-0.32579361363449333,0.32579361363449333,558,-0.39604787842579864,0.39604787842579864,529,1274.0,2206
postal_code_H7A,0.0,0.0,2098,-0.2819684661920617,0.2819684661920617,809,-0.20114922124558077,0.20114922124558077,925,1277.3333333333333,1289
postal_code_T5O,0.0,0.0,1298,-0.16575358782188598,0.16575358782188598,1821,-0.29779553637030376,0.29779553637030376,719,1279.3333333333333,1102
postal_code_L4Y,0.0,0.0,2722,0.37894724889149806,0.37894724889149806,398,0.2938777634403347,0.2938777634403347,725,1281.6666666666667,2324
postal_code_H2U,0.0,0.0,2229,0.30389751364039586,0.30389751364039586,672,0.19360003949067867,0.19360003949067867,944,1281.6666666666667,1557
postal_code_E3P,0.0,0.0,2598,0.5834360765182797,0.5834360765182797,141,0.13185864823257148,0.13185864823257148,1107,1282.0,2457
postal_code_S1Q,0.0,0.0,1533,0.19867226147915304,0.19867226147915304,1478,0.2444619497919088,0.2444619497919088,835,1282.0,698
postal_code_N4K,0.0,0.0,1116,0.15030964347728787,0.15030964347728787,2004,0.29369606925041997,0.29369606925041997,727,1282.3333333333333,1277
postal_code_H2Y,0.0,0.0,2233,0.2597040054788394,0.2597040054788394,942,0.32473539978253635,0.32473539978253635,673,1282.6666666666667,1560
postal_code_P6E,0.0,0.0,481,0.15452314239177303,0.15452314239177303,1958,0.019063712435635056,0.019063712435635056,1412,1283.6666666666667,1477
postal_code_K3T,0.0,0.0,3272,0.5459938895712578,0.5459938895712578,180,0.4896266493587888,0.4896266493587888,400,1284.0,3092
postal_code_G7Q,0.0,0.0,1933,-0.2680746688313758,0.2680746688313758,897,-0.16134807964212794,0.16134807964212794,1023,1284.3333333333333,1036
postal_code_H3Z,0.0,0.0,2236,0.26346090833815267,0.26346090833815267,918,0.3119941494801975,0.3119941494801975,702,1285.3333333333333,1534
postal_code_R5X,0.0,0.0,1668,0.30439795541134185,0.30439795541134185,667,0.0,0.0,1523,1286.0,1001
postal_code_G8L,0.0,0.0,1906,0.2541522888685364,0.2541522888685364,987,0.18374300327928575,0.18374300327928575,966,1286.3333333333333,940
postal_code_H9A,0.0,0.0,2150,0.379746527457894,0.379746527457894,397,0.052141051501162966,0.052141051501162966,1314,1287.0,1753
postal_code_V8D,0.0,0.0,1392,-0.21277950931524225,0.21277950931524225,1342,-0.12145389137639791,0.12145389137639791,1130,1288.0,262
postal_code_H8D,0.0,0.0,2175,0.24334257897431766,0.24334257897431766,1074,0.3538675095183202,0.3538675095183202,617,1288.6666666666667,1558
postal_code_V7P,0.0,0.0,1355,0.18620967563100765,0.18620967563100765,1605,0.2089097975247863,0.2089097975247863,907,1289.0,698
postal_code_G1V,0.0,0.0,2521,0.39948004183072167,0.39948004183072167,359,0.17515292978675068,0.17515292978675068,988,1289.3333333333333,2162
postal_code_S5C,0.0,0.0,1849,-0.3180261663513429,0.3180261663513429,598,-0.01588528113519685,0.01588528113519685,1427,1291.3333333333333,1251
postal_code_M4X,0.0,0.0,911,-0.18121915779221884,0.18121915779221884,1666,-0.05539447512188456,0.05539447512188456,1305,1294.0,755
postal_code_T2V,0.0,0.0,1786,-0.2118546166397723,0.2118546166397723,1351,-0.2821430154725891,0.2821430154725891,746,1294.3333333333333,1040
postal_code_V3V,0.0,0.0,1452,0.17438728297937833,0.17438728297937833,1738,0.31389779631273,0.31389779631273,695,1295.0,1043
postal_code_K6Q,0.0,0.0,3297,0.5573335673065575,0.5573335673065575,164,0.4647739731896476,0.4647739731896476,425,1295.3333333333333,3133
postal_code_K8A,0.0,0.0,2761,-0.31057101776191565,0.31057101776191565,642,-0.4152394514621905,0.4152394514621905,491,1298.0,2270
postal_code_A8R,0.0,0.0,982,-0.25043962665341973,0.25043962665341973,1014,0.0,0.0,1900,1298.6666666666667,918
postal_code_A7E,0.0,0.0,746,-0.2172181318447096,0.2172181318447096,1302,0.0,0.0,1849,1299.0,1103
postal_code_E6G,0.0,0.0,2646,0.425929430759993,0.425929430759993,299,0.18963273192910604,0.18963273192910604,953,1299.3333333333333,2347
postal_code_A4M,0.0,0.0,1328,-0.34335540779807106,0.34335540779807106,488,0.0,0.0,2084,1300.0,1596
postal_code_E8Q,0.0,0.0,2567,0.34382817942176774,0.34382817942176774,484,0.23916627568199508,0.23916627568199508,851,1300.6666666666667,2083
postal_code_S1I,0.0,0.0,1538,-0.27372495381377815,0.27372495381377815,869,0.0,0.0,1499,1302.0,669
postal_code_G2B,0.0,0.0,2551,-0.30966726780785037,0.30966726780785037,646,-0.30024145046393347,0.30024145046393347,714,1303.6666666666667,1905
postal_code_B5N,0.0,0.0,3193,0.7295493433134094,0.7295493433134094,86,0.3445614927814626,0.3445614927814626,636,1305.0,3107
postal_code_V8N,0.0,0.0,1425,-0.1960703256913454,0.1960703256913454,1506,-0.17465280193493435,0.17465280193493435,989,1306.6666666666667,517
postal_code_S9A,0.0,0.0,1747,-0.263907685725249,0.263907685725249,917,-0.07328351122123318,0.07328351122123318,1259,1307.6666666666667,830
postal_code_R4K,0.0,0.0,660,-0.19207115275990685,0.19207115275990685,1552,0.0,0.0,1713,1308.3333333333333,1053
postal_code_P8X,0.0,0.0,785,-0.19438422648944384,0.19438422648944384,1529,0.0,0.0,1622,1312.0,837
postal_code_J3E,0.0,0.0,3225,0.5220159154793929,0.5220159154793929,197,0.4047437082977558,0.4047437082977558,514,1312.0,3028
postal_code_H3L,0.0,0.0,2198,-0.2657008116362908,0.2657008116362908,908,-0.24687712873306772,0.24687712873306772,832,1312.6666666666667,1366
postal_code_A8Q,0.0,0.0,990,-0.24951890792851772,0.24951890792851772,1020,0.0,0.0,1928,1312.6666666666667,938
postal_code_T7G,0.0,0.0,1316,-0.20548009036700554,0.20548009036700554,1413,-0.09117816963639352,0.09117816963639352,1212,1313.6666666666667,201
postal_code_H2M,0.0,0.0,2221,-0.2747966716798411,0.2747966716798411,857,-0.23126089196229757,0.23126089196229757,865,1314.3333333333333,1364
postal_code_L1T,0.0,0.0,2757,-0.39102231985463776,0.39102231985463776,376,-0.25505823590153803,0.25505823590153803,813,1315.3333333333333,2381
postal_code_C9H,0.0,0.0,2331,-0.3228078153441877,0.3228078153441877,576,-0.15457933514148892,0.15457933514148892,1041,1316.0,1755
postal_code_M3U,0.0,0.0,2918,-0.38324004980307014,0.38324004980307014,391,-0.3377728591043169,0.3377728591043169,643,1317.3333333333333,2527
postal_code_R8B,0.0,0.0,1673,0.23712169326179106,0.23712169326179106,1123,0.11337325985112587,0.11337325985112587,1157,1317.6666666666667,550
postal_code_C9L,0.0,0.0,2332,0.5699696560860887,0.5699696560860887,154,0.0011389054302119383,0.0011389054302119383,1468,1318.0,2178
postal_code_P3O,0.0,0.0,565,-0.15528231628995376,0.15528231628995376,1947,-0.009976658824566784,0.009976658824566784,1443,1318.3333333333333,1382
postal_code_H3Q,0.0,0.0,2203,0.30131191181213196,0.30131191181213196,690,0.1472561128765803,0.1472561128765803,1065,1319.3333333333333,1513
postal_code_P8C,0.0,0.0,718,0.18662264160538083,0.18662264160538083,1601,0.0,0.0,1640,1319.6666666666667,922
postal_code_C5Z,0.0,0.0,2312,-0.37154863163381635,0.37154863163381635,411,-0.08223444705098365,0.08223444705098365,1237,1320.0,1901
postal_code_T7H,0.0,0.0,1317,0.16612828523297338,0.16612828523297338,1816,0.24864113086022954,0.24864113086022954,829,1320.6666666666667,987
postal_code_J4A,0.0,0.0,3198,0.4996421069509777,0.4996421069509777,215,0.38863874411879795,0.38863874411879795,549,1320.6666666666667,2983
postal_code_N8S,0.0,0.0,1065,-0.19409898342953638,0.19409898342953638,1531,-0.035692677554609656,0.035692677554609656,1367,1321.0,466
postal_code_T6E,0.0,0.0,1337,0.15517455468775548,0.15517455468775548,1949,0.32282590513912884,0.32282590513912884,677,1321.0,1272
postal_code_T5N,0.0,0.0,1274,-0.21605668421488178,0.21605668421488178,1318,-0.033242387608758646,0.033242387608758646,1376,1322.6666666666667,102
postal_code_C5N,0.0,0.0,2378,-0.47448445227203684,0.47448445227203684,241,-0.03769572400780159,0.03769572400780159,1353,1324.0,2137
postal_code_A2B,0.0,0.0,1519,0.22256154880873602,0.22256154880873602,1257,0.09793566164023956,0.09793566164023956,1196,1324.0,323
postal_code_R7J,0.0,0.0,1704,-0.29876263963512734,0.29876263963512734,706,0.0,0.0,1566,1325.3333333333333,998
postal_code_M5Y,0.0,0.0,932,-0.16571842977951387,0.16571842977951387,1822,-0.08818999719651531,0.08818999719651531,1222,1325.3333333333333,890
postal_code_R4S,0.0,0.0,668,-0.19228322919229987,0.19228322919229987,1546,0.0,0.0,1767,1327.0,1099
postal_code_H1I,0.0,0.0,1955,-0.24944057275189993,0.24944057275189993,1022,-0.1699361954986058,0.1699361954986058,1006,1327.6666666666667,949
postal_code_T3D,0.0,0.0,1773,-0.2226412923031461,0.2226412923031461,1255,-0.18939954224724534,0.18939954224724534,955,1327.6666666666667,818
postal_code_P5E,0.0,0.0,507,-0.16998383343450252,0.16998383343450252,1775,0.0,0.0,1704,1328.6666666666667,1268
postal_code_H4V,0.0,0.0,2262,-0.31572799203633795,0.31572799203633795,611,-0.12820336386842326,0.12820336386842326,1116,1329.6666666666667,1651
postal_code_H5P,0.0,0.0,2254,-0.27754039910225736,0.27754039910225736,836,-0.21176025423939784,0.21176025423939784,900,1330.0,1418
postal_code_B4A,0.0,0.0,3309,0.6839338141645458,0.6839338141645458,100,0.37361883612590047,0.37361883612590047,581,1330.0,3209
postal_code_A9B,0.0,0.0,1153,-0.2621568253335927,0.2621568253335927,928,0.0,0.0,1910,1330.3333333333333,982
previous_claims,0.25848204075966935,0.25848204075966935,302,0.05929366280945847,0.05929366280945847,2888,0.2588363098470443,0.2588363098470443,803,1331.0,2586
postal_code_S7C,0.0,0.0,1886,0.23993655807013564,0.23993655807013564,1106,0.17160027380125514,0.17160027380125514,1001,1331.0,885
postal_code_N7Y,0.0,0.0,1023,0.1867372041183072,0.1867372041183072,1599,0.033520001077838944,0.033520001077838944,1374,1332.0,576
postal_code_L7M,0.0,0.0,2997,-0.3613137622731282,0.3613137622731282,437,-0.3812444902492563,0.3812444902492563,566,1333.3333333333333,2560
postal_code_R1K,0.0,0.0,636,-0.18718778610461279,0.18718778610461279,1590,0.0,0.0,1774,1333.3333333333333,1138
postal_code_N1X,0.0,0.0,848,0.5680422185096696,0.5680422185096696,156,0.0,0.0,3008,1337.3333333333333,2852
postal_code_V1C,0.0,0.0,1246,0.14937566974331942,0.14937566974331942,2012,0.2778474446859186,0.2778474446859186,755,1337.6666666666667,1257
postal_code_L2V,0.0,0.0,2668,-0.3400161755187731,0.3400161755187731,504,-0.24216135697634658,0.24216135697634658,842,1338.0,2164
postal_code_M9V,0.0,0.0,867,-0.15759960873145462,0.15759960873145462,1923,-0.08705070352553979,0.08705070352553979,1225,1338.3333333333333,1056
postal_code_V3I,0.0,0.0,1461,0.18177248573325747,0.18177248573325747,1661,0.21527378485211981,0.21527378485211981,894,1338.6666666666667,767
postal_code_S6F,0.0,0.0,1812,0.24749341002102973,0.24749341002102973,1036,0.10826054526017859,0.10826054526017859,1172,1340.0,776
postal_code_S1N,0.0,0.0,1540,0.2431192710743714,0.2431192710743714,1076,0.021406926543422536,0.021406926543422536,1404,1340.0,464
postal_code_T2L,0.0,0.0,1804,-0.19000907185587187,0.19000907185587187,1568,-0.3323695076707391,0.3323695076707391,656,1342.6666666666667,1148
years_licensed,-0.2565428596651179,0.2565428596651179,303,-0.05575305481940762,0.05575305481940762,2918,-0.25730546490360207,0.25730546490360207,808,1343.0,2615
postal_code_R4X,0.0,0.0,673,-0.18705594746714474,0.18705594746714474,1595,0.0,0.0,1763,1343.6666666666667,1090
postal_code_E2G,0.0,0.0,2340,-0.3074371748419913,0.3074371748419913,654,-0.15422047812899306,0.15422047812899306,1044,1346.0,1686
postal_code_L9W,0.0,0.0,2892,0.6325486455876458,0.6325486455876458,114,0.15663356685827642,0.15663356685827642,1034,1346.6666666666667,2778
postal_code_S2W,0.0,0.0,1619,-0.34917022523050883,0.34917022523050883,465,0.0,0.0,1962,1348.6666666666667,1497
postal_code_H6C,0.0,0.0,2123,-0.27089386499890655,0.27089386499890655,881,-0.15433847494423286,0.15433847494423286,1042,1348.6666666666667,1242
postal_code_L7R,0.0,0.0,3026,0.43563389982152473,0.43563389982152473,285,0.2877373760069843,0.2877373760069843,736,1349.0,2741
postal_code_P7D,0.0,0.0,741,-0.1771053997477567,0.1771053997477567,1708,0.0,0.0,1599,1349.3333333333333,967
postal_code_P5U,0.0,0.0,495,-0.1620526766081226,0.1620526766081226,1866,0.0,0.0,1690,1350.3333333333333,1371
postal_code_R5Z,0.0,0.0,1650,-0.2622904580929683,0.2622904580929683,926,0.0,0.0,1477,1351.0,724
postal_code_A3L,0.0,0.0,1181,-0.2827022399680338,0.2827022399680338,806,0.0,0.0,2068,1351.6666666666667,1262
postal_code_R8W,0.0,0.0,1691,-0.2246426461705918,0.2246426461705918,1237,-0.12306583067419327,0.12306583067419327,1127,1351.6666666666667,564
postal_code_E7M,0.0,0.0,2623,0.3298221778952886,0.3298221778952886,536,0.2141675091550443,0.2141675091550443,897,1352.0,2087
postal_code_P9B,0.0,0.0,789,-0.1971175243827092,0.1971175243827092,1499,0.0,0.0,1772,1353.3333333333333,983
postal_code_N9N,0.0,0.0,1040,0.18562363445849742,0.18562363445849742,1610,0.01936149204667999,0.01936149204667999,1410,1353.3333333333333,570
postal_code_P5O,0.0,0.0,487,0.15989636301773488,0.15989636301773488,1893,0.0,0.0,1682,1354.0,1406
postal_code_S2I,0.0,0.0,1606,-0.24062730078174865,0.24062730078174865,1098,-0.037203783754203794,0.037203783754203794,1359,1354.3333333333333,508
postal_code_H6D,0.0,0.0,2124,-0.2556658181683298,0.2556658181683298,974,-0.18433031402438854,0.18433031402438854,965,1354.3333333333333,1159
postal_code_L3U,0.0,0.0,2739,0.29801478401582987,0.29801478401582987,711,0.3549319786321644,0.3549319786321644,615,1355.0,2124
postal_code_L3M,0.0,0.0,2684,-0.35911231061719684,0.35911231061719684,443,-0.19502235458643338,0.19502235458643338,941,1356.0,2241
postal_code_N4L,0.0,0.0,1140,0.19458096393138802,0.19458096393138802,1524,0.02009171899234125,0.02009171899234125,1408,1357.3333333333333,384
postal_code_B9S,0.0,0.0,2387,0.29565414005121,0.29565414005121,722,0.18464085627044868,0.18464085627044868,964,1357.6666666666667,1665
postal_code_P6W,0.0,0.0,734,-0.17438979623407436,0.17438979623407436,1737,0.0,0.0,1604,1358.3333333333333,1003
postal_code_T8X,0.0,0.0,1170,0.13176160660867497,0.13176160660867497,2170,0.28793529429315523,0.28793529429315523,735,1358.3333333333333,1435
postal_code_T1V,0.0,0.0,1765,-0.18913751978251434,0.18913751978251434,1576,-0.28542650041533485,0.28542650041533485,739,1360.0,1026
postal_code_V6L,0.0,0.0,1375,-0.16025430399117457,0.16025430399117457,1888,-0.2541303608124809,0.2541303608124809,817,1360.0,1071
postal_code_B3L,0.0,0.0,2701,-0.38424703409540917,0.38424703409540917,389,-0.17464026012402312,0.17464026012402312,990,1360.0,2312
postal_code_B5O,0.0,0.0,3192,0.4690185749290951,0.4690185749290951,246,0.33636490650467205,0.33636490650467205,645,1361.0,2946
postal_code_A1V,0.0,0.0,1497,-0.324168453540965,0.324168453540965,566,0.0,0.0,2022,1361.6666666666667,1456
postal_code_B3E,0.0,0.0,2714,0.29836791855990114,0.29836791855990114,708,0.3284736858895771,0.3284736858895771,667,1363.0,2047
postal_code_H9E,0.0,0.0,2153,-0.22831058280131405,0.22831058280131405,1206,-0.28980790858780003,0.28980790858780003,733,1364.0,1420
postal_code_A2I,0.0,0.0,1446,-0.30297752191093147,0.30297752191093147,679,0.0,0.0,1972,1365.6666666666667,1293
postal_code_P3E,0.0,0.0,601,0.11128212313687644,0.11128212313687644,2382,0.12746782950790544,0.12746782950790544,1118,1367.0,1781
postal_code_H4D,0.0,0.0,2264,-0.2190534935570531,0.2190534935570531,1292,-0.3911201459033424,0.3911201459033424,545,1367.0,1719
postal_code_P4R,0.0,0.0,476,-0.15268443459307326,0.15268443459307326,1974,0.0,0.0,1654,1368.0,1498
postal_code_G2P,0.0,0.0,2565,0.3165867777388047,0.3165867777388047,608,0.1966443736116038,0.1966443736116038,937,1370.0,1957
postal_code_M4W,0.0,0.0,930,0.1722527754430127,0.1722527754430127,1754,0.01594086858241391,0.01594086858241391,1426,1370.0,824
vehicle_use_Personal,-0.3163632386936188,0.3163632386936188,269,-0.037802106538751525,0.037802106538751525,3069,-0.2693790241615029,0.2693790241615029,775,1371.0,2800
postal_code_T7P,0.0,0.0,1186,-0.17513194543516042,0.17513194543516042,1730,-0.09757100379427244,0.09757100379427244,1198,1371.3333333333333,544
postal_code_G3Y,0.0,0.0,2029,-0.3122531832858432,0.3122531832858432,631,-0.004564275532046814,0.004564275532046814,1456,1372.0,1398
claim_to_vehicle_value_ratio,0.16908687133456052,0.16908687133456052,349,0.07280231704127774,0.07280231704127774,2760,0.1686391785544954,0.1686391785544954,1011,1373.3333333333333,2411
postal_code_G7V,0.0,0.0,1938,0.23875847655853372,0.23875847655853372,1116,0.14554995626629563,0.14554995626629563,1067,1373.6666666666667,871
postal_code_N7P,0.0,0.0,991,0.1577525012277066,0.1577525012277066,1920,0.09096134430555526,0.09096134430555526,1213,1374.6666666666667,929
postal_code_M3O,0.0,0.0,2912,0.3540581811340446,0.3540581811340446,454,0.2762286804544645,0.2762286804544645,759,1375.0,2458
postal_code_R2F,0.0,0.0,632,-0.1803097328895818,0.1803097328895818,1677,0.0,0.0,1817,1375.3333333333333,1185
postal_code_B2I,0.0,0.0,2931,0.426715235681353,0.426715235681353,297,0.2133432520934617,0.2133432520934617,898,1375.3333333333333,2634
postal_code_A8T,0.0,0.0,980,-0.2234578278115876,0.2234578278115876,1245,0.0,0.0,1902,1375.6666666666667,922
postal_code_P4M,0.0,0.0,515,-0.15473079083267688,0.15473079083267688,1956,0.0,0.0,1657,1376.0,1441
postal_code_V3J,0.0,0.0,1441,0.15123493960227422,0.15123493960227422,1995,0.31448214423576387,0.31448214423576387,694,1376.6666666666667,1301
postal_code_R2L,0.0,0.0,613,0.17680288405544484,0.17680288405544484,1713,0.0,0.0,1812,1379.3333333333333,1199
postal_code_R2X,0.0,0.0,624,0.16960992391095253,0.16960992391095253,1781,0.0,0.0,1739,1381.3333333333333,1157
postal_code_C7Y,0.0,0.0,2292,-0.31540379289902365,0.31540379289902365,613,-0.08129118552830893,0.08129118552830893,1240,1381.6666666666667,1679
postal_code_E6Y,0.0,0.0,2660,0.41345703160014563,0.41345703160014563,325,0.11227401780172809,0.11227401780172809,1160,1381.6666666666667,2335
postal_code_B7C,0.0,0.0,1925,-0.2767799097114781,0.2767799097114781,841,-0.03198682729483347,0.03198682729483347,1380,1382.0,1084
postal_code_T4N,0.0,0.0,1297,0.13873079294763963,0.13873079294763963,2103,0.28104312127144715,0.28104312127144715,747,1382.3333333333333,1356
postal_code_N4H,0.0,0.0,1113,-0.1776866053000888,0.1776866053000888,1706,-0.04524168236600783,0.04524168236600783,1335,1384.6666666666667,593
postal_code_K6P,0.0,0.0,3296,-0.40803507551231016,0.40803507551231016,336,-0.4015881240261367,0.4015881240261367,523,1385.0,2960
postal_code_N3N,0.0,0.0,1090,-0.17507343742476714,0.17507343742476714,1733,-0.044346729679061586,0.044346729679061586,1337,1386.6666666666667,643
postal_code_K7U,0.0,0.0,2803,-0.3295590515389724,0.3295590515389724,539,-0.25209885332700177,0.25209885332700177,819,1387.0,2264
postal_code_V6S,0.0,0.0,1381,-0.1530799044349661,0.1530799044349661,1970,-0.2566882184836256,0.2566882184836256,810,1387.0,1160
postal_code_L9C,0.0,0.0,3016,-0.40398286151056745,0.40398286151056745,344,-0.2592630490291014,0.2592630490291014,801,1387.0,2672
postal_code_L6O,0.0,0.0,2971,0.4415910115608965,0.4415910115608965,277,0.20494603773640963,0.20494603773640963,918,1388.6666666666667,2694
postal_code_G8K,0.0,0.0,1926,-0.21140753804951334,0.21140753804951334,1356,-0.21836527132052297,0.21836527132052297,885,1389.0,1041
postal_code_R5I,0.0,0.0,1653,-0.2887680969126894,0.2887680969126894,762,0.0,0.0,1753,1389.3333333333333,991
postal_code_T2Q,0.0,0.0,1808,0.18014670451746018,0.18014670451746018,1680,0.319571162505553,0.319571162505553,684,1390.6666666666667,1124
postal_code_T3I,0.0,0.0,1778,-0.2034371659186473,0.2034371659186473,1437,-0.1886787209923207,0.1886787209923207,958,1391.0,820
postal_code_R9D,0.0,0.0,1558,-0.24132229654115359,0.24132229654115359,1090,0.0,0.0,1527,1391.6666666666667,468
postal_code_G9J,0.0,0.0,1964,0.23551642721443394,0.23551642721443394,1135,0.1424130242837604,0.1424130242837604,1078,1392.3333333333333,886
postal_code_T4V,0.0,0.0,1258,0.16792051131423869,0.16792051131423869,1799,0.12130858398328584,0.12130858398328584,1134,1397.0,665
postal_code_V6Q,0.0,0.0,1379,-0.1617925377220249,0.1617925377220249,1870,-0.1927819746717432,0.1927819746717432,945,1398.0,925
postal_code_T8A,0.0,0.0,1196,0.1331621434142132,0.1331621434142132,2151,0.2397496302819906,0.2397496302819906,849,1398.6666666666667,1302
postal_code_P9Z,0.0,0.0,765,-0.18250887937195293,0.18250887937195293,1652,0.0,0.0,1784,1400.3333333333333,1019
postal_code_G9Q,0.0,0.0,1984,-0.2531784781505174,0.2531784781505174,993,-0.08462733544135617,0.08462733544135617,1230,1402.3333333333333,991
postal_code_R2D,0.0,0.0,652,-0.17462947401755174,0.17462947401755174,1735,0.0,0.0,1820,1402.3333333333333,1168
postal_code_R1H,0.0,0.0,700,-0.17510013670976302,0.17510013670976302,1732,0.0,0.0,1777,1403.0,1077
postal_code_P9E,0.0,0.0,792,0.18456078026545245,0.18456078026545245,1621,0.0,0.0,1798,1403.6666666666667,1006
postal_code_K8T,0.0,0.0,2779,-0.25520364427427045,0.25520364427427045,980,-0.4373350267448102,0.4373350267448102,453,1404.0,2326
postal_code_K3X,0.0,0.0,3276,-0.323603050980652,0.323603050980652,570,-0.5099945594888635,0.5099945594888635,367,1404.3333333333333,2909
postal_code_T1B,0.0,0.0,1724,-0.24128971165595772,0.24128971165595772,1092,-0.02324361333633932,0.02324361333633932,1397,1404.3333333333333,632
postal_code_K7Q,0.0,0.0,2800,-0.28682925615646926,0.28682925615646926,778,-0.33914177898035613,0.33914177898035613,641,1406.3333333333333,2159
postal_code_J8C,0.0,0.0,3113,0.45443263344973167,0.45443263344973167,261,0.2403661780434598,0.2403661780434598,846,1406.6666666666667,2852
postal_code_A1F,0.0,0.0,1420,-0.28437845592649685,0.28437845592649685,792,0.0,0.0,2010,1407.3333333333333,1218
postal_code_P4Q,0.0,0.0,475,0.13972264408425591,0.13972264408425591,2092,0.0,0.0,1655,1407.3333333333333,1617
postal_code_K8S,0.0,0.0,2778,-0.35379084388223675,0.35379084388223675,455,-0.17358190724984116,0.17358190724984116,995,1409.3333333333333,2323
postal_code_P9M,0.0,0.0,753,-0.17892177147122992,0.17892177147122992,1690,0.0,0.0,1791,1411.3333333333333,1038
postal_code_G3X,0.0,0.0,2028,-0.22995631260245472,0.22995631260245472,1199,-0.1696812625186711,0.1696812625186711,1007,1411.3333333333333,1021
postal_code_G2G,0.0,0.0,2556,0.286502409032953,0.286502409032953,779,0.21118443212099866,0.21118443212099866,901,1412.0,1777
postal_code_L6R,0.0,0.0,2953,-0.292995131321969,0.292995131321969,736,-0.38847117033891876,0.38847117033891876,552,1413.6666666666667,2401
postal_code_H1R,0.0,0.0,1963,-0.22274777360812253,0.22274777360812253,1254,-0.16069280817453713,0.16069280817453713,1025,1414.0,938
postal_code_H2O,0.0,0.0,2223,-0.23902350898951236,0.23902350898951236,1111,-0.20872281403677836,0.20872281403677836,908,1414.0,1315
postal_code_N1O,0.0,0.0,865,-0.15232545165044756,0.15232545165044756,1978,-0.02240651652270503,0.02240651652270503,1400,1414.3333333333333,1113
postal_code_A4X,0.0,0.0,1281,-0.2627407728581544,0.2627407728581544,921,0.0,0.0,2042,1414.6666666666667,1121
postal_code_J5T,0.0,0.0,3052,-0.3109740808437576,0.3109740808437576,639,-0.3878370707857522,0.3878370707857522,554,1415.0,2498
postal_code_R5W,0.0,0.0,1667,-0.25338778663021777,0.25338778663021777,991,0.0,0.0,1589,1415.6666666666667,676
postal_code_P7H,0.0,0.0,745,-0.158474016945786,0.158474016945786,1906,0.0,0.0,1596,1415.6666666666667,1161
postal_code_R9H,0.0,0.0,1562,-0.23382371687418535,0.23382371687418535,1153,0.0,0.0,1540,1418.3333333333333,409
postal_code_K4P,0.0,0.0,3244,-0.3314732463656221,0.3314732463656221,527,-0.4148769054724987,0.4148769054724987,493,1421.3333333333333,2751
postal_code_R8X,0.0,0.0,1692,-0.24530066900695505,0.24530066900695505,1050,0.0,0.0,1525,1422.3333333333333,642
postal_code_P5P,0.0,0.0,489,-0.14076935301156693,0.14076935301156693,2084,0.0,0.0,1694,1422.3333333333333,1595
postal_code_H9F,0.0,0.0,2155,0.23398126893478205,0.23398126893478205,1152,0.18824002570340276,0.18824002570340276,961,1422.6666666666667,1194
postal_code_S2H,0.0,0.0,1605,-0.23679117896443524,0.23679117896443524,1127,0.0,0.0,1538,1423.3333333333333,478
postal_code_H1K,0.0,0.0,1957,-0.23041877597120114,0.23041877597120114,1192,-0.1262443952814905,0.1262443952814905,1123,1424.0,834
postal_code_B9L,0.0,0.0,2382,-0.2994696863085961,0.2994696863085961,703,-0.10000672429573934,0.10000672429573934,1187,1424.0,1679
postal_code_L5V,0.0,0.0,2981,0.35004137656396694,0.35004137656396694,464,0.24822396243133887,0.24822396243133887,831,1425.3333333333333,2517
postal_code_H5S,0.0,0.0,2257,-0.23228940832707898,0.23228940832707898,1169,-0.23922797587193745,0.23922797587193745,850,1425.3333333333333,1407
postal_code_R8V,0.0,0.0,1690,-0.245117484759432,0.245117484759432,1056,0.0,0.0,1534,1426.6666666666667,634
postal_code_T7I,0.0,0.0,1318,0.12437350930348359,0.12437350930348359,2257,0.3010520948282271,0.3010520948282271,713,1429.3333333333333,1544
postal_code_R2E,0.0,0.0,633,-0.16410653818396956,0.16410653818396956,1837,0.0,0.0,1819,1429.6666666666667,1204
postal_code_L7Z,0.0,0.0,3034,-0.29405852619970874,0.29405852619970874,730,-0.39673814026846765,0.39673814026846765,526,1430.0,2508
postal_code_G9X,0.0,0.0,1991,-0.24452975454230017,0.24452975454230017,1061,-0.08111072573433538,0.08111072573433538,1242,1431.3333333333333,930
postal_code_L2T,0.0,0.0,2666,-0.273970252669166,0.273970252669166,865,-0.2729106270913381,0.2729106270913381,765,1432.0,1901
postal_code_P2L,0.0,0.0,537,-0.30149157590474907,0.30149157590474907,689,0.0,0.0,3072,1432.6666666666667,2535
postal_code_S7T,0.0,0.0,1900,-0.2509998869451085,0.2509998869451085,1011,-0.029368745144243966,0.029368745144243966,1387,1432.6666666666667,889
postal_code_C1U,0.0,0.0,2439,0.29457758004099266,0.29457758004099266,726,0.12075867520999051,0.12075867520999051,1137,1434.0,1713
postal_code_A4S,0.0,0.0,1260,-0.2510879904870001,0.2510879904870001,1009,0.0,0.0,2034,1434.3333333333333,1025
postal_code_R8K,0.0,0.0,1679,0.22250526374196394,0.22250526374196394,1258,0.03414328826435856,0.03414328826435856,1371,1436.0,421
postal_code_P7T,0.0,0.0,709,-0.1539316468244993,0.1539316468244993,1964,0.0,0.0,1635,1436.0,1255
postal_code_L1H,0.0,0.0,2820,0.2745612226389317,0.2745612226389317,859,0.3447840226842553,0.3447840226842553,633,1437.3333333333333,2187
postal_code_H7L,0.0,0.0,2109,0.20051340031042175,0.20051340031042175,1458,0.28241685172358866,0.28241685172358866,745,1437.3333333333333,1364
postal_code_J9G,0.0,0.0,3351,-0.39084616079064427,0.39084616079064427,377,-0.36985865081891334,0.36985865081891334,585,1437.6666666666667,2974
postal_code_N6K,0.0,0.0,1006,0.14342955281638306,0.14342955281638306,2067,0.07974203437128406,0.07974203437128406,1244,1439.0,1061
postal_code_E1F,0.0,0.0,2369,0.2760997840855983,0.2760997840855983,847,0.13235789347049165,0.13235789347049165,1105,1440.3333333333333,1522
postal_code_H5N,0.0,0.0,2252,-0.26607379467829223,0.26607379467829223,907,-0.11156581557332691,0.11156581557332691,1163,1440.6666666666667,1345
postal_code_P3K,0.0,0.0,597,0.10946809696367946,0.10946809696367946,2409,0.051962404524046005,0.051962404524046005,1316,1440.6666666666667,1812
postal_code_T2P,0.0,0.0,1807,-0.20662030977587367,0.20662030977587367,1398,-0.12740970682305286,0.12740970682305286,1119,1441.3333333333333,688
postal_code_H8C,0.0,0.0,2174,0.2037087763207463,0.2037087763207463,1431,0.2974591745864172,0.2974591745864172,720,1441.6666666666667,1454
postal_code_R2T,0.0,0.0,619,-0.15652031713293374,0.15652031713293374,1934,0.0,0.0,1773,1442.0,1315
postal_code_L5C,0.0,0.0,2726,0.3168673047697748,0.3168673047697748,604,0.17241762171806024,0.17241762171806024,998,1442.6666666666667,2122
postal_code_J8W,0.0,0.0,3368,-0.3311930980775885,0.3311930980775885,528,-0.4496537606257449,0.4496537606257449,437,1444.3333333333333,2931
postal_code_C3R,0.0,0.0,2432,0.5228125863189856,0.5228125863189856,196,0.0,0.0,1706,1444.6666666666667,2236
postal_code_T3W,0.0,0.0,1280,0.17058151011828884,0.17058151011828884,1768,0.06023462116502283,0.06023462116502283,1287,1445.0,488
postal_code_R6E,0.0,0.0,1628,-0.18391306290003467,0.18391306290003467,1634,-0.14331823895531817,0.14331823895531817,1074,1445.3333333333333,560
postal_code_P5T,0.0,0.0,494,-0.13258192199751706,0.13258192199751706,2156,0.0,0.0,1691,1447.0,1662
postal_code_P3J,0.0,0.0,605,0.1439153474190133,0.1439153474190133,2063,0.0,0.0,1677,1448.3333333333333,1458
postal_code_T1E,0.0,0.0,1727,-0.1912373605491218,0.1912373605491218,1560,-0.14828472189090003,0.14828472189090003,1061,1449.3333333333333,666
postal_code_J3G,0.0,0.0,3227,0.31625844565171757,0.31625844565171757,610,0.4051425035594965,0.4051425035594965,513,1450.0,2714
postal_code_G3W,0.0,0.0,2027,-0.18663383920254167,0.18663383920254167,1600,-0.29341839142553855,0.29341839142553855,728,1451.6666666666667,1299
postal_code_T3J,0.0,0.0,1779,-0.19039563199498946,0.19039563199498946,1564,-0.16700441594150528,0.16700441594150528,1013,1452.0,766
postal_code_L6L,0.0,0.0,2985,0.3180371812278438,0.3180371812278438,597,0.26991651913502224,0.26991651913502224,774,1452.0,2388
postal_code_B8R,0.0,0.0,2414,0.31505184885673193,0.31505184885673193,614,0.04756929490702894,0.04756929490702894,1329,1452.3333333333333,1800
postal_code_K9E,0.0,0.0,2838,-0.3454969035549889,0.3454969035549889,478,-0.15265179337399287,0.15265179337399287,1049,1455.0,2360
postal_code_V5A,0.0,0.0,1527,-0.17816690197536728,0.17816690197536728,1699,-0.120238809739605,0.120238809739605,1139,1455.0,560
postal_code_G1J,0.0,0.0,2475,-0.24161718801600765,0.24161718801600765,1089,-0.2581368062680594,0.2581368062680594,806,1456.6666666666667,1669
postal_code_V9M,0.0,0.0,1395,0.18997732879762752,0.18997732879762752,1570,0.020624530064322185,0.020624530064322185,1406,1457.0,175
postal_code_R3C,0.0,0.0,629,-0.15002739003166624,0.15002739003166624,2007,0.0,0.0,1735,1457.0,1378
postal_code_P6O,0.0,0.0,608,-0.13253815895963103,0.13253815895963103,2157,0.0,0.0,1611,1458.6666666666667,1549
postal_code_H3T,0.0,0.0,2206,-0.2065025659272664,0.2065025659272664,1400,-0.2716747236545768,0.2716747236545768,770,1458.6666666666667,1436
postal_code_J4X,0.0,0.0,3078,0.29354960182505097,0.29354960182505097,735,0.3827346695182995,0.3827346695182995,564,1459.0,2514
postal_code_L6S,0.0,0.0,2954,0.2847375922650086,0.2847375922650086,789,0.3446718151108758,0.3446718151108758,634,1459.0,2320
postal_code_T3L,0.0,0.0,1781,-0.1707276287542218,0.1707276287542218,1766,-0.24630438289501927,0.24630438289501927,833,1460.0,948
postal_code_P2F,0.0,0.0,531,-0.2875028710851585,0.2875028710851585,772,0.0,0.0,3077,1460.0,2546
postal_code_P3Y,0.0,0.0,575,-0.13444514935880084,0.13444514935880084,2139,0.0,0.0,1667,1460.3333333333333,1564
postal_code_M2E,0.0,0.0,2875,-0.3259090466968289,0.3259090466968289,556,-0.18996436538570122,0.18996436538570122,951,1460.6666666666667,2319
age,0.1759189945034288,0.1759189945034288,345,0.039826148857433484,0.039826148857433484,3053,0.1772981986126216,0.1772981986126216,984,1460.6666666666667,2708
postal_code_B8D,0.0,0.0,2502,-0.31843643819617984,0.31843643819617984,596,-0.058992845268674175,0.058992845268674175,1291,1463.0,1906
postal_code_E5V,0.0,0.0,2616,0.29502465194032546,0.29502465194032546,724,0.15090442408280086,0.15090442408280086,1056,1465.3333333333333,1892
postal_code_N3J,0.0,0.0,1112,0.1599519607940939,0.1599519607940939,1892,0.027725307661172142,0.027725307661172142,1393,1465.6666666666667,780
postal_code_G9U,0.0,0.0,1988,-0.20899862923143206,0.20899862923143206,1377,-0.15703688448229192,0.15703688448229192,1033,1466.0,955
postal_code_L8U,0.0,0.0,2998,0.33046497087410936,0.33046497087410936,530,0.22748754717133352,0.22748754717133352,874,1467.3333333333333,2468
postal_code_R4Z,0.0,0.0,675,-0.15331119577520735,0.15331119577520735,1967,0.0,0.0,1761,1467.6666666666667,1292
postal_code_R1N,0.0,0.0,638,-0.15385916203657196,0.15385916203657196,1965,0.0,0.0,1802,1468.3333333333333,1327
postal_code_R2R,0.0,0.0,618,-0.15202030454510693,0.15202030454510693,1983,0.0,0.0,1806,1469.0,1365
postal_code_K7A,0.0,0.0,3042,0.3261267120159574,0.3261267120159574,555,0.2536805091882716,0.2536805091882716,818,1471.6666666666667,2487
postal_code_L4G,0.0,0.0,2751,0.29514315510616373,0.29514315510616373,723,0.19276918313945512,0.19276918313945512,946,1473.3333333333333,2028
postal_code_P3Z,0.0,0.0,576,0.13135713395578932,0.13135713395578932,2179,0.0,0.0,1666,1473.6666666666667,1603
postal_code_R2J,0.0,0.0,611,-0.12678939698090808,0.12678939698090808,2226,0.0,0.0,1588,1475.0,1615
postal_code_A4L,0.0,0.0,1329,-0.25015288985850187,0.25015288985850187,1015,0.0,0.0,2081,1475.0,1066
postal_code_P7O,0.0,0.0,705,-0.1351677792716304,0.1351677792716304,2130,0.0,0.0,1591,1475.3333333333333,1425
province_MB,-0.21040270788438123,0.21040270788438123,330,-0.02520653698476681,0.02520653698476681,3185,-0.20602335874368619,0.20602335874368619,913,1476.0,2855
postal_code_G5P,0.0,0.0,2047,-0.226792544144121,0.226792544144121,1223,-0.11230617055075696,0.11230617055075696,1159,1476.3333333333333,888
postal_code_L3S,0.0,0.0,2724,0.264640949296588,0.264640949296588,913,0.26215981146172357,0.26215981146172357,792,1476.3333333333333,1932
postal_code_P6K,0.0,0.0,470,-0.11572633412757542,0.11572633412757542,2344,0.0,0.0,1615,1476.3333333333333,1874
postal_code_J1N,0.0,0.0,3162,-0.3057224387206001,0.3057224387206001,661,-0.3566587154740966,0.3566587154740966,611,1478.0,2551
postal_code_N9S,0.0,0.0,841,-0.32697930792925023,0.32697930792925023,550,0.0,0.0,3043,1478.0,2493
postal_code_R8U,0.0,0.0,1689,-0.19952207479240758,0.19952207479240758,1468,-0.06660299840012202,0.06660299840012202,1277,1478.0,412
postal_code_V9D,0.0,0.0,1433,-0.16769162760851128,0.16769162760851128,1803,-0.09561414595749339,0.09561414595749339,1205,1480.3333333333333,598
postal_code_P9A,0.0,0.0,788,-0.15537560327145228,0.15537560327145228,1945,0.0,0.0,1710,1481.0,1157
postal_code_B3W,0.0,0.0,3302,0.6115504416351586,0.6115504416351586,120,0.16215233502615828,0.16215233502615828,1021,1481.0,3182
postal_code_L1S,0.0,0.0,2688,0.23883239937482847,0.23883239937482847,1113,0.3349912292340677,0.3349912292340677,648,1483.0,2040
postal_code_V4I,0.0,0.0,1486,0.14610436496337342,0.14610436496337342,2048,0.20520308661684047,0.20520308661684047,917,1483.6666666666667,1131
postal_code_G1I,0.0,0.0,2484,-0.29109855304210597,0.29109855304210597,747,-0.08820220061520442,0.08820220061520442,1221,1484.0,1737
postal_code_H6Q,0.0,0.0,2136,-0.24635928694669965,0.24635928694669965,1046,-0.06753437739347559,0.06753437739347559,1273,1485.0,1090
postal_code_R4N,0.0,0.0,663,-0.14546217997374686,0.14546217997374686,2052,0.0,0.0,1741,1485.3333333333333,1389
province_SK,-0.14333096057948422,0.14333096057948422,362,-0.03565664736364702,0.03565664736364702,3091,-0.1700927303273555,0.1700927303273555,1005,1486.0,2729
postal_code_T1X,0.0,0.0,1790,-0.20812786153881638,0.20812786153881638,1384,-0.06107791328206499,0.06107791328206499,1285,1486.3333333333333,505
postal_code_V5H,0.0,0.0,1488,-0.1319139657352603,0.1319139657352603,2163,-0.25694211294300895,0.25694211294300895,809,1486.6666666666667,1354
postal_code_B1T,0.0,0.0,961,-0.2255568625354257,0.2255568625354257,1228,0.0,0.0,2272,1487.0,1311
postal_code_L6A,0.0,0.0,2974,0.3848481690065098,0.3848481690065098,388,0.13466678402513335,0.13466678402513335,1101,1487.6666666666667,2586
postal_code_N2R,0.0,0.0,1096,-0.14919667239749915,0.14919667239749915,2016,-0.03775769652168424,0.03775769652168424,1352,1488.0,920
postal_code_S8R,0.0,0.0,1877,-0.35885394540405857,0.35885394540405857,445,0.0,0.0,2142,1488.0,1697
postal_code_A9T,0.0,0.0,881,-0.1815515649294583,0.1815515649294583,1663,0.0,0.0,1924,1489.3333333333333,1043
postal_code_P2Z,0.0,0.0,587,-0.28003877172272595,0.28003877172272595,824,0.0,0.0,3059,1490.0,2472
postal_code_T1D,0.0,0.0,1726,-0.17872086994348507,0.17872086994348507,1693,-0.15224251287099513,0.15224251287099513,1052,1490.3333333333333,674
postal_code_H3W,0.0,0.0,2209,0.23157738018497456,0.23157738018497456,1175,0.13892480302746324,0.13892480302746324,1087,1490.3333333333333,1122
postal_code_A5Z,0.0,0.0,1731,-0.27378024123541783,0.27378024123541783,868,0.0,0.0,1873,1490.6666666666667,1005
postal_code_M1F,0.0,0.0,2899,-0.2519917361184912,0.2519917361184912,1004,-0.3788694283836682,0.3788694283836682,571,1491.3333333333333,2328
postal_code_P5L,0.0,0.0,484,-0.12034568735339433,0.12034568735339433,2294,0.0,0.0,1697,1491.6666666666667,1810
postal_code_H9B,0.0,0.0,2151,-0.22240699180695578,0.22240699180695578,1260,-0.1476664439826065,0.1476664439826065,1064,1491.6666666666667,1087
postal_code_B9U,0.0,0.0,2389,-0.3603907467196501,0.3603907467196501,439,0.0,0.0,1650,1492.6666666666667,1950
postal_code_H8H,0.0,0.0,2179,0.24687424571790065,0.24687424571790065,1045,0.07551120851695713,0.07551120851695713,1254,1492.6666666666667,1134
postal_code_R6Q,0.0,0.0,1640,-0.21159706224797947,0.21159706224797947,1353,0.0,0.0,1486,1493.0,287
postal_code_P2Q,0.0,0.0,564,-0.27587410099832715,0.27587410099832715,849,0.0,0.0,3067,1493.3333333333333,2503
police_report_filed_Yes,-0.2072383026473778,0.2072383026473778,331,-0.02119491421205744,0.02119491421205744,3221,-0.198315456252826,0.198315456252826,930,1494.0,2890
postal_code_R2G,0.0,0.0,631,-0.14611468102626612,0.14611468102626612,2047,0.0,0.0,1804,1494.0,1416
postal_code_V4E,0.0,0.0,1459,-0.2548621055446268,0.2548621055446268,984,0.0,0.0,2045,1496.0,1061
postal_code_P6Z,0.0,0.0,737,-0.13316468896461217,0.13316468896461217,2150,0.0,0.0,1602,1496.3333333333333,1413
postal_code_T8S,0.0,0.0,1166,-0.20945090451511642,0.20945090451511642,1371,0.0,0.0,1953,1496.6666666666667,787
postal_code_A6F,0.0,0.0,1637,0.2566173582459684,0.2566173582459684,967,0.0,0.0,1886,1496.6666666666667,919
postal_code_S6Q,0.0,0.0,1831,-0.3280903011276458,0.3280903011276458,542,0.0,0.0,2119,1497.3333333333333,1577
postal_code_T6Z,0.0,0.0,1310,0.15569976628580123,0.15569976628580123,1940,0.07984484525296788,0.07984484525296788,1243,1497.6666666666667,697
postal_code_R4R,0.0,0.0,666,-0.14416060997539523,0.14416060997539523,2060,0.0,0.0,1768,1498.0,1394
postal_code_A7K,0.0,0.0,512,-0.13661148207389429,0.13661148207389429,2122,0.0,0.0,1862,1498.6666666666667,1610
postal_code_R9E,0.0,0.0,1559,-0.20566898001755035,0.20566898001755035,1409,0.0,0.0,1529,1499.0,150
postal_code_H4Q,0.0,0.0,2277,-0.23511961421791555,0.23511961421791555,1140,-0.14163789355500506,0.14163789355500506,1081,1499.3333333333333,1196
postal_code_R6R,0.0,0.0,1641,0.21877833862129656,0.21877833862129656,1294,0.0,0.0,1564,1499.6666666666667,347
postal_code_T3U,0.0,0.0,1530,0.12522545303240143,0.12522545303240143,2248,0.29727064192234015,0.29727064192234015,722,1500.0,1526
postal_code_E6U,0.0,0.0,2657,-0.32376475191011195,0.32376475191011195,569,-0.0671963414231849,0.0671963414231849,1275,1500.3333333333333,2088
postal_code_S8P,0.0,0.0,1875,0.34358443428308166,0.34358443428308166,486,0.0,0.0,2144,1501.6666666666667,1658
postal_code_S2R,0.0,0.0,1614,-0.21255604865544622,0.21255604865544622,1344,0.0,0.0,1548,1502.0,270
postal_code_V7V,0.0,0.0,1361,0.12631628808754417,0.12631628808754417,2231,0.20567709408981363,0.20567709408981363,914,1502.0,1317
postal_code_H4Z,0.0,0.0,2239,-0.23309685155933998,0.23309685155933998,1164,-0.1322142599178117,0.1322142599178117,1106,1503.0,1133
postal_code_V1F,0.0,0.0,1249,0.11247147447046617,0.11247147447046617,2377,0.22020241901295473,0.22020241901295473,883,1503.0,1494
postal_code_N4A,0.0,0.0,1083,-0.3303043450110037,0.3303043450110037,533,0.0,0.0,2893,1503.0,2360
postal_code_J2A,0.0,0.0,3140,-0.3141766196872644,0.3141766196872644,619,-0.27857928534432946,0.27857928534432946,752,1503.6666666666667,2521
postal_code_T8U,0.0,0.0,1167,0.13448290357934423,0.13448290357934423,2137,0.09285165408545068,0.09285165408545068,1208,1504.0,970
postal_code_N7N,0.0,0.0,989,-0.3745740079877124,0.3745740079877124,405,0.0,0.0,3121,1505.0,2716
postal_code_C1E,0.0,0.0,2397,0.3444048643458534,0.3444048643458534,481,0.0,0.0,1638,1505.3333333333333,1916
postal_code_H1W,0.0,0.0,1969,-0.22711118659762022,0.22711118659762022,1220,-0.045421685724478814,0.045421685724478814,1334,1507.6666666666667,749
postal_code_P6T,0.0,0.0,731,-0.12988803440237584,0.12988803440237584,2193,0.0,0.0,1607,1510.3333333333333,1462
postal_code_J4G,0.0,0.0,3205,0.3289953559860764,0.3289953559860764,541,0.2641422180007623,0.2641422180007623,787,1511.0,2664
postal_code_R9Z,0.0,0.0,1557,-0.2070205323879244,0.2070205323879244,1396,0.0,0.0,1582,1511.6666666666667,186
postal_code_G9S,0.0,0.0,1986,-0.22406450731822355,0.22406450731822355,1241,-0.05474760298422673,0.05474760298422673,1308,1511.6666666666667,745
postal_code_K4W,0.0,0.0,3251,0.2987851469779729,0.2987851469779729,705,0.3730509154208088,0.3730509154208088,582,1512.6666666666667,2669
postal_code_T3G,0.0,0.0,1776,-0.19457138373708893,0.19457138373708893,1525,-0.08212823489411238,0.08212823489411238,1238,1513.0,538
postal_code_L2M,0.0,0.0,2707,0.26492259448080907,0.26492259448080907,912,0.2020218743145819,0.2020218743145819,924,1514.3333333333333,1795
postal_code_V7F,0.0,0.0,1370,-0.1752886521762094,0.1752886521762094,1727,-0.009061680495534371,0.009061680495534371,1447,1514.6666666666667,357
postal_code_G9V,0.0,0.0,1989,-0.2055998958557135,0.2055998958557135,1410,-0.11768929006319642,0.11768929006319642,1145,1514.6666666666667,844
postal_code_J5L,0.0,0.0,3056,-0.2828964514820686,0.2828964514820686,805,-0.3206260111508881,0.3206260111508881,683,1514.6666666666667,2373
province_ON,0.0994587936286824,0.0994587936286824,390,0.03652627352611449,0.03652627352611449,3081,0.14299039774066108,0.14299039774066108,1075,1515.3333333333333,2691
postal_code_T4G,0.0,0.0,1290,0.11518374424548626,0.11518374424548626,2351,0.2089333304264102,0.2089333304264102,906,1515.6666666666667,1445
postal_code_A8X,0.0,0.0,1015,-0.1841137425439211,0.1841137425439211,1629,0.0,0.0,1905,1516.3333333333333,890
postal_code_R9A,0.0,0.0,1544,-0.20053872607682496,0.20053872607682496,1457,0.0,0.0,1550,1517.0,93
postal_code_L7T,0.0,0.0,3028,-0.30905900475314846,0.30905900475314846,648,-0.226492313988818,0.226492313988818,876,1517.3333333333333,2380
postal_code_K6J,0.0,0.0,3290,-0.33168669089712616,0.33168669089712616,526,-0.2841058810952624,0.2841058810952624,742,1519.3333333333333,2764
postal_code_G4N,0.0,0.0,2044,0.22333953474876264,0.22333953474876264,1247,0.06814420284364622,0.06814420284364622,1269,1520.0,797
postal_code_B3S,0.0,0.0,2768,0.24972112601495086,0.24972112601495086,1017,0.2687687886075028,0.2687687886075028,777,1520.6666666666667,1991
postal_code_B1S,0.0,0.0,963,-0.2135999285195647,0.2135999285195647,1335,0.0,0.0,2271,1523.0,1308
postal_code_G4O,0.0,0.0,2035,-0.19378441585207534,0.19378441585207534,1535,-0.17210197170373423,0.17210197170373423,1000,1523.3333333333333,1035
postal_code_V5E,0.0,0.0,1508,-0.17338505778041058,0.17338505778041058,1746,-0.051545782698269954,0.051545782698269954,1317,1523.6666666666667,429
postal_code_S9P,0.0,0.0,1759,-0.20863358524667872,0.20863358524667872,1382,-0.013912322035055451,0.013912322035055451,1431,1524.0,377
postal_code_L9R,0.0,0.0,2887,-0.33335182799631796,0.33335182799631796,522,-0.11156142691899026,0.11156142691899026,1164,1524.3333333333333,2365
postal_code_P3D,0.0,0.0,600,0.07702222075582843,0.07702222075582843,2733,0.0792487883456807,0.0792487883456807,1246,1526.3333333333333,2133
postal_code_A7Y,0.0,0.0,586,-0.14416806790172107,0.14416806790172107,2059,0.0,0.0,1934,1526.3333333333333,1473
postal_code_G6A,0.0,0.0,2082,-0.20638653704724624,0.20638653704724624,1402,-0.13637700015304138,0.13637700015304138,1096,1526.6666666666667,986
postal_code_T4T,0.0,0.0,1256,-0.14303358385226145,0.14303358385226145,2068,-0.07085202300678858,0.07085202300678858,1262,1528.6666666666667,812
postal_code_E8Y,0.0,0.0,2504,-0.3086972228880513,0.3086972228880513,651,-0.013758675871322441,0.013758675871322441,1432,1529.0,1853
postal_code_P8I,0.0,0.0,747,0.1284436012905105,0.1284436012905105,2207,0.0,0.0,1634,1529.3333333333333,1460
postal_code_K5I,0.0,0.0,3311,-0.28396679675510783,0.28396679675510783,796,-0.4198712064360475,0.4198712064360475,482,1529.6666666666667,2829
postal_code_R2I,0.0,0.0,610,-0.13189899927017773,0.13189899927017773,2164,0.0,0.0,1815,1529.6666666666667,1554
postal_code_T4D,0.0,0.0,1287,-0.1314537889673134,0.1314537889673134,2177,-0.12400912278096342,0.12400912278096342,1125,1529.6666666666667,1052
postal_code_S2L,0.0,0.0,1608,-0.1987427519998291,0.1987427519998291,1477,0.0,0.0,1505,1530.0,131
postal_code_P9G,0.0,0.0,771,-0.14810036832821907,0.14810036832821907,2025,0.0,0.0,1796,1530.6666666666667,1254
postal_code_K8Y,0.0,0.0,2819,-0.23682714126388624,0.23682714126388624,1126,-0.33510932867665,0.33510932867665,647,1530.6666666666667,2172
postal_code_R2A,0.0,0.0,649,-0.13687483077754226,0.13687483077754226,2121,0.0,0.0,1823,1531.0,1472
postal_code_G8H,0.0,0.0,1940,-0.21476868722296583,0.21476868722296583,1329,-0.04955243245317522,0.04955243245317522,1326,1531.6666666666667,614
postal_code_S9M,0.0,0.0,1756,-0.31261758923606053,0.31261758923606053,627,0.0,0.0,2218,1533.6666666666667,1591
postal_code_L1U,0.0,0.0,2690,-0.2621822974642535,0.2621822974642535,927,-0.17634008156011513,0.17634008156011513,985,1534.0,1763
postal_code_P6S,0.0,0.0,730,-0.1234634148422124,0.1234634148422124,2265,0.0,0.0,1608,1534.3333333333333,1535
postal_code_G1C,0.0,0.0,2478,0.2508094664087198,0.2508094664087198,1012,0.12878681609259388,0.12878681609259388,1114,1534.6666666666667,1466
postal_code_K9N,0.0,0.0,2847,-0.2755187596739773,0.2755187596739773,851,-0.2067812190193622,0.2067812190193622,910,1536.0,1996
postal_code_B7E,0.0,0.0,1910,-0.23351342863904292,0.23351342863904292,1158,0.0,0.0,1542,1536.6666666666667,752
postal_code_R9O,0.0,0.0,1568,-0.19390819147991079,0.19390819147991079,1533,0.0,0.0,1510,1537.0,58
postal_code_A4W,0.0,0.0,1291,-0.2183248506138292,0.2183248506138292,1297,0.0,0.0,2028,1538.6666666666667,737
postal_code_M1D,0.0,0.0,2898,-0.270940699425246,0.270940699425246,880,-0.2431984598241012,0.2431984598241012,839,1539.0,2059
postal_code_G2D,0.0,0.0,2553,-0.22726247592047671,0.22726247592047671,1217,-0.24013832529901447,0.24013832529901447,848,1539.3333333333333,1705
postal_code_P2K,0.0,0.0,536,-0.25075432091540517,0.25075432091540517,1013,0.0,0.0,3073,1540.6666666666667,2537
postal_code_G6P,0.0,0.0,2050,0.19166356609362617,0.19166356609362617,1558,0.16571517124519536,0.16571517124519536,1014,1540.6666666666667,1036
postal_code_T8I,0.0,0.0,1203,-0.19813495554032923,0.19813495554032923,1485,0.0,0.0,1946,1544.6666666666667,743
postal_code_M9A,0.0,0.0,802,-0.27559493680518654,0.27559493680518654,850,0.0,0.0,2983,1545.0,2181
postal_code_C1B,0.0,0.0,2396,-0.3167094126389717,0.3167094126389717,606,0.0,0.0,1637,1546.3333333333333,1790
postal_code_B8M,0.0,0.0,2410,-0.34014754262327246,0.34014754262327246,503,0.0,0.0,1730,1547.6666666666667,1907
postal_code_S2V,0.0,0.0,1618,-0.2303641673216145,0.2303641673216145,1193,0.0,0.0,1833,1548.0,640
postal_code_P7U,0.0,0.0,710,-0.12088712580260344,0.12088712580260344,2287,0.0,0.0,1647,1548.0,1577
postal_code_L3K,0.0,0.0,2682,-0.3277960586241404,0.3277960586241404,544,-0.017450631751630124,0.017450631751630124,1420,1548.6666666666667,2138
postal_code_S7Y,0.0,0.0,1879,-0.303412336253921,0.303412336253921,677,0.0,0.0,2094,1550.0,1417
postal_code_A1R,0.0,0.0,1374,-0.22246709591727462,0.22246709591727462,1259,0.0,0.0,2019,1550.6666666666667,760
postal_code_H9Q,0.0,0.0,2663,-0.25738366984123984,0.25738366984123984,960,-0.15756957245221115,0.15756957245221115,1032,1551.6666666666667,1703
postal_code_J7R,0.0,0.0,3093,0.3922268869171223,0.3922268869171223,369,0.09809275795205835,0.09809275795205835,1195,1552.3333333333333,2724
postal_code_R1T,0.0,0.0,643,-0.13036417406679504,0.13036417406679504,2187,0.0,0.0,1829,1553.0,1544
postal_code_R3N,0.0,0.0,686,-0.12519336567930234,0.12519336567930234,2249,0.0,0.0,1727,1554.0,1563
postal_code_L4R,0.0,0.0,2715,0.28812777221721897,0.28812777221721897,767,0.10305322224590255,0.10305322224590255,1183,1555.0,1948
postal_code_V9X,0.0,0.0,1404,0.1243485075794062,0.1243485075794062,2258,0.1711840651050459,0.1711840651050459,1003,1555.0,1255
postal_code_R4C,0.0,0.0,680,-0.1230858120765429,0.1230858120765429,2267,0.0,0.0,1719,1555.3333333333333,1587
postal_code_V5V,0.0,0.0,1501,-0.13896601969666786,0.13896601969666786,2099,-0.1443577311395342,0.1443577311395342,1070,1556.6666666666667,1029
postal_code_L5I,0.0,0.0,2732,0.3169917874558063,0.3169917874558063,603,0.04515036182880906,0.04515036182880906,1336,1557.0,2129
province_PE,-0.06096393409385191,0.06096393409385191,408,-0.03550103994125201,0.03550103994125201,3095,-0.10622768812166015,0.10622768812166015,1174,1559.0,2687
postal_code_R1S,0.0,0.0,642,-0.1284028929634171,0.1284028929634171,2208,0.0,0.0,1830,1560.0,1566
postal_code_H6N,0.0,0.0,2133,0.2117133078479495,0.2117133078479495,1352,0.09758556121482345,0.09758556121482345,1197,1560.6666666666667,936
postal_code_T3K,0.0,0.0,1780,-0.18886073393129044,0.18886073393129044,1580,-0.050082982102608115,0.050082982102608115,1324,1561.3333333333333,456
postal_code_V7W,0.0,0.0,1362,-0.12204005293072075,0.12204005293072075,2275,-0.15231936877431468,0.15231936877431468,1050,1562.3333333333333,1225
postal_code_B7I,0.0,0.0,2051,0.24525480388812249,0.24525480388812249,1052,0.0,0.0,1585,1562.6666666666667,999
postal_code_B2S,0.0,0.0,3018,0.27196808925184207,0.27196808925184207,876,0.25832523718919437,0.25832523718919437,805,1566.3333333333333,2213
postal_code_J7F,0.0,0.0,3116,-0.2484774537389836,0.2484774537389836,1029,-0.3873257007138182,0.3873257007138182,555,1566.6666666666667,2561
postal_code_J7Y,0.0,0.0,3109,0.29103228399824693,0.29103228399824693,748,0.24020165286621512,0.24020165286621512,847,1568.0,2361
postal_code_B1A,0.0,0.0,812,0.16775061074479977,0.16775061074479977,1801,0.0,0.0,2092,1568.3333333333333,1280
postal_code_A2Y,0.0,0.0,1227,-0.20159991853472964,0.20159991853472964,1453,0.0,0.0,2027,1569.0,800
postal_code_L6C,0.0,0.0,2986,0.3234268283231764,0.3234268283231764,573,0.11515296256009264,0.11515296256009264,1151,1570.0,2413
postal_code_V9L,0.0,0.0,1414,0.13187872576906046,0.13187872576906046,2166,0.12132977383965553,0.12132977383965553,1133,1571.0,1033
province_BC,0.07162223042753958,0.07162223042753958,402,0.028764038608752603,0.028764038608752603,3154,0.11335477049856517,0.11335477049856517,1158,1571.3333333333333,2752
vehicle_brand_Hyundai,-0.13661404377321548,0.13661404377321548,367,-0.022980952187428662,0.022980952187428662,3202,-0.11756154412736426,0.11756154412736426,1146,1571.6666666666667,2835
postal_code_K7H,0.0,0.0,2791,-0.25728178104330934,0.25728178104330934,963,-0.18509963886964434,0.18509963886964434,962,1572.0,1829
postal_code_V1Z,0.0,0.0,1221,0.11852940179827866,0.11852940179827866,2310,0.09991619054147366,0.09991619054147366,1188,1573.0,1122
postal_code_A4K,0.0,0.0,1335,0.2170424922663475,0.2170424922663475,1307,0.0,0.0,2079,1573.6666666666667,772
postal_code_K4Y,0.0,0.0,3253,-0.30345074739797806,0.30345074739797806,676,-0.26129487868972,0.26129487868972,796,1575.0,2577
province_QC,0.04921347680824721,0.04921347680824721,420,0.0341389832126871,0.0341389832126871,3105,0.0971742385616479,0.0971742385616479,1201,1575.3333333333333,2685
postal_code_H7Y,0.0,0.0,2170,-0.22635274012249448,0.22635274012249448,1226,-0.046747672725851015,0.046747672725851015,1331,1575.6666666666667,944
postal_code_A1M,0.0,0.0,1363,-0.21193528398869388,0.21193528398869388,1350,0.0,0.0,2016,1576.3333333333333,666
postal_code_R2N,0.0,0.0,614,-0.1187606978216341,0.1187606978216341,2307,0.0,0.0,1810,1577.0,1693
postal_code_M1C,0.0,0.0,2897,0.29241510229213236,0.29241510229213236,738,0.13600559413648997,0.13600559413648997,1098,1577.6666666666667,2159
postal_code_P7J,0.0,0.0,727,-0.10893898709801349,0.10893898709801349,2414,0.0,0.0,1594,1578.3333333333333,1687
postal_code_G2O,0.0,0.0,2564,-0.24579004680979386,0.24579004680979386,1048,-0.12623266528446261,0.12623266528446261,1124,1578.6666666666667,1516
postal_code_P3Q,0.0,0.0,567,-0.10076322992668862,0.10076322992668862,2496,0.0,0.0,1674,1579.0,1929
postal_code_K7J,0.0,0.0,2793,-0.2281875875862352,0.2281875875862352,1208,-0.28422110764881575,0.28422110764881575,741,1580.6666666666667,2052
postal_code_G5C,0.0,0.0,2010,0.2000566763296679,0.2000566763296679,1464,0.06851551797490109,0.06851551797490109,1268,1580.6666666666667,742
postal_code_P8U,0.0,0.0,782,-0.11652620201481367,0.11652620201481367,2336,0.0,0.0,1625,1581.0,1554
postal_code_C9P,0.0,0.0,2359,0.25303750851692414,0.25303750851692414,994,0.028449557286362257,0.028449557286362257,1391,1581.3333333333333,1365
postal_code_P5K,0.0,0.0,498,-0.09540013068784133,0.09540013068784133,2548,0.0,0.0,1698,1581.3333333333333,2050
postal_code_M3Z,0.0,0.0,2923,-0.23934554781654382,0.23934554781654382,1109,-0.3025761832281119,0.3025761832281119,712,1581.3333333333333,2211
postal_code_V5X,0.0,0.0,1503,-0.10810018348021418,0.10810018348021418,2425,-0.25129869031812074,0.25129869031812074,821,1583.0,1604
postal_code_B6W,0.0,0.0,2201,-0.19659803252797853,0.19659803252797853,1503,-0.15352675448122438,0.15352675448122438,1046,1583.3333333333333,1155
postal_code_T2F,0.0,0.0,1798,0.17251146447543156,0.17251146447543156,1752,0.09643782007530467,0.09643782007530467,1203,1584.3333333333333,595
postal_code_M2G,0.0,0.0,2901,-0.3530596709021276,0.3530596709021276,456,-0.023557774976921346,0.023557774976921346,1396,1584.3333333333333,2445
postal_code_S9H,0.0,0.0,1751,-0.2723731221002749,0.2723731221002749,872,0.0,0.0,2130,1584.3333333333333,1258
postal_code_S2B,0.0,0.0,1553,-0.1793655674965053,0.1793655674965053,1686,0.0,0.0,1516,1585.0,170
postal_code_S9E,0.0,0.0,1749,-0.27202411439054036,0.27202411439054036,875,0.0,0.0,2132,1585.3333333333333,1257
postal_code_P8J,0.0,0.0,748,-0.11102265263724845,0.11102265263724845,2388,0.0,0.0,1621,1585.6666666666667,1640
postal_code_B9V,0.0,0.0,2380,-0.2897779566945441,0.2897779566945441,755,0.0,0.0,1623,1586.0,1625
postal_code_N9F,0.0,0.0,1032,-0.31017342610569776,0.31017342610569776,644,0.0,0.0,3086,1587.3333333333333,2442
vehicle_brand_Chevrolet,0.083960770770727,0.083960770770727,398,0.025149842747666268,0.025149842747666268,3186,0.10463763905050412,0.10463763905050412,1178,1587.3333333333333,2788
postal_code_P1M,0.0,0.0,558,-0.2311844363739918,0.2311844363739918,1180,0.0,0.0,3028,1588.6666666666667,2470
postal_code_L3G,0.0,0.0,2679,-0.20865585207030354,0.20865585207030354,1381,-0.30948488016872516,0.30948488016872516,706,1588.6666666666667,1973
postal_code_J4F,0.0,0.0,3204,-0.261291982815513,0.261291982815513,935,-0.3463304180333086,0.3463304180333086,628,1589.0,2576
postal_code_N7K,0.0,0.0,986,-0.3012337316623557,0.3012337316623557,691,0.0,0.0,3090,1589.0,2399
postal_code_P6M,0.0,0.0,473,0.0825975158278239,0.0825975158278239,2683,0.0,0.0,1613,1589.6666666666667,2210
postal_code_L7B,0.0,0.0,2963,-0.25857375862453885,0.25857375862453885,953,-0.23834459224427945,0.23834459224427945,854,1590.0,2109
postal_code_R8S,0.0,0.0,1687,-0.19217392045025666,0.19217392045025666,1548,0.0,0.0,1537,1590.6666666666667,150
vehicle_brand_BMW,-0.1343668891347942,0.1343668891347942,368,-0.016533759927837254,0.016533759927837254,3258,-0.11718093803091037,0.11718093803091037,1148,1591.3333333333333,2890
postal_code_G6L,0.0,0.0,2071,0.18486249955143919,0.18486249955143919,1616,0.138318687036952,0.138318687036952,1089,1592.0,982
vehicle_value,-0.11605735436378939,0.11605735436378939,375,-0.016344607461531505,0.016344607461531505,3261,-0.11963498190854518,0.11963498190854518,1141,1592.3333333333333,2886
postal_code_K1B,0.0,0.0,3349,-0.2864000227819612,0.2864000227819612,780,-0.33426923490502847,0.33426923490502847,650,1593.0,2699
postal_code_J5F,0.0,0.0,3086,-0.25963878825624925,0.25963878825624925,944,-0.2792632647431337,0.2792632647431337,750,1593.3333333333333,2336
postal_code_N6A,0.0,0.0,1135,0.3127687057348053,0.3127687057348053,625,0.0,0.0,3021,1593.6666666666667,2396
postal_code_G9C,0.0,0.0,1922,0.18306394211116067,0.18306394211116067,1646,0.09086962848831902,0.09086962848831902,1214,1594.0,708
postal_code_R4T,0.0,0.0,669,-0.11554539586045953,0.11554539586045953,2348,0.0,0.0,1766,1594.3333333333333,1679
postal_code_R1P,0.0,0.0,640,-0.11564969688265793,0.11564969688265793,2347,0.0,0.0,1803,1596.6666666666667,1707
postal_code_R9U,0.0,0.0,1574,-0.18304435315147516,0.18304435315147516,1647,0.0,0.0,1574,1598.3333333333333,73
postal_code_L8D,0.0,0.0,3038,0.2406468268495061,0.2406468268495061,1097,0.3297416348482015,0.3297416348482015,662,1599.0,2376
postal_code_H5C,0.0,0.0,2242,-0.16606019342761486,0.16606019342761486,1817,-0.28308952569518747,0.28308952569518747,743,1600.6666666666667,1499
postal_code_K5S,0.0,0.0,3321,0.3132989304464336,0.3132989304464336,624,0.2376254533599698,0.2376254533599698,859,1601.3333333333333,2697
postal_code_M2W,0.0,0.0,2941,0.2258973834727779,0.2258973834727779,1227,0.33720395329377034,0.33720395329377034,644,1604.0,2297
postal_code_L1M,0.0,0.0,2825,-0.2684534020873225,0.2684534020873225,895,-0.13706924131442016,0.13706924131442016,1093,1604.3333333333333,1930
postal_code_T1Z,0.0,0.0,1792,-0.13842056025342092,0.13842056025342092,2106,-0.2033011788978329,0.2033011788978329,920,1606.0,1186
postal_code_V9U,0.0,0.0,1402,-0.1347525390942683,0.1347525390942683,2134,-0.06195945106347711,0.06195945106347711,1283,1606.3333333333333,851
postal_code_S1Z,0.0,0.0,1551,-0.17900532484856022,0.17900532484856022,1689,0.0,0.0,1579,1606.3333333333333,138
postal_code_V2A,0.0,0.0,1222,-0.17097178527889167,0.17097178527889167,1765,0.0,0.0,1837,1608.0,615
vehicle_brand_Ford,-0.11965218393729,0.11965218393729,373,-0.01628024353368362,0.01628024353368362,3263,-0.09988654130721426,0.09988654130721426,1189,1608.3333333333333,2890
postal_code_L1Y,0.0,0.0,2694,0.23444447700678991,0.23444447700678991,1148,0.1776102112341981,0.1776102112341981,983,1608.3333333333333,1711
postal_code_L1X,0.0,0.0,2693,-0.23678064851729627,0.23678064851729627,1128,-0.16957124526358705,0.16957124526358705,1008,1609.6666666666667,1685
postal_code_V1V,0.0,0.0,1217,-0.17021468528645445,0.17021468528645445,1772,0.0,0.0,1840,1609.6666666666667,623
postal_code_S2N,0.0,0.0,1610,0.16889651901194297,0.16889651901194297,1790,0.01480677336829249,0.01480677336829249,1429,1609.6666666666667,361
postal_code_B8G,0.0,0.0,2907,0.5065684357999582,0.5065684357999582,206,0.0,0.0,1717,1610.0,2701
postal_code_E6F,0.0,0.0,2645,0.2813517999497799,0.2813517999497799,817,0.034468121884415316,0.034468121884415316,1370,1610.6666666666667,1828
postal_code_S7E,0.0,0.0,1887,-0.27769673552459523,0.27769673552459523,834,0.0,0.0,2111,1610.6666666666667,1277
postal_code_A8J,0.0,0.0,1042,0.1636630844779915,0.1636630844779915,1840,0.0,0.0,1952,1611.3333333333333,910
postal_code_R4Q,0.0,0.0,656,-0.10927407570722285,0.10927407570722285,2410,0.0,0.0,1769,1611.6666666666667,1754
postal_code_L6H,0.0,0.0,2991,0.2813545813715268,0.2813545813715268,815,0.15822935566326965,0.15822935566326965,1029,1611.6666666666667,2176
postal_code_J8Z,0.0,0.0,3371,-0.30495539169529173,0.30495539169529173,664,-0.2590697073054429,0.2590697073054429,802,1612.3333333333333,2707
postal_code_V6Y,0.0,0.0,1386,-0.12677104189644464,0.12677104189644464,2227,-0.08661218724838375,0.08661218724838375,1227,1613.3333333333333,1000
postal_code_S2A,0.0,0.0,1552,-0.1758304450823132,0.1758304450823132,1722,0.0,0.0,1568,1614.0,170
postal_code_H7B,0.0,0.0,2099,0.20451478454240055,0.20451478454240055,1423,0.05101396330135535,0.05101396330135535,1320,1614.0,779
postal_code_P7W,0.0,0.0,712,-0.1019394607601986,0.1019394607601986,2485,0.0,0.0,1645,1614.0,1773
postal_code_J9N,0.0,0.0,3337,-0.3041867777891414,0.3041867777891414,671,-0.24396639948918208,0.24396639948918208,836,1614.6666666666667,2666
postal_code_L2Y,0.0,0.0,2671,-0.20660783388810197,0.20660783388810197,1399,-0.2671104049776389,0.2671104049776389,782,1617.3333333333333,1889
postal_code_J8F,0.0,0.0,3139,-0.2376592783444547,0.2376592783444547,1119,-0.3649807745757409,0.3649807745757409,594,1617.3333333333333,2545
postal_code_E1Z,0.0,0.0,2354,0.23242493190777055,0.23242493190777055,1168,0.04584474865329625,0.04584474865329625,1333,1618.3333333333333,1186
postal_code_M1M,0.0,0.0,2858,-0.24283823187111955,0.24283823187111955,1079,-0.20398395149628595,0.20398395149628595,919,1618.6666666666667,1939
province_NL,-0.054267276184246406,0.054267276184246406,416,-0.025948338341216678,0.025948338341216678,3178,-0.07080433114766128,0.07080433114766128,1263,1619.0,2762
postal_code_H4F,0.0,0.0,2266,0.20382167871017273,0.20382167871017273,1430,0.11218657207559575,0.11218657207559575,1161,1619.0,1105
postal_code_A6P,0.0,0.0,754,-0.12305374346790884,0.12305374346790884,2268,0.0,0.0,1836,1619.3333333333333,1514
postal_code_T8Q,0.0,0.0,1164,0.10451181319306806,0.10451181319306806,2465,0.08504425364686047,0.08504425364686047,1229,1619.3333333333333,1301
postal_code_A3J,0.0,0.0,1206,-0.1875721804690635,0.1875721804690635,1586,0.0,0.0,2067,1619.6666666666667,861
postal_code_M2B,0.0,0.0,2872,-0.3023112712874385,0.3023112712874385,685,-0.055635959700667634,0.055635959700667634,1303,1620.0,2187
vehicle_brand_Honda,0.04259655136581438,0.04259655136581438,425,0.025693528751267396,0.025693528751267396,3181,0.07452365441263359,0.07452365441263359,1255,1620.3333333333333,2756
postal_code_P9F,0.0,0.0,773,-0.1205621732133379,0.1205621732133379,2292,0.0,0.0,1797,1620.6666666666667,1519
postal_code_P6A,0.0,0.0,485,0.08154350371360572,0.08154350371360572,2693,0.0,0.0,1684,1620.6666666666667,2208
postal_code_P7X,0.0,0.0,703,-0.09892828007676133,0.09892828007676133,2516,0.0,0.0,1644,1621.0,1813
postal_code_J6F,0.0,0.0,3064,-0.2522286663254725,0.2522286663254725,1002,-0.25860094056696714,0.25860094056696714,804,1623.3333333333333,2260
postal_code_B9H,0.0,0.0,2391,0.3008327624714851,0.3008327624714851,693,0.0,0.0,1787,1623.6666666666667,1698
postal_code_T8M,0.0,0.0,1183,0.11155285744729247,0.11155285744729247,2380,0.05287079882256736,0.05287079882256736,1313,1625.3333333333333,1197
postal_code_S8Y,0.0,0.0,1745,0.25248488622313,0.25248488622313,998,0.0,0.0,2135,1626.0,1137
postal_code_H8G,0.0,0.0,2178,-0.20138216654664468,0.20138216654664468,1454,-0.07816758876653566,0.07816758876653566,1249,1627.0,929
vehicle_brand_Mercedes,-0.0859080151808407,0.0859080151808407,396,-0.020316096084491794,0.020316096084491794,3234,-0.07652469599251334,0.07652469599251334,1252,1627.3333333333333,2838
postal_code_C3S,0.0,0.0,2433,-0.2915961923095145,0.2915961923095145,742,0.0,0.0,1707,1627.3333333333333,1691
postal_code_R4V,0.0,0.0,671,-0.10662379779152135,0.10662379779152135,2448,0.0,0.0,1764,1627.6666666666667,1777
postal_code_K9B,0.0,0.0,2835,0.2429847579634992,0.2429847579634992,1078,0.18115852728828633,0.18115852728828633,972,1628.3333333333333,1863
postal_code_P3F,0.0,0.0,602,-0.15645481262983948,0.15645481262983948,1936,0.0,0.0,2348,1628.6666666666667,1746
postal_code_L9I,0.0,0.0,2878,-0.27787531358141465,0.27787531358141465,833,-0.10620595042517217,0.10620595042517217,1175,1628.6666666666667,2045
postal_code_M2N,0.0,0.0,2932,-0.2573109707783354,0.2573109707783354,962,-0.17416665435279743,0.17416665435279743,993,1629.0,1970
postal_code_T9L,0.0,0.0,1207,-0.1737514207644722,0.1737514207644722,1743,0.0,0.0,1937,1629.0,730
postal_code_R7F,0.0,0.0,1700,-0.18320282931322518,0.18320282931322518,1644,0.0,0.0,1549,1631.0,151
postal_code_T6D,0.0,0.0,1336,0.13454194041628506,0.13454194041628506,2136,0.017223800853042374,0.017223800853042374,1422,1631.3333333333333,800
postal_code_V7L,0.0,0.0,1351,0.12856078261495604,0.12856078261495604,2206,0.04423909532250807,0.04423909532250807,1339,1632.0,867
postal_code_M8T,0.0,0.0,816,0.2618593812065376,0.2618593812065376,929,0.0,0.0,3154,1633.0,2338
vehicle_brand_Toyota,-0.10020241567708572,0.10020241567708572,389,-0.014017731603004954,0.014017731603004954,3287,-0.08776056247610017,0.08776056247610017,1224,1633.3333333333333,2898
postal_code_G4D,0.0,0.0,2024,-0.19584186016242336,0.19584186016242336,1510,-0.03558224974416126,0.03558224974416126,1368,1634.0,656
postal_code_V2H,0.0,0.0,1253,-0.12608791899494623,0.12608791899494623,2237,-0.018692362779388946,0.018692362779388946,1414,1634.6666666666667,984
postal_code_K7K,0.0,0.0,2784,-0.2665694245157654,0.2665694245157654,901,-0.08868336038720898,0.08868336038720898,1219,1634.6666666666667,1883
postal_code_B8L,0.0,0.0,2409,-0.2879644034640324,0.2879644034640324,769,0.0,0.0,1729,1635.6666666666667,1640
postal_code_G6T,0.0,0.0,2054,-0.20364930751316468,0.20364930751316468,1432,-0.017424980779576976,0.017424980779576976,1421,1635.6666666666667,633
postal_code_M3M,0.0,0.0,2910,-0.23824506339131954,0.23824506339131954,1117,-0.21886576059818208,0.21886576059818208,884,1637.0,2026
postal_code_L3E,0.0,0.0,2677,-0.28369001420012446,0.28369001420012446,799,-0.009569084777306934,0.009569084777306934,1444,1640.0,1878
postal_code_J1X,0.0,0.0,3148,-0.25831674523770554,0.25831674523770554,956,-0.2512970344505214,0.2512970344505214,822,1642.0,2326
postal_code_R5J,0.0,0.0,1654,-0.15122620048734753,0.15122620048734753,1996,-0.06595542538374524,0.06595542538374524,1279,1643.0,717
postal_code_E4M,0.0,0.0,2614,0.27444732984457226,0.27444732984457226,860,0.006027442739429229,0.006027442739429229,1455,1643.0,1754
postal_code_R6I,0.0,0.0,1632,-0.1663785964635602,0.1663785964635602,1812,0.0,0.0,1489,1644.3333333333333,323
postal_code_J2Q,0.0,0.0,3199,0.2651532948975173,0.2651532948975173,909,0.24927758527661065,0.24927758527661065,828,1645.3333333333333,2371
postal_code_T9V,0.0,0.0,1239,-0.09342547404904532,0.09342547404904532,2570,-0.12133951742281232,0.12133951742281232,1132,1647.0,1438
postal_code_A9Q,0.0,0.0,855,-0.13177812305471878,0.13177812305471878,2169,0.0,0.0,1919,1647.6666666666667,1314
postal_code_S6V,0.0,0.0,1858,-0.2563551563401117,0.2563551563401117,970,0.0,0.0,2116,1648.0,1146
postal_code_L5U,0.0,0.0,2980,-0.3191574661776471,0.3191574661776471,593,-0.03385580597808873,0.03385580597808873,1372,1648.3333333333333,2387
postal_code_A2D,0.0,0.0,1509,-0.1994814786745172,0.1994814786745172,1470,0.0,0.0,1967,1648.6666666666667,497
postal_code_V8K,0.0,0.0,1422,-0.13143248666282145,0.13143248666282145,2178,-0.040571570493556586,0.040571570493556586,1347,1649.0,831
postal_code_P8T,0.0,0.0,781,-0.09627085400708735,0.09627085400708735,2541,0.0,0.0,1626,1649.3333333333333,1760
postal_code_R5V,0.0,0.0,1666,-0.18916717909019992,0.18916717909019992,1575,0.0,0.0,1711,1650.6666666666667,136
postal_code_P8A,0.0,0.0,716,-0.09131571265492623,0.09131571265492623,2597,0.0,0.0,1641,1651.3333333333333,1881
postal_code_A7X,0.0,0.0,569,-0.10606520187889541,0.10606520187889541,2452,0.0,0.0,1933,1651.3333333333333,1883
postal_code_G2Y,0.0,0.0,2527,0.20195896687053905,0.20195896687053905,1449,0.17768417171659864,0.17768417171659864,982,1652.6666666666667,1545
postal_code_K7B,0.0,0.0,2785,-0.2452719350787375,0.2452719350787375,1051,-0.12331544589791998,0.12331544589791998,1126,1654.0,1734
postal_code_K7Z,0.0,0.0,2781,0.24408606456120946,0.24408606456120946,1067,0.12785544650032166,0.12785544650032166,1117,1655.0,1714
postal_code_T7L,0.0,0.0,1265,0.12351036226111206,0.12351036226111206,2264,0.011828421398277455,0.011828421398277455,1437,1655.3333333333333,999
postal_code_B6S,0.0,0.0,2202,-0.2192619963828652,0.2192619963828652,1290,0.0,0.0,1476,1656.0,912
postal_code_H6Z,0.0,0.0,2097,0.2045546938970911,0.2045546938970911,1422,0.006075011831990499,0.006075011831990499,1454,1657.6666666666667,675
postal_code_S8O,0.0,0.0,1874,-0.2585446408732796,0.2585446408732796,954,0.0,0.0,2145,1657.6666666666667,1191
postal_code_A4Y,0.0,0.0,1718,-0.22806111586472383,0.22806111586472383,1209,0.0,0.0,2050,1659.0,841
postal_code_J9W,0.0,0.0,3344,-0.25503095702762457,0.25503095702762457,982,-0.3342019774307227,0.3342019774307227,651,1659.0,2693
postal_code_R4O,0.0,0.0,664,0.0933305406722469,0.0933305406722469,2572,0.0,0.0,1742,1659.3333333333333,1908
postal_code_P1N,0.0,0.0,559,-0.2071339856634066,0.2071339856634066,1395,0.0,0.0,3027,1660.3333333333333,2468
postal_code_J2J,0.0,0.0,3158,0.3240256480809632,0.3240256480809632,567,0.07362833845132076,0.07362833845132076,1256,1660.3333333333333,2591
postal_code_L8P,0.0,0.0,3003,-0.3052243624236254,0.3052243624236254,663,-0.050969540210550016,0.050969540210550016,1321,1662.3333333333333,2340
postal_code_P6I,0.0,0.0,482,0.0592484752934874,0.0592484752934874,2889,0.0,0.0,1616,1662.3333333333333,2407
postal_code_J9B,0.0,0.0,3373,-0.2996378733217992,0.2996378733217992,701,-0.2055814674838573,0.2055814674838573,915,1663.0,2672
postal_code_R1R,0.0,0.0,641,0.09702447529627883,0.09702447529627883,2532,0.0,0.0,1818,1663.6666666666667,1891
postal_code_S8C,0.0,0.0,1863,-0.251460353081641,0.251460353081641,1006,0.0,0.0,2123,1664.0,1117
postal_code_A7J,0.0,0.0,511,-0.08831444508531595,0.08831444508531595,2623,0.0,0.0,1860,1664.6666666666667,2112
postal_code_T6M,0.0,0.0,1322,-0.11865416982529287,0.11865416982529287,2309,-0.03613787004273097,0.03613787004273097,1364,1665.0,987
postal_code_L6Y,0.0,0.0,2950,-0.20774453310351207,0.20774453310351207,1390,-0.33284018015801997,0.33284018015801997,655,1665.0,2295
postal_code_R6S,0.0,0.0,1642,-0.1680518673596671,0.1680518673596671,1796,0.0,0.0,1560,1666.0,236
postal_code_P7P,0.0,0.0,706,0.08325913405269376,0.08325913405269376,2676,0.0,0.0,1618,1666.6666666666667,1970
postal_code_G1H,0.0,0.0,2483,-0.2079479856200342,0.2079479856200342,1386,-0.12140356177994172,0.12140356177994172,1131,1666.6666666666667,1352
postal_code_B1Z,0.0,0.0,922,-0.16773371015209002,0.16773371015209002,1802,0.0,0.0,2278,1667.3333333333333,1356
postal_code_L6J,0.0,0.0,2993,-0.23877596669001533,0.23877596669001533,1115,-0.21511794126911812,0.21511794126911812,895,1667.6666666666667,2098
postal_code_J3R,0.0,0.0,3191,-0.2747595956487039,0.2747595956487039,858,-0.18931791528611722,0.18931791528611722,956,1668.3333333333333,2333
postal_code_P5X,0.0,0.0,497,-0.06555734463894258,0.06555734463894258,2821,0.0,0.0,1687,1668.3333333333333,2324
postal_code_G2M,0.0,0.0,2562,0.1699115680146685,0.1699115680146685,1776,0.3249766734350321,0.3249766734350321,671,1669.6666666666667,1891
postal_code_P7B,0.0,0.0,739,0.08348492148288805,0.08348492148288805,2671,0.0,0.0,1600,1670.0,1932
postal_code_G1B,0.0,0.0,2477,-0.23433333042993895,0.23433333042993895,1149,-0.030952645789998536,0.030952645789998536,1384,1670.0,1328
postal_code_H1N,0.0,0.0,1960,-0.18020444955927836,0.18020444955927836,1678,-0.03366033420620109,0.03366033420620109,1373,1670.3333333333333,587
postal_code_E6M,0.0,0.0,2652,0.21593996308404223,0.21593996308404223,1321,0.15529184588592404,0.15529184588592404,1038,1670.3333333333333,1614
postal_code_A8H,0.0,0.0,543,-0.09845464462881692,0.09845464462881692,2519,0.0,0.0,1950,1670.6666666666667,1976
postal_code_G7M,0.0,0.0,1997,-0.3192669655413711,0.3192669655413711,592,0.0,0.0,2427,1672.0,1835
postal_code_R3O,0.0,0.0,687,-0.09069210999947365,0.09069210999947365,2603,0.0,0.0,1726,1672.0,1916
postal_code_L8O,0.0,0.0,3002,-0.23030727531089204,0.23030727531089204,1194,-0.2511286490737195,0.2511286490737195,823,1673.0,2179
postal_code_B3X,0.0,0.0,3291,0.2890900076047563,0.2890900076047563,761,0.18117059887046155,0.18117059887046155,971,1674.3333333333333,2530
postal_code_J1I,0.0,0.0,3181,-0.2591899401220266,0.2591899401220266,950,-0.2152906506472137,0.2152906506472137,893,1674.6666666666667,2288
postal_code_B1E,0.0,0.0,824,-0.15539208911607091,0.15539208911607091,1944,0.0,0.0,2258,1675.3333333333333,1434
postal_code_G3D,0.0,0.0,2531,-0.24814921556794922,0.24814921556794922,1034,-0.002221583654592438,0.002221583654592438,1462,1675.6666666666667,1497
postal_code_V5F,0.0,0.0,1487,0.12927727656759289,0.12927727656759289,2200,0.0422758245452834,0.0422758245452834,1341,1676.0,859
postal_code_P3R,0.0,0.0,568,-0.06955398206951852,0.06955398206951852,2787,0.0,0.0,1673,1676.0,2219
postal_code_R1G,0.0,0.0,701,-0.09531441308031838,0.09531441308031838,2550,0.0,0.0,1778,1676.3333333333333,1849
postal_code_E7Y,0.0,0.0,2632,-0.2306843604359701,0.2306843604359701,1187,-0.09274571182635596,0.09274571182635596,1210,1676.3333333333333,1445
postal_code_J6T,0.0,0.0,3126,-0.2575249370330664,0.2575249370330664,958,-0.19248731565660443,0.19248731565660443,947,1677.0,2179
postal_code_R6O,0.0,0.0,1638,-0.15818480762176046,0.15818480762176046,1909,0.0,0.0,1485,1677.3333333333333,424
province_AB,-0.10209823290542414,0.10209823290542414,384,-0.0075553374425031215,0.0075553374425031215,3355,-0.05638727237726622,0.05638727237726622,1300,1679.6666666666667,2971
postal_code_H4B,0.0,0.0,2249,-0.17591555168710618,0.17591555168710618,1719,-0.14383478478333275,0.14383478478333275,1072,1680.0,1177
postal_code_S2D,0.0,0.0,1578,-0.1562850104312685,0.1562850104312685,1937,0.0,0.0,1536,1683.6666666666667,401
postal_code_P1X,0.0,0.0,523,-0.2030733041072329,0.2030733041072329,1444,0.0,0.0,3084,1683.6666666666667,2561
postal_code_P2A,0.0,0.0,526,-0.20264865195616386,0.20264865195616386,1445,0.0,0.0,3082,1684.3333333333333,2556
postal_code_V3F,0.0,0.0,1463,-0.17617051419470925,0.17617051419470925,1717,0.0,0.0,1875,1685.0,412
postal_code_R5L,0.0,0.0,1656,-0.18265419491877224,0.18265419491877224,1651,0.0,0.0,1751,1686.0,100
postal_code_A9X,0.0,0.0,868,-0.12286696553097422,0.12286696553097422,2271,0.0,0.0,1927,1688.6666666666667,1403
postal_code_J8L,0.0,0.0,3358,-0.24265822856265967,0.24265822856265967,1080,-0.34573160587005347,0.34573160587005347,630,1689.3333333333333,2728
postal_code_S8Q,0.0,0.0,1876,-0.24560802242852103,0.24560802242852103,1049,0.0,0.0,2143,1689.3333333333333,1094
postal_code_J8M,0.0,0.0,3359,-0.2594343422342929,0.2594343422342929,947,-0.2734587234847088,0.2734587234847088,763,1689.6666666666667,2596
postal_code_M2T,0.0,0.0,2938,0.23490021369636824,0.23490021369636824,1145,0.17580401908194263,0.17580401908194263,987,1690.0,1951
postal_code_P4K,0.0,0.0,517,0.058056277001026564,0.058056277001026564,2896,0.0,0.0,1658,1690.3333333333333,2379
postal_code_S2F,0.0,0.0,1602,-0.15567275070124134,0.15567275070124134,1941,0.0,0.0,1528,1690.3333333333333,413
postal_code_G5N,0.0,0.0,2045,-0.3133859381292093,0.3133859381292093,623,0.0,0.0,2407,1691.6666666666667,1784
postal_code_T5L,0.0,0.0,1272,0.1136317504038865,0.1136317504038865,2370,0.01269318081472447,0.01269318081472447,1435,1692.3333333333333,1098
postal_code_H9D,0.0,0.0,2143,-0.17791930580037496,0.17791930580037496,1702,-0.08315166603569106,0.08315166603569106,1233,1692.6666666666667,910
postal_code_S7W,0.0,0.0,1880,-0.24032953793457662,0.24032953793457662,1104,0.0,0.0,2096,1693.3333333333333,992
postal_code_V4F,0.0,0.0,1460,-0.10730125957279689,0.10730125957279689,2441,-0.10328574738528347,0.10328574738528347,1182,1694.3333333333333,1259
postal_code_T2K,0.0,0.0,1803,-0.14719251025112098,0.14719251025112098,2036,-0.07903994829568747,0.07903994829568747,1247,1695.3333333333333,789
postal_code_B9A,0.0,0.0,2422,-0.27663179734977206,0.27663179734977206,844,0.0,0.0,1821,1695.6666666666667,1578
postal_code_G1R,0.0,0.0,2493,-0.19451414195258115,0.19451414195258115,1526,-0.14499198233729002,0.14499198233729002,1069,1696.0,1424
postal_code_A6Y,0.0,0.0,749,-0.10112166139235734,0.10112166139235734,2495,0.0,0.0,1845,1696.3333333333333,1746
postal_code_J4C,0.0,0.0,3201,-0.24046657763348459,0.24046657763348459,1102,-0.26311855318008387,0.26311855318008387,789,1697.3333333333333,2412
postal_code_R7G,0.0,0.0,1701,-0.1635568525251166,0.1635568525251166,1844,0.0,0.0,1547,1697.3333333333333,297
postal_code_K9W,0.0,0.0,2809,-0.2734971681314401,0.2734971681314401,870,-0.01784140988779234,0.01784140988779234,1417,1698.6666666666667,1939
postal_code_A3P,0.0,0.0,1200,-0.16498186248374955,0.16498186248374955,1828,0.0,0.0,2069,1699.0,869
vehicle_brand_Nissan,0.00676013405799211,0.00676013405799211,457,0.015041724925285197,0.015041724925285197,3276,0.036108804313515215,0.036108804313515215,1365,1699.3333333333333,2819
postal_code_R1I,0.0,0.0,634,-0.08220598605536482,0.08220598605536482,2688,0.0,0.0,1776,1699.3333333333333,2054
postal_code_L9Y,0.0,0.0,2894,-0.20408934732747533,0.20408934732747533,1427,-0.2686334686162424,0.2686334686162424,778,1699.6666666666667,2116
postal_code_J3I,0.0,0.0,3229,0.3587040468728525,0.3587040468728525,446,0.016968388997395882,0.016968388997395882,1425,1700.0,2783
postal_code_V4Z,0.0,0.0,1526,-0.11089870276656556,0.11089870276656556,2390,-0.10061799437558899,0.10061799437558899,1186,1700.6666666666667,1204
vehicle_brand_Tesla,0.026158205094714088,0.026158205094714088,435,0.009278415224949578,0.009278415224949578,3340,0.048646650193453427,0.048646650193453427,1327,1700.6666666666667,2905
postal_code_L4T,0.0,0.0,2717,0.2421346582830838,0.2421346582830838,1084,0.05602332562451693,0.05602332562451693,1301,1700.6666666666667,1633
postal_code_G5D,0.0,0.0,2012,-0.18392514260270335,0.18392514260270335,1632,-0.0036201624971598937,0.0036201624971598937,1459,1701.0,553
postal_code_K7F,0.0,0.0,2789,-0.2718955887643228,0.2718955887643228,878,-0.010231012422239984,0.010231012422239984,1442,1703.0,1911
postal_code_G1D,0.0,0.0,2479,-0.21558506073999564,0.21558506073999564,1326,-0.05555632525247424,0.05555632525247424,1304,1703.0,1175
postal_code_A1W,0.0,0.0,1496,-0.18682182697144695,0.18682182697144695,1597,0.0,0.0,2023,1705.3333333333333,527
postal_code_R5H,0.0,0.0,1652,-0.17695730427691922,0.17695730427691922,1711,0.0,0.0,1754,1705.6666666666667,102
postal_code_R7X,0.0,0.0,1715,-0.15868294983935133,0.15868294983935133,1904,0.0,0.0,1500,1706.3333333333333,404
postal_code_P3N,0.0,0.0,584,0.0612878354030353,0.0612878354030353,2861,0.0,0.0,1676,1707.0,2277
postal_code_N6S,0.0,0.0,1014,-0.1715327926798602,0.1715327926798602,1761,0.0,0.0,2347,1707.3333333333333,1333
postal_code_V3E,0.0,0.0,1464,0.09637731910092748,0.09637731910092748,2539,0.1273567755830262,0.1273567755830262,1120,1707.6666666666667,1419
postal_code_A9H,0.0,0.0,976,-0.12622742539771403,0.12622742539771403,2232,0.0,0.0,1917,1708.3333333333333,1256
postal_code_J7X,0.0,0.0,3108,-0.291395516644965,0.291395516644965,746,-0.06780266265907339,0.06780266265907339,1272,1708.6666666666667,2362
postal_code_R6C,0.0,0.0,1647,-0.1503255362921181,0.1503255362921181,2003,0.0,0.0,1480,1710.0,523
postal_code_J9M,0.0,0.0,3336,-0.262724281250088,0.262724281250088,923,-0.2275376562845188,0.2275376562845188,873,1710.6666666666667,2463
postal_code_G5A,0.0,0.0,2009,-0.16200968762563092,0.16200968762563092,1868,-0.0705041542836848,0.0705041542836848,1264,1713.6666666666667,745
postal_code_J8N,0.0,0.0,3360,-0.25537687299744705,0.25537687299744705,977,-0.25796157645524087,0.25796157645524087,807,1714.6666666666667,2553
postal_code_R8T,0.0,0.0,1688,-0.15744598534423748,0.15744598534423748,1925,0.0,0.0,1535,1716.0,390
postal_code_R4P,0.0,0.0,665,-0.07741863227155026,0.07741863227155026,2728,0.0,0.0,1757,1716.6666666666667,2063
postal_code_N6G,0.0,0.0,1003,-0.2482888688466748,0.2482888688466748,1032,0.0,0.0,3116,1717.0,2113
postal_code_V4B,0.0,0.0,1456,-0.10918646318167659,0.10918646318167659,2412,-0.0613519257040255,0.0613519257040255,1284,1717.3333333333333,1128
postal_code_L9D,0.0,0.0,3017,-0.23111059029524186,0.23111059029524186,1181,-0.18951502393994873,0.18951502393994873,954,1717.3333333333333,2063
postal_code_R1J,0.0,0.0,635,-0.0753914602158259,0.0753914602158259,2744,0.0,0.0,1775,1718.0,2109
postal_code_K8X,0.0,0.0,2807,-0.17039497594023337,0.17039497594023337,1769,-0.3736568545904006,0.3736568545904006,580,1718.6666666666667,2227
postal_code_P4I,0.0,0.0,583,0.056198327333341146,0.056198327333341146,2914,0.0,0.0,1659,1718.6666666666667,2331
postal_code_R3H,0.0,0.0,667,-0.07263452394089252,0.07263452394089252,2761,0.0,0.0,1732,1720.0,2094
postal_code_A5V,0.0,0.0,1738,-0.19192362399132887,0.19192362399132887,1555,0.0,0.0,1870,1721.0,315
postal_code_R9N,0.0,0.0,1567,-0.13989638860723483,0.13989638860723483,2091,0.0,0.0,1507,1721.6666666666667,584
postal_code_J9A,0.0,0.0,3372,-0.2617111537617758,0.2617111537617758,932,-0.2346545145209594,0.2346545145209594,862,1722.0,2510
postal_code_R1Z,0.0,0.0,648,-0.08144012735851586,0.08144012735851586,2695,0.0,0.0,1824,1722.3333333333333,2047
postal_code_K3B,0.0,0.0,3398,-0.24446564745172775,0.24446564745172775,1063,-0.30752736623223564,0.30752736623223564,708,1723.0,2690
postal_code_A7O,0.0,0.0,472,-0.06305068161822958,0.06305068161822958,2838,0.0,0.0,1863,1724.3333333333333,2366
postal_code_R9Y,0.0,0.0,1576,-0.148858165747921,0.148858165747921,2017,0.0,0.0,1580,1724.3333333333333,441
postal_code_P2J,0.0,0.0,535,-0.19003253712234947,0.19003253712234947,1567,0.0,0.0,3074,1725.3333333333333,2539
postal_code_N6C,0.0,0.0,1068,-0.25401266630716024,0.25401266630716024,990,0.0,0.0,3119,1725.6666666666667,2129
postal_code_B8F,0.0,0.0,516,-0.05697511534730528,0.05697511534730528,2904,0.0,0.0,1765,1728.3333333333333,2388
postal_code_H2T,0.0,0.0,2228,-0.19175014517314745,0.19175014517314745,1557,-0.02175906590701355,0.02175906590701355,1402,1729.0,826
postal_code_R3I,0.0,0.0,681,-0.0703117338133469,0.0703117338133469,2778,0.0,0.0,1731,1730.0,2097
postal_code_A6H,0.0,0.0,1645,-0.18230539267311574,0.18230539267311574,1654,0.0,0.0,1892,1730.3333333333333,247
postal_code_J3V,0.0,0.0,3195,0.25746685636131644,0.25746685636131644,959,0.15635426172617292,0.15635426172617292,1037,1730.3333333333333,2236
postal_code_N9G,0.0,0.0,1033,-0.23931468993807575,0.23931468993807575,1110,0.0,0.0,3052,1731.6666666666667,2019
vehicle_age,0.027725969176359246,0.027725969176359246,430,0.005333228631124704,0.005333228631124704,3377,0.028730645678014845,0.028730645678014845,1390,1732.3333333333333,2947
postal_code_P7R,0.0,0.0,607,0.049377231094033275,0.049377231094033275,2970,0.0,0.0,1620,1732.3333333333333,2363
postal_code_R6P,0.0,0.0,1639,-0.1417826817027287,0.1417826817027287,2077,0.0,0.0,1483,1733.0,594
province_NB,0.012998371796770086,0.012998371796770086,444,0.009059227443012576,0.009059227443012576,3342,0.018904253564192265,0.018904253564192265,1413,1733.0,2898
postal_code_P5H,0.0,0.0,502,-0.04595385547159536,0.04595385547159536,2997,0.0,0.0,1701,1733.3333333333333,2495
postal_code_A7F,0.0,0.0,742,-0.08994371792822181,0.08994371792822181,2610,0.0,0.0,1850,1734.0,1868
postal_code_R1Y,0.0,0.0,647,-0.07712349106690207,0.07712349106690207,2732,0.0,0.0,1825,1734.6666666666667,2085
postal_code_S6T,0.0,0.0,1857,-0.2251569985986973,0.2251569985986973,1231,0.0,0.0,2117,1735.0,886
postal_code_V8P,0.0,0.0,1427,-0.17173520723173874,0.17173520723173874,1760,0.0,0.0,2020,1735.6666666666667,593
postal_code_R3A,0.0,0.0,627,-0.06288830145132447,0.06288830145132447,2844,0.0,0.0,1737,1736.0,2217
postal_code_V1M,0.0,0.0,1209,-0.1330830484756692,0.1330830484756692,2153,0.0,0.0,1847,1736.3333333333333,944
postal_code_L9P,0.0,0.0,2885,0.19230913472584138,0.19230913472584138,1545,0.26800753046141723,0.26800753046141723,780,1736.6666666666667,2105
postal_code_V3A,0.0,0.0,1480,-0.1630200298475185,0.1630200298475185,1852,0.0,0.0,1879,1737.0,399
postal_code_A2K,0.0,0.0,1443,-0.16842248726638248,0.16842248726638248,1795,0.0,0.0,1974,1737.3333333333333,531
postal_code_R7R,0.0,0.0,1710,-0.15655047222701232,0.15655047222701232,1933,0.0,0.0,1572,1738.3333333333333,361
postal_code_K6L,0.0,0.0,3292,-0.22721216828016494,0.22721216828016494,1219,-0.3112658302321473,0.3112658302321473,704,1738.3333333333333,2588
postal_code_R2P,0.0,0.0,616,-0.06885021495811734,0.06885021495811734,2793,0.0,0.0,1808,1739.0,2177
postal_code_J1P,0.0,0.0,3161,-0.2882995908462401,0.2882995908462401,765,-0.05813855243764232,0.05813855243764232,1292,1739.3333333333333,2396
postal_code_T5M,0.0,0.0,1273,-0.09359743633284236,0.09359743633284236,2568,-0.03217142839287214,0.03217142839287214,1379,1740.0,1295
postal_code_L6P,0.0,0.0,2951,-0.21298269359200758,0.21298269359200758,1340,-0.19782113555616843,0.19782113555616843,931,1740.6666666666667,2020
postal_code_R9T,0.0,0.0,1573,-0.14021083913956753,0.14021083913956753,2087,0.0,0.0,1569,1743.0,518
postal_code_T3V,0.0,0.0,1279,0.09530961099813236,0.09530961099813236,2551,0.022517463628419783,0.022517463628419783,1399,1743.0,1272
postal_code_R9Q,0.0,0.0,1570,-0.1333300077349041,0.1333300077349041,2146,0.0,0.0,1517,1744.3333333333333,629
postal_code_G5E,0.0,0.0,2013,0.17213624260372015,0.17213624260372015,1755,0.001142503752429023,0.001142503752429023,1467,1745.0,546
postal_code_K5V,0.0,0.0,3324,-0.2917592024968186,0.2917592024968186,741,-0.10546129755505701,0.10546129755505701,1177,1747.3333333333333,2583
postal_code_G6O,0.0,0.0,2049,-0.16253608850842557,0.16253608850842557,1861,-0.04613982210853023,0.04613982210853023,1332,1747.3333333333333,717
postal_code_G5Y,0.0,0.0,2080,-0.16629914861697287,0.16629914861697287,1814,-0.0398226854243075,0.0398226854243075,1349,1747.6666666666667,731
postal_code_T5R,0.0,0.0,1323,0.07187458256248333,0.07187458256248333,2768,0.11479318029047397,0.11479318029047397,1153,1748.0,1615
policy_tenure_months,-0.020365326591518695,0.020365326591518695,438,-0.0033511441104638927,0.0033511441104638927,3392,-0.018393097852234634,0.018393097852234634,1415,1748.3333333333333,2954
postal_code_B4T,0.0,0.0,3339,0.31252263304347233,0.31252263304347233,629,0.06323613783501635,0.06323613783501635,1282,1750.0,2710
postal_code_J6Q,0.0,0.0,3123,-0.21973623751884663,0.21973623751884663,1285,-0.24211097180525173,0.24211097180525173,843,1750.3333333333333,2280
postal_code_B6U,0.0,0.0,2194,-0.19742392164866834,0.19742392164866834,1494,0.0,0.0,1567,1751.6666666666667,700
postal_code_N4T,0.0,0.0,1139,0.23196525869748955,0.23196525869748955,1173,0.0,0.0,2946,1752.6666666666667,1807
postal_code_T7B,0.0,0.0,1312,-0.1482325699075255,0.1482325699075255,2023,0.0,0.0,1923,1752.6666666666667,711
postal_code_N4E,0.0,0.0,1087,-0.22007303905758854,0.22007303905758854,1281,0.0,0.0,2890,1752.6666666666667,1803
postal_code_R2H,0.0,0.0,630,-0.06670262463661124,0.06670262463661124,2814,0.0,0.0,1816,1753.3333333333333,2184
postal_code_H4W,0.0,0.0,2261,0.15837598438923525,0.15837598438923525,1908,0.13775033624959102,0.13775033624959102,1091,1753.3333333333333,1170
postal_code_L2W,0.0,0.0,2669,-0.20741106850939417,0.20741106850939417,1392,-0.0974101782457244,0.0974101782457244,1199,1753.3333333333333,1470
postal_code_B8Y,0.0,0.0,2421,-0.24853600863570724,0.24853600863570724,1028,0.0,0.0,1811,1753.3333333333333,1393
postal_code_S3T,0.0,0.0,1590,-0.19710323235482027,0.19710323235482027,1500,0.0,0.0,2170,1753.3333333333333,670
postal_code_S2C,0.0,0.0,1577,-0.13108437269997786,0.13108437269997786,2183,0.0,0.0,1504,1754.6666666666667,679
employment_status_Employed,-0.0059074123370248,0.0059074123370248,458,-0.005630269827013576,0.005630269827013576,3368,-0.011335484082915263,0.011335484082915263,1438,1754.6666666666667,2910
postal_code_K1V,0.0,0.0,3417,-0.29230379142890883,0.29230379142890883,739,-0.12922530418495207,0.12922530418495207,1113,1756.3333333333333,2678
postal_code_K5D,0.0,0.0,3282,0.24049210200999335,0.24049210200999335,1101,0.2158121375681819,0.2158121375681819,891,1758.0,2391
postal_code_A3X,0.0,0.0,1307,-0.1592462148235746,0.1592462148235746,1899,0.0,0.0,2073,1759.6666666666667,766
postal_code_J6K,0.0,0.0,3104,-0.1839137185763543,0.1839137185763543,1633,-0.3911438872009529,0.3911438872009529,543,1760.0,2561
postal_code_M4E,0.0,0.0,912,-0.25520994993852736,0.25520994993852736,979,0.0,0.0,3390,1760.3333333333333,2478
postal_code_J3W,0.0,0.0,3196,-0.22380228203470393,0.22380228203470393,1242,-0.2407116546768817,0.2407116546768817,844,1760.6666666666667,2352
postal_code_P6C,0.0,0.0,505,-0.032003172552933015,0.032003172552933015,3129,0.0,0.0,1651,1761.6666666666667,2624
postal_code_N4S,0.0,0.0,1147,-0.23044894237453425,0.23044894237453425,1191,0.0,0.0,2947,1761.6666666666667,1800
postal_code_A7R,0.0,0.0,582,-0.06760687483602079,0.06760687483602079,2807,0.0,0.0,1898,1762.3333333333333,2225
postal_code_R7W,0.0,0.0,1714,-0.1476979071628452,0.1476979071628452,2028,0.0,0.0,1545,1762.3333333333333,483
postal_code_P3T,0.0,0.0,570,0.04030550678808313,0.04030550678808313,3049,0.0,0.0,1671,1763.3333333333333,2479
postal_code_T8D,0.0,0.0,1199,-0.08377644241521633,0.08377644241521633,2669,-0.01722037905662393,0.01722037905662393,1423,1763.6666666666667,1470
postal_code_S5L,0.0,0.0,1836,-0.221602336193517,0.221602336193517,1266,0.0,0.0,2189,1763.6666666666667,923
postal_code_P1H,0.0,0.0,553,-0.17701737830539702,0.17701737830539702,1710,0.0,0.0,3032,1765.0,2479
postal_code_S2U,0.0,0.0,1617,-0.1622364965284206,0.1622364965284206,1865,0.0,0.0,1814,1765.3333333333333,248
postal_code_S3G,0.0,0.0,1581,-0.19317048063080372,0.19317048063080372,1537,0.0,0.0,2179,1765.6666666666667,642
postal_code_A8A,0.0,0.0,598,-0.07254082802045507,0.07254082802045507,2762,0.0,0.0,1938,1766.0,2164
postal_code_C3N,0.0,0.0,2449,-0.233666934434635,0.233666934434635,1156,0.0,0.0,1699,1768.0,1293
gender_Female,-0.012173962645546738,0.012173962645546738,446,-0.0020194124978269888,0.0020194124978269888,3403,-0.00443757042236754,0.00443757042236754,1457,1768.6666666666667,2957
postal_code_K2U,0.0,0.0,3391,-0.23610704223315424,0.23610704223315424,1132,-0.26560429151738585,0.26560429151738585,784,1769.0,2607
postal_code_R9P,0.0,0.0,1569,-0.12683818315211434,0.12683818315211434,2225,0.0,0.0,1513,1769.0,712
postal_code_G3F,0.0,0.0,2523,0.18310142931714932,0.18310142931714932,1645,0.1200935564671802,0.1200935564671802,1140,1769.3333333333333,1383
postal_code_P6B,0.0,0.0,499,-0.03220494237195688,0.03220494237195688,3126,0.0,0.0,1683,1769.3333333333333,2627
postal_code_R5M,0.0,0.0,1657,-0.15885307842695953,0.15885307842695953,1902,0.0,0.0,1750,1769.6666666666667,245
postal_code_J9T,0.0,0.0,3343,0.2272403721361148,0.2272403721361148,1218,0.278604847871532,0.278604847871532,751,1770.6666666666667,2592
postal_code_C5E,0.0,0.0,2446,0.22975851176951823,0.22975851176951823,1201,0.0,0.0,1665,1770.6666666666667,1245
postal_code_P3X,0.0,0.0,574,-0.037289553191167925,0.037289553191167925,3072,0.0,0.0,1668,1771.3333333333333,2498
postal_code_T2X,0.0,0.0,1768,0.10072033815887711,0.10072033815887711,2497,0.1523105775667399,0.1523105775667399,1051,1772.0,1446
postal_code_T9H,0.0,0.0,1180,0.05246194247093742,0.05246194247093742,2943,0.09848230726205894,0.09848230726205894,1194,1772.3333333333333,1763
postal_code_T5Y,0.0,0.0,1331,-0.17570268501108663,0.17570268501108663,1723,0.0,0.0,2270,1774.6666666666667,939
postal_code_J6H,0.0,0.0,3090,-0.27143265044291953,0.27143265044291953,879,-0.037609671191896246,0.037609671191896246,1356,1775.0,2211
postal_code_K1E,0.0,0.0,3376,-0.20137844311025865,0.20137844311025865,1455,-0.41155597160533,0.41155597160533,495,1775.3333333333333,2881
postal_code_B7W,0.0,0.0,2282,0.19208964481899335,0.19208964481899335,1551,0.0,0.0,1494,1775.6666666666667,788
postal_code_J2L,0.0,0.0,3159,0.2223762581556133,0.2223762581556133,1261,0.20654991461973954,0.20654991461973954,912,1777.3333333333333,2247
postal_code_T9F,0.0,0.0,1178,-0.12770617054371367,0.12770617054371367,2216,0.0,0.0,1942,1778.6666666666667,1038
postal_code_T2E,0.0,0.0,1797,-0.23020753149935783,0.23020753149935783,1196,0.0,0.0,2345,1779.3333333333333,1149
postal_code_S1G,0.0,0.0,1536,0.125656070924929,0.125656070924929,2241,0.0,0.0,1562,1779.6666666666667,705
postal_code_B1C,0.0,0.0,803,-0.1209118934873671,0.1209118934873671,2286,0.0,0.0,2254,1781.0,1483
postal_code_K3C,0.0,0.0,3353,-0.2605413423556792,0.2605413423556792,937,-0.15112293300042665,0.15112293300042665,1055,1781.6666666666667,2416
postal_code_B8Q,0.0,0.0,2404,-0.22832485926583357,0.22832485926583357,1205,0.0,0.0,1736,1781.6666666666667,1199
postal_code_B8C,0.0,0.0,2487,-0.23754353580344878,0.23754353580344878,1120,0.0,0.0,1744,1783.6666666666667,1367
postal_code_K4A,0.0,0.0,3279,0.2741972574631214,0.2741972574631214,862,0.09229162167899956,0.09229162167899956,1211,1784.0,2417
postal_code_V6D,0.0,0.0,1451,-0.16362462985463722,0.16362462985463722,1843,0.0,0.0,2066,1786.6666666666667,615
postal_code_V7A,0.0,0.0,1388,-0.15141499772945458,0.15141499772945458,1990,0.0,0.0,1984,1787.3333333333333,602
postal_code_C2E,0.0,0.0,2457,-0.21710428207583568,0.21710428207583568,1304,0.0,0.0,1605,1788.6666666666667,1153
postal_code_L5M,0.0,0.0,2853,-0.20902779009346878,0.20902779009346878,1375,-0.12054721230160836,0.12054721230160836,1138,1788.6666666666667,1715
postal_code_K6U,0.0,0.0,3301,-0.26177935237085903,0.26177935237085903,930,-0.12100820922962487,0.12100820922962487,1136,1789.0,2371
postal_code_P9R,0.0,0.0,758,0.06531674896957398,0.06531674896957398,2823,0.0,0.0,1788,1789.6666666666667,2065
postal_code_S3O,0.0,0.0,1585,-0.1852763710212266,0.1852763710212266,1611,0.0,0.0,2175,1790.3333333333333,590
postal_code_T1F,0.0,0.0,1728,-0.212652297723182,0.212652297723182,1343,0.0,0.0,2302,1791.0,959
postal_code_H4U,0.0,0.0,2281,-0.18196031314048758,0.18196031314048758,1659,-0.012705709047774951,0.012705709047774951,1434,1791.3333333333333,847
postal_code_R6J,0.0,0.0,1633,-0.12383629907419758,0.12383629907419758,2262,0.0,0.0,1490,1795.0,772
postal_code_N9U,0.0,0.0,707,-0.18367764423028543,0.18367764423028543,1637,0.0,0.0,3041,1795.0,2334
postal_code_R8G,0.0,0.0,1676,0.12952673480050145,0.12952673480050145,2199,0.0,0.0,1512,1795.6666666666667,687
postal_code_N1Y,0.0,0.0,849,-0.19398986085195788,0.19398986085195788,1532,0.0,0.0,3007,1796.0,2158
postal_code_A2P,0.0,0.0,1474,-0.1570312249632448,0.1570312249632448,1928,0.0,0.0,1986,1796.0,512
postal_code_C4B,0.0,0.0,2428,-0.21703860935080396,0.21703860935080396,1308,0.0,0.0,1653,1796.3333333333333,1120
postal_code_B2G,0.0,0.0,2926,0.22117562271237076,0.22117562271237076,1274,0.09956894554854788,0.09956894554854788,1192,1797.3333333333333,1734
postal_code_G6H,0.0,0.0,2089,0.15728491742793765,0.15728491742793765,1926,0.032341175094337184,0.032341175094337184,1378,1797.6666666666667,711
postal_code_V2J,0.0,0.0,1439,-0.14209638108120182,0.14209638108120182,2073,0.0,0.0,1882,1798.0,634
postal_code_B1K,0.0,0.0,938,-0.12986297546234019,0.12986297546234019,2194,0.0,0.0,2263,1798.3333333333333,1325
postal_code_K2C,0.0,0.0,3402,-0.22822223291434834,0.22822223291434834,1207,-0.2634822280456956,0.2634822280456956,788,1799.0,2614
postal_code_M3Q,0.0,0.0,2913,0.18516167494536795,0.18516167494536795,1613,0.22808961561365496,0.22808961561365496,871,1799.0,2042
postal_code_N9J,0.0,0.0,1036,-0.21658276225752718,0.21658276225752718,1312,0.0,0.0,3050,1799.3333333333333,2014
postal_code_L8F,0.0,0.0,3040,0.20038483869620022,0.20038483869620022,1460,0.21232508200182038,0.21232508200182038,899,1799.6666666666667,2141
postal_code_T4W,0.0,0.0,1259,-0.15802642056248367,0.15802642056248367,1913,0.0,0.0,2227,1799.6666666666667,968
postal_code_R5R,0.0,0.0,1662,-0.15131162000735654,0.15131162000735654,1993,0.0,0.0,1746,1800.3333333333333,331
postal_code_K2V,0.0,0.0,3392,0.28582248145288347,0.28582248145288347,785,0.08664724747276867,0.08664724747276867,1226,1801.0,2607
postal_code_J2X,0.0,0.0,3219,0.22292145180321038,0.22292145180321038,1251,0.1968257542075888,0.1968257542075888,934,1801.3333333333333,2285
postal_code_V2I,0.0,0.0,1345,0.07638175591827126,0.07638175591827126,2738,0.05085171413925512,0.05085171413925512,1322,1801.6666666666667,1416
postal_code_R1A,0.0,0.0,766,-0.061543585739767113,0.061543585739767113,2856,0.0,0.0,1783,1801.6666666666667,2090
postal_code_J9Q,0.0,0.0,3330,-0.21641745266340479,0.21641745266340479,1317,-0.27311555607228366,0.27311555607228366,764,1803.6666666666667,2566
postal_code_N6N,0.0,0.0,1009,-0.219098693470637,0.219098693470637,1291,0.0,0.0,3111,1803.6666666666667,2102
postal_code_V6M,0.0,0.0,1376,-0.07934942695816469,0.07934942695816469,2712,-0.05025511768506157,0.05025511768506157,1323,1803.6666666666667,1389
postal_code_L7W,0.0,0.0,3031,0.20784347914402357,0.20784347914402357,1388,0.17235097258907334,0.17235097258907334,999,1806.0,2032
postal_code_S7L,0.0,0.0,1892,0.2047042698108964,0.2047042698108964,1420,0.0,0.0,2106,1806.0,686
postal_code_G7U,0.0,0.0,1937,-0.2469120368756123,0.2469120368756123,1044,0.0,0.0,2439,1806.6666666666667,1395
postal_code_N2X,0.0,0.0,1102,-0.21003772051993153,0.21003772051993153,1367,0.0,0.0,2952,1807.0,1850
postal_code_L7V,0.0,0.0,3030,-0.24070618628977353,0.24070618628977353,1095,-0.05703709164605378,0.05703709164605378,1296,1807.0,1935
postal_code_R5O,0.0,0.0,1659,-0.14920722137399603,0.14920722137399603,2015,0.0,0.0,1748,1807.3333333333333,356
postal_code_C4P,0.0,0.0,2442,0.21561193636865725,0.21561193636865725,1325,0.0,0.0,1660,1809.0,1117
postal_code_K8W,0.0,0.0,2806,-0.19216828881956183,0.19216828881956183,1549,-0.14334639418650674,0.14334639418650674,1073,1809.3333333333333,1733
witness_present_No,0.0,0.0,1413,0.054023787381884625,0.054023787381884625,2930,0.14024997443513826,0.14024997443513826,1086,1809.6666666666667,1844
postal_code_S1E,0.0,0.0,1534,-0.11626615176351605,0.11626615176351605,2341,0.0,0.0,1554,1809.6666666666667,807
postal_code_V6O,0.0,0.0,1377,-0.14761428366653467,0.14761428366653467,2030,0.0,0.0,2026,1811.0,653
postal_code_T3E,0.0,0.0,1774,0.11676032712666382,0.11676032712666382,2332,0.04778190790655916,0.04778190790655916,1328,1811.3333333333333,1004
postal_code_S8I,0.0,0.0,1869,-0.20497451785870466,0.20497451785870466,1416,0.0,0.0,2150,1811.6666666666667,734
postal_code_L1A,0.0,0.0,2813,-0.2321002436994384,0.2321002436994384,1171,-0.0063122306400023,0.0063122306400023,1453,1812.3333333333333,1642
postal_code_H2N,0.0,0.0,2222,0.15519684505451467,0.15519684505451467,1948,0.06790926962514765,0.06790926962514765,1271,1813.6666666666667,951
postal_code_A4V,0.0,0.0,1293,-0.13806092196289121,0.13806092196289121,2108,0.0,0.0,2041,1814.0,815
postal_code_A8V,0.0,0.0,1017,-0.09812369423731267,0.09812369423731267,2522,0.0,0.0,1904,1814.3333333333333,1505
postal_code_A8D,0.0,0.0,541,-0.04981703601778815,0.04981703601778815,2963,0.0,0.0,1943,1815.6666666666667,2422
postal_code_V9F,0.0,0.0,1435,-0.1493349293765023,0.1493349293765023,2013,0.0,0.0,2006,1818.0,578
postal_code_A2S,0.0,0.0,1468,-0.1505702824092118,0.1505702824092118,1999,0.0,0.0,1989,1818.6666666666667,531
postal_code_V1O,0.0,0.0,1210,-0.10999015945763196,0.10999015945763196,2402,0.0,0.0,1846,1819.3333333333333,1192
postal_code_M7I,0.0,0.0,946,-0.2268755850270305,0.2268755850270305,1221,0.0,0.0,3292,1819.6666666666667,2346
postal_code_G5X,0.0,0.0,2079,-0.2482770257818908,0.2482770257818908,1033,0.0,0.0,2352,1821.3333333333333,1319
postal_code_K6S,0.0,0.0,3299,-0.22408550311963188,0.22408550311963188,1240,-0.20075752382468373,0.20075752382468373,926,1821.6666666666667,2373
postal_code_L1K,0.0,0.0,2823,0.20591660403306658,0.20591660403306658,1404,0.0812508776683015,0.0812508776683015,1241,1822.6666666666667,1582
postal_code_B1L,0.0,0.0,956,-0.12530785407362266,0.12530785407362266,2247,0.0,0.0,2265,1822.6666666666667,1309
postal_code_V6T,0.0,0.0,1382,-0.07741120478537086,0.07741120478537086,2729,-0.037517478577373635,0.037517478577373635,1357,1822.6666666666667,1372
postal_code_S2G,0.0,0.0,1604,-0.11664417050699206,0.11664417050699206,2333,0.0,0.0,1532,1823.0,801
postal_code_G4V,0.0,0.0,2004,-0.2686365949429947,0.2686365949429947,894,0.0,0.0,2576,1824.6666666666667,1682
postal_code_T7K,0.0,0.0,1320,-0.12582641928517305,0.12582641928517305,2239,0.0,0.0,1916,1825.0,919
postal_code_S9X,0.0,0.0,1720,-0.20191256213457,0.20191256213457,1450,0.0,0.0,2307,1825.6666666666667,857
postal_code_S2M,0.0,0.0,1609,-0.11422951676984351,0.11422951676984351,2359,0.0,0.0,1511,1826.3333333333333,848
postal_code_J1F,0.0,0.0,3178,0.23025706493806147,0.23025706493806147,1195,0.13089168322977998,0.13089168322977998,1108,1827.0,2070
postal_code_B6X,0.0,0.0,1999,-0.15491657394623157,0.15491657394623157,1953,0.0,0.0,1530,1827.3333333333333,469
postal_code_C1M,0.0,0.0,2425,-0.2033284702919267,0.2033284702919267,1440,0.0,0.0,1619,1828.0,985
postal_code_T2D,0.0,0.0,1796,0.09662938760649634,0.09662938760649634,2536,0.11507784439526055,0.11507784439526055,1152,1828.0,1384
postal_code_K7X,0.0,0.0,2782,0.22449056288029776,0.22449056288029776,1239,0.0019502524505342657,0.0019502524505342657,1463,1828.0,1543
postal_code_K1I,0.0,0.0,3404,-0.20426092007307906,0.20426092007307906,1424,-0.3311929775278637,0.3311929775278637,659,1829.0,2745
postal_code_P5I,0.0,0.0,501,0.013721178736216384,0.013721178736216384,3290,0.0,0.0,1700,1830.3333333333333,2789
postal_code_P3P,0.0,0.0,566,-0.01760421558878974,0.01760421558878974,3252,0.0,0.0,1675,1831.0,2686
postal_code_B7O,0.0,0.0,2008,-0.156767945142384,0.156767945142384,1932,0.0,0.0,1553,1831.0,455
postal_code_T9G,0.0,0.0,1179,-0.11315818412637252,0.11315818412637252,2374,0.0,0.0,1941,1831.3333333333333,1195
postal_code_R1X,0.0,0.0,646,0.0437876797805985,0.0437876797805985,3022,0.0,0.0,1826,1831.3333333333333,2376
postal_code_N1D,0.0,0.0,875,0.1816060738248613,0.1816060738248613,1662,0.0,0.0,2959,1832.0,2084
postal_code_P3U,0.0,0.0,571,0.016753659927278525,0.016753659927278525,3257,0.0,0.0,1670,1832.6666666666667,2686
postal_code_B7L,0.0,0.0,2084,-0.16483695577508628,0.16483695577508628,1830,0.0,0.0,1586,1833.3333333333333,498
postal_code_P1Y,0.0,0.0,524,-0.15967071086756882,0.15967071086756882,1895,0.0,0.0,3083,1834.0,2559
postal_code_T7S,0.0,0.0,1189,-0.10991677797259301,0.10991677797259301,2403,0.0,0.0,1911,1834.3333333333333,1214
postal_code_T5G,0.0,0.0,1268,-0.15304413263945169,0.15304413263945169,1971,0.0,0.0,2268,1835.6666666666667,1000
postal_code_G9O,0.0,0.0,1982,-0.29141687347039547,0.29141687347039547,745,0.0,0.0,2782,1836.3333333333333,2037
postal_code_B1M,0.0,0.0,967,-0.12165435811065493,0.12165435811065493,2278,0.0,0.0,2266,1837.0,1311
postal_code_L6U,0.0,0.0,2956,-0.2233570523098437,0.2233570523098437,1246,-0.05426582630692414,0.05426582630692414,1309,1837.0,1710
postal_code_K4E,0.0,0.0,3246,-0.2474131552172942,0.2474131552172942,1037,-0.08534075571241252,0.08534075571241252,1228,1837.0,2209
postal_code_A7I,0.0,0.0,504,-0.029066848999377667,0.029066848999377667,3151,0.0,0.0,1857,1837.3333333333333,2647
postal_code_L9X,0.0,0.0,2893,-0.2207124603910165,0.2207124603910165,1276,-0.04212076804208865,0.04212076804208865,1343,1837.3333333333333,1617
postal_code_A8U,0.0,0.0,1002,-0.09014210805723424,0.09014210805723424,2608,0.0,0.0,1903,1837.6666666666667,1606
postal_code_B2A,0.0,0.0,921,-0.1181870074138182,0.1181870074138182,2314,0.0,0.0,2279,1838.0,1393
postal_code_V4T,0.0,0.0,1520,-0.15401595892164194,0.15401595892164194,1963,0.0,0.0,2031,1838.0,511
postal_code_H8X,0.0,0.0,2147,0.14993692587798174,0.14993692587798174,2010,0.037192867969174696,0.037192867969174696,1360,1839.0,787
postal_code_L1N,0.0,0.0,2826,-0.16882753162729222,0.16882753162729222,1792,-0.21021474619379124,0.21021474619379124,903,1840.3333333333333,1923
postal_code_M6J,0.0,0.0,957,-0.22284269119511704,0.22284269119511704,1252,0.0,0.0,3314,1841.0,2357
postal_code_A4C,0.0,0.0,1324,-0.1359085115967237,0.1359085115967237,2127,0.0,0.0,2076,1842.3333333333333,803
postal_code_G6N,0.0,0.0,2069,-0.24231806978683076,0.24231806978683076,1083,0.0,0.0,2376,1842.6666666666667,1293
postal_code_N3R,0.0,0.0,1074,-0.19199834919979009,0.19199834919979009,1554,0.0,0.0,2900,1842.6666666666667,1826
postal_code_H4Y,0.0,0.0,2259,0.15021867429103505,0.15021867429103505,2005,0.06987741878874205,0.06987741878874205,1266,1843.3333333333333,993
postal_code_B6C,0.0,0.0,2107,-0.22775358966855405,0.22775358966855405,1213,0.0,0.0,2212,1844.0,999
postal_code_B6M,0.0,0.0,2126,-0.2266081955250014,0.2266081955250014,1225,0.0,0.0,2182,1844.3333333333333,957
postal_code_K1P,0.0,0.0,3411,0.23966612496463757,0.23966612496463757,1107,0.1656006037302826,0.1656006037302826,1016,1844.6666666666667,2395
postal_code_A6X,0.0,0.0,779,-0.05584804511542818,0.05584804511542818,2916,0.0,0.0,1841,1845.3333333333333,2137
postal_code_M9D,0.0,0.0,805,-0.17239454150814842,0.17239454150814842,1753,0.0,0.0,2980,1846.0,2175
postal_code_L8W,0.0,0.0,3010,-0.18869119524528497,0.18869119524528497,1583,-0.19162142295808252,0.19162142295808252,949,1847.3333333333333,2061
postal_code_A9R,0.0,0.0,847,-0.06969512911213195,0.06969512911213195,2785,0.0,0.0,1920,1850.6666666666667,1938
postal_code_J1Z,0.0,0.0,3149,0.21223574091685818,0.21223574091685818,1347,0.15007484088914588,0.15007484088914588,1058,1851.3333333333333,2091
postal_code_A7Q,0.0,0.0,477,0.025504009596861586,0.025504009596861586,3183,0.0,0.0,1897,1852.3333333333333,2706
postal_code_H9Y,0.0,0.0,3171,-0.1948784723035368,0.1948784723035368,1522,-0.23048172238523656,0.23048172238523656,866,1853.0,2305
postal_code_K8L,0.0,0.0,2772,0.13887704705303228,0.13887704705303228,2102,0.3192821888071959,0.3192821888071959,686,1853.3333333333333,2086
postal_code_T1H,0.0,0.0,1729,0.09697771550852377,0.09697771550852377,2533,0.05656443335994808,0.05656443335994808,1298,1853.3333333333333,1235
postal_code_R8P,0.0,0.0,1684,0.11653700241730007,0.11653700241730007,2335,0.0,0.0,1541,1853.3333333333333,794
postal_code_R8I,0.0,0.0,1677,-0.11276226759133742,0.11276226759133742,2375,0.0,0.0,1509,1853.6666666666667,866
postal_code_A8B,0.0,0.0,591,-0.0426013951863071,0.0426013951863071,3033,0.0,0.0,1939,1854.3333333333333,2442
postal_code_L5R,0.0,0.0,2977,-0.22303126903854967,0.22303126903854967,1250,-0.0441507862065348,0.0441507862065348,1340,1855.6666666666667,1727
postal_code_H4M,0.0,0.0,2273,-0.19998681788249148,0.19998681788249148,1465,0.0,0.0,1832,1856.6666666666667,808
postal_code_N8E,0.0,0.0,1052,-0.20876077639328955,0.20876077639328955,1379,0.0,0.0,3141,1857.3333333333333,2089
postal_code_R6M,0.0,0.0,1626,-0.10588457964623665,0.10588457964623665,2454,0.0,0.0,1493,1857.6666666666667,961
postal_code_V7H,0.0,0.0,1368,0.06152671393732192,0.06152671393732192,2857,0.03977553861628521,0.03977553861628521,1350,1858.3333333333333,1507
postal_code_M7S,0.0,0.0,910,-0.21573255736868108,0.21573255736868108,1323,0.0,0.0,3349,1860.6666666666667,2439
postal_code_R9S,0.0,0.0,1572,-0.1011599171337919,0.1011599171337919,2493,0.0,0.0,1519,1861.3333333333333,974
postal_code_N1M,0.0,0.0,883,-0.1798682810908387,0.1798682810908387,1683,0.0,0.0,3018,1861.3333333333333,2135
postal_code_G8D,0.0,0.0,1946,-0.2759840798152555,0.2759840798152555,848,0.0,0.0,2792,1862.0,1944
postal_code_M2S,0.0,0.0,2937,0.18898331310666402,0.18898331310666402,1579,0.14293332635195144,0.14293332635195144,1076,1864.0,1861
postal_code_S1P,0.0,0.0,1542,-0.09370579513165557,0.09370579513165557,2563,0.0,0.0,1487,1864.0,1076
postal_code_B6V,0.0,0.0,2191,-0.1660333286658498,0.1660333286658498,1819,0.0,0.0,1583,1864.3333333333333,608
postal_code_P4B,0.0,0.0,578,0.007388137276216026,0.007388137276216026,3356,0.0,0.0,1664,1866.0,2778
postal_code_L6D,0.0,0.0,2987,-0.19819148638719702,0.19819148638719702,1484,-0.12302383934882856,0.12302383934882856,1128,1866.3333333333333,1859
postal_code_M7P,0.0,0.0,953,-0.21864135867565726,0.21864135867565726,1295,0.0,0.0,3352,1866.6666666666667,2399
postal_code_T9R,0.0,0.0,1235,0.10767196196441833,0.10767196196441833,2435,0.0,0.0,1930,1866.6666666666667,1200
postal_code_V7C,0.0,0.0,1390,-0.07197199984205244,0.07197199984205244,2766,-0.009193884005126229,0.009193884005126229,1446,1867.3333333333333,1376
postal_code_N5U,0.0,0.0,1129,-0.1921596757162674,0.1921596757162674,1550,0.0,0.0,2923,1867.3333333333333,1794
postal_code_B3K,0.0,0.0,2683,-0.31844242693083696,0.31844242693083696,595,0.0,0.0,2325,1867.6666666666667,2088
postal_code_M4T,0.0,0.0,927,-0.22149490210783593,0.22149490210783593,1268,0.0,0.0,3410,1868.3333333333333,2483
postal_code_A5X,0.0,0.0,1735,-0.15046478737503144,0.15046478737503144,2000,0.0,0.0,1872,1869.0,265
postal_code_L2E,0.0,0.0,2699,-0.16900671877512674,0.16900671877512674,1788,-0.12656065848799702,0.12656065848799702,1122,1869.6666666666667,1577
postal_code_M8C,0.0,0.0,825,-0.20224926205504123,0.20224926205504123,1447,0.0,0.0,3340,1870.6666666666667,2515
postal_code_S9T,0.0,0.0,1743,-0.19128387237857875,0.19128387237857875,1559,0.0,0.0,2311,1871.0,752
postal_code_K9I,0.0,0.0,2842,-0.1753224812340325,0.1753224812340325,1726,-0.15403511210317924,0.15403511210317924,1045,1871.0,1797
postal_code_V7B,0.0,0.0,1389,-0.12531446336283705,0.12531446336283705,2245,0.0,0.0,1983,1872.3333333333333,856
postal_code_A8P,0.0,0.0,1024,-0.08671784306231563,0.08671784306231563,2635,0.0,0.0,1959,1872.6666666666667,1611
postal_code_K8P,0.0,0.0,2775,-0.20264725912781256,0.20264725912781256,1446,-0.022861111755756232,0.022861111755756232,1398,1873.0,1377
postal_code_K2L,0.0,0.0,3383,0.28135279631365995,0.28135279631365995,816,0.01714792392964321,0.01714792392964321,1424,1874.3333333333333,2567
postal_code_E2U,0.0,0.0,2348,-0.4410805595227593,0.4410805595227593,278,0.0,0.0,2997,1874.3333333333333,2719
postal_code_M9J,0.0,0.0,811,-0.16372451945719535,0.16372451945719535,1839,0.0,0.0,2975,1875.0,2164
postal_code_P1W,0.0,0.0,522,-0.14875376021327102,0.14875376021327102,2018,0.0,0.0,3085,1875.0,2563
postal_code_J1C,0.0,0.0,3174,-0.19824765829445878,0.19824765829445878,1482,-0.1813411757814248,0.1813411757814248,970,1875.3333333333333,2204
postal_code_S4F,0.0,0.0,1716,-0.17281161794271166,0.17281161794271166,1749,0.0,0.0,2161,1875.3333333333333,445
postal_code_K4O,0.0,0.0,3243,0.21159437514685953,0.21159437514685953,1354,0.15778536698673074,0.15778536698673074,1031,1876.0,2212
postal_code_V3W,0.0,0.0,1453,-0.13645730564668862,0.13645730564668862,2124,0.0,0.0,2052,1876.3333333333333,671
postal_code_K5H,0.0,0.0,3310,0.2245163119376794,0.2245163119376794,1238,0.1402663084153685,0.1402663084153685,1085,1877.6666666666667,2225
postal_code_M9I,0.0,0.0,810,0.16319002793078882,0.16319002793078882,1848,0.0,0.0,2976,1878.0,2166
postal_code_R6U,0.0,0.0,1644,-0.107702926706188,0.107702926706188,2433,0.0,0.0,1558,1878.3333333333333,875
postal_code_N9A,0.0,0.0,1027,-0.19803293225350982,0.19803293225350982,1487,0.0,0.0,3125,1879.6666666666667,2098
postal_code_G5K,0.0,0.0,2018,-0.22506706264521104,0.22506706264521104,1233,0.0,0.0,2389,1880.0,1156
postal_code_V5L,0.0,0.0,1492,-0.14352079551990135,0.14352079551990135,2066,0.0,0.0,2082,1880.0,590
postal_code_S1Y,0.0,0.0,1550,-0.09121548209284355,0.09121548209284355,2598,0.0,0.0,1495,1881.0,1103
postal_code_N7W,0.0,0.0,998,0.19715302479487323,0.19715302479487323,1498,0.0,0.0,3147,1881.0,2149
postal_code_A4U,0.0,0.0,1277,-0.11696318545258479,0.11696318545258479,2330,0.0,0.0,2037,1881.3333333333333,1053
postal_code_R4H,0.0,0.0,657,-0.015896615674859504,0.015896615674859504,3271,0.0,0.0,1716,1881.3333333333333,2614
postal_code_R3F,0.0,0.0,620,0.013483931884362857,0.013483931884362857,3292,0.0,0.0,1734,1882.0,2672
postal_code_L1R,0.0,0.0,2758,-0.18334109424703224,0.18334109424703224,1641,-0.07753876124478887,0.07753876124478887,1250,1883.0,1508
postal_code_R5S,0.0,0.0,1663,-0.1254620716435136,0.1254620716435136,2243,0.0,0.0,1745,1883.6666666666667,580
postal_code_L6E,0.0,0.0,2988,0.195976860438298,0.195976860438298,1509,0.11421838789410865,0.11421838789410865,1155,1884.0,1833
postal_code_S7S,0.0,0.0,1899,0.18224467109587406,0.18224467109587406,1655,0.0,0.0,2099,1884.3333333333333,444
postal_code_R1W,0.0,0.0,645,-0.02563029839692642,0.02563029839692642,3182,0.0,0.0,1827,1884.6666666666667,2537
postal_code_L1P,0.0,0.0,2828,-0.17028553177469752,0.17028553177469752,1771,-0.1505711719555959,0.1505711719555959,1057,1885.3333333333333,1771
postal_code_J7E,0.0,0.0,3117,0.19530052851079135,0.19530052851079135,1514,0.1602328668069753,0.1602328668069753,1026,1885.6666666666667,2091
postal_code_T7O,0.0,0.0,1251,-0.09945901283068224,0.09945901283068224,2508,0.0,0.0,1899,1886.0,1257
postal_code_B1O,0.0,0.0,975,-0.10780655391311691,0.10780655391311691,2431,0.0,0.0,2253,1886.3333333333333,1456
postal_code_J2O,0.0,0.0,3186,-0.18603970561404484,0.18603970561404484,1606,-0.22758754302129025,0.22758754302129025,872,1888.0,2314
postal_code_M7F,0.0,0.0,943,-0.20394112684913712,0.20394112684913712,1428,0.0,0.0,3295,1888.6666666666667,2352
postal_code_B9J,0.0,0.0,2381,-0.19724529104316949,0.19724529104316949,1496,0.0,0.0,1790,1889.0,885
postal_code_A2G,0.0,0.0,1440,-0.12406726126612558,0.12406726126612558,2260,0.0,0.0,1968,1889.3333333333333,820
postal_code_S4D,0.0,0.0,1598,-0.1580794216475653,0.1580794216475653,1911,0.0,0.0,2163,1890.6666666666667,565
postal_code_A5C,0.0,0.0,1789,-0.16447148081015536,0.16447148081015536,1833,0.0,0.0,2054,1892.0,265
postal_code_K5C,0.0,0.0,3281,-0.235257020703833,0.235257020703833,1137,-0.07162618288928872,0.07162618288928872,1261,1893.0,2144
postal_code_J8U,0.0,0.0,3366,-0.19061013652584338,0.19061013652584338,1563,-0.277548873326939,0.277548873326939,756,1895.0,2610
postal_code_S9Z,0.0,0.0,1722,-0.1820234062506865,0.1820234062506865,1658,0.0,0.0,2305,1895.0,647
postal_code_V2D,0.0,0.0,1225,0.03978705539121004,0.03978705539121004,3056,0.02135827701108037,0.02135827701108037,1405,1895.3333333333333,1831
postal_code_A4Q,0.0,0.0,1269,-0.11421953737814224,0.11421953737814224,2360,0.0,0.0,2057,1895.3333333333333,1091
postal_code_L9T,0.0,0.0,2879,0.14642595920661386,0.14642595920661386,2044,0.2721186688176789,0.2721186688176789,767,1896.6666666666667,2112
postal_code_N2A,0.0,0.0,851,-0.16423459752247146,0.16423459752247146,1835,0.0,0.0,3005,1897.0,2154
postal_code_A1X,0.0,0.0,1493,-0.13016349323386092,0.13016349323386092,2190,0.0,0.0,2011,1898.0,697
postal_code_G9Y,0.0,0.0,1992,-0.2780555635648814,0.2780555635648814,832,0.0,0.0,2872,1898.6666666666667,2040
postal_code_G9K,0.0,0.0,1978,-0.25949630667879786,0.25949630667879786,946,0.0,0.0,2773,1899.0,1827
postal_code_B1Y,0.0,0.0,923,-0.10003322645954439,0.10003322645954439,2500,0.0,0.0,2277,1900.0,1577
postal_code_L8A,0.0,0.0,3035,-0.22519436431923634,0.22519436431923634,1230,-0.012102887799005804,0.012102887799005804,1436,1900.3333333333333,1805
postal_code_S9K,0.0,0.0,1754,-0.16602168010683563,0.16602168010683563,1820,0.0,0.0,2127,1900.3333333333333,373
postal_code_R7D,0.0,0.0,1698,-0.10599943735724221,0.10599943735724221,2453,0.0,0.0,1551,1900.6666666666667,902
postal_code_K3N,0.0,0.0,3267,0.21031324178455452,0.21031324178455452,1365,0.14182339736961105,0.14182339736961105,1080,1904.0,2187
postal_code_K8O,0.0,0.0,2774,-0.17510340903363286,0.17510340903363286,1731,-0.09323537800907003,0.09323537800907003,1207,1904.0,1567
postal_code_J4E,0.0,0.0,3203,-0.21594601964300786,0.21594601964300786,1320,-0.09981432206304014,0.09981432206304014,1190,1904.3333333333333,2013
postal_code_R7N,0.0,0.0,1708,0.1078918812015402,0.1078918812015402,2428,0.0,0.0,1581,1905.6666666666667,847
postal_code_B6T,0.0,0.0,2199,-0.14722007832435796,0.14722007832435796,2034,0.0,0.0,1484,1905.6666666666667,715
postal_code_N8U,0.0,0.0,1058,-0.19418374547214565,0.19418374547214565,1530,0.0,0.0,3131,1906.3333333333333,2073
postal_code_R7T,0.0,0.0,1711,-0.10741181706075707,0.10741181706075707,2438,0.0,0.0,1571,1906.6666666666667,867
postal_code_S6M,0.0,0.0,1827,0.17404124975033852,0.17404124975033852,1740,0.0,0.0,2155,1907.3333333333333,415
postal_code_S5E,0.0,0.0,1850,-0.18154959552661198,0.18154959552661198,1664,0.0,0.0,2209,1907.6666666666667,545
postal_code_P9I,0.0,0.0,770,0.02767748532420316,0.02767748532420316,3161,0.0,0.0,1794,1908.3333333333333,2391
postal_code_G2R,0.0,0.0,2547,-0.3122118508592021,0.3122118508592021,632,0.0,0.0,2547,1908.6666666666667,1915
postal_code_J4W,0.0,0.0,3077,-0.1936320906646669,0.1936320906646669,1536,-0.12850159995077837,0.12850159995077837,1115,1909.3333333333333,1962
postal_code_V6Z,0.0,0.0,1387,-0.11432837979451614,0.11432837979451614,2358,0.0,0.0,1985,1910.0,971
postal_code_N9O,0.0,0.0,1041,-0.18321771676879003,0.18321771676879003,1643,0.0,0.0,3046,1910.0,2005
postal_code_R8O,0.0,0.0,1683,-0.0990387917643048,0.0990387917643048,2515,0.0,0.0,1533,1910.3333333333333,982
postal_code_A3B,0.0,0.0,1211,-0.10506147237524495,0.10506147237524495,2462,0.0,0.0,2059,1910.6666666666667,1251
postal_code_L9K,0.0,0.0,2880,0.1687616487480753,0.1687616487480753,1793,0.14892160318883513,0.14892160318883513,1059,1910.6666666666667,1821
postal_code_K3Z,0.0,0.0,3278,0.24193729847428566,0.24193729847428566,1086,0.03480148243108171,0.03480148243108171,1369,1911.0,2192
postal_code_P2T,0.0,0.0,590,-0.1415137499865661,0.1415137499865661,2079,0.0,0.0,3064,1911.0,2474
postal_code_S9G,0.0,0.0,1750,-0.1628968874459097,0.1628968874459097,1853,0.0,0.0,2131,1911.3333333333333,381
postal_code_K9K,0.0,0.0,2844,0.19641039217307626,0.19641039217307626,1505,0.02903989944815283,0.02903989944815283,1388,1912.3333333333333,1456
postal_code_B6F,0.0,0.0,2100,-0.20363677643245862,0.20363677643245862,1433,0.0,0.0,2204,1912.3333333333333,771
postal_code_M5H,0.0,0.0,894,0.20322044928837688,0.20322044928837688,1441,0.0,0.0,3403,1912.6666666666667,2509
postal_code_J4B,0.0,0.0,3200,-0.2350254352914288,0.2350254352914288,1143,-0.02162888718399839,0.02162888718399839,1403,1915.3333333333333,2057
postal_code_N3G,0.0,0.0,1110,-0.17525299614999978,0.17525299614999978,1728,0.0,0.0,2909,1915.6666666666667,1799
postal_code_R5Y,0.0,0.0,1669,-0.09066723811949709,0.09066723811949709,2605,0.0,0.0,1475,1916.3333333333333,1130
postal_code_P2E,0.0,0.0,530,-0.13379369398658503,0.13379369398658503,2142,0.0,0.0,3078,1916.6666666666667,2548
postal_code_L9V,0.0,0.0,2891,-0.16885251965538975,0.16885251965538975,1791,-0.14549407198773429,0.14549407198773429,1068,1916.6666666666667,1823
postal_code_P7V,0.0,0.0,711,0.0031201286250696148,0.0031201286250696148,3394,0.0,0.0,1646,1917.0,2683
postal_code_R6G,0.0,0.0,1630,-0.08720879605753955,0.08720879605753955,2629,0.0,0.0,1497,1918.6666666666667,1132
postal_code_P7G,0.0,0.0,744,-0.0007803933559822638,0.0007803933559822638,3417,0.0,0.0,1597,1919.3333333333333,2673
postal_code_S8Z,0.0,0.0,1746,-0.1610971551277175,0.1610971551277175,1879,0.0,0.0,2134,1919.6666666666667,388
postal_code_N7C,0.0,0.0,979,-0.17942248107768508,0.17942248107768508,1685,0.0,0.0,3098,1920.6666666666667,2119
postal_code_S3J,0.0,0.0,1583,-0.1503841534866455,0.1503841534866455,2002,0.0,0.0,2177,1920.6666666666667,594
postal_code_J8H,0.0,0.0,3329,-0.23014476765270497,0.23014476765270497,1197,-0.08224117961608132,0.08224117961608132,1236,1920.6666666666667,2132
postal_code_S2Q,0.0,0.0,1613,-0.0929479320313603,0.0929479320313603,2580,0.0,0.0,1577,1923.3333333333333,1003
postal_code_N5Y,0.0,0.0,1133,-0.18461014493406291,0.18461014493406291,1619,0.0,0.0,3019,1923.6666666666667,1886
postal_code_S1H,0.0,0.0,1537,-0.08187485907884139,0.08187485907884139,2690,0.0,0.0,1544,1923.6666666666667,1153
postal_code_L3W,0.0,0.0,2741,-0.15498220614582905,0.15498220614582905,1951,-0.14084580740895972,0.14084580740895972,1082,1924.6666666666667,1659
postal_code_V4Y,0.0,0.0,1525,0.06062087875338381,0.06062087875338381,2868,0.03146400550605929,0.03146400550605929,1381,1924.6666666666667,1487
postal_code_M8Y,0.0,0.0,800,-0.1514140156648462,0.1514140156648462,1991,0.0,0.0,2985,1925.3333333333333,2185
postal_code_E6L,0.0,0.0,2651,0.17120483356676106,0.17120483356676106,1764,0.036984725630263754,0.036984725630263754,1362,1925.6666666666667,1289
postal_code_C4E,0.0,0.0,2438,-0.17957066345149053,0.17957066345149053,1684,0.0,0.0,1656,1926.0,782
postal_code_N9Z,0.0,0.0,545,-0.12826965017035855,0.12826965017035855,2212,0.0,0.0,3022,1926.3333333333333,2477
postal_code_T5S,0.0,0.0,1325,-0.13132479572127437,0.13132479572127437,2181,0.0,0.0,2274,1926.6666666666667,949
postal_code_T8C,0.0,0.0,1198,0.08248810013312316,0.08248810013312316,2684,0.0,0.0,1901,1927.6666666666667,1486
postal_code_S3B,0.0,0.0,1603,-0.15044315601339506,0.15044315601339506,2001,0.0,0.0,2183,1929.0,580
postal_code_R4Y,0.0,0.0,674,0.007763060196694614,0.007763060196694614,3351,0.0,0.0,1762,1929.0,2677
postal_code_V8B,0.0,0.0,1367,0.1056700772704899,0.1056700772704899,2457,0.0,0.0,1964,1929.3333333333333,1090
vehicle_use_Business,0.0,0.0,1408,0.037802106538880165,0.037802106538880165,3068,0.05305940115726767,0.05305940115726767,1312,1929.3333333333333,1756
postal_code_J6R,0.0,0.0,3124,-0.21714189448740337,0.21714189448740337,1303,-0.036155244666551296,0.036155244666551296,1363,1930.0,1821
claim_type_Collision,0.0,0.0,1410,-0.012091005705677428,0.012091005705677428,3310,0.14425707947313823,0.14425707947313823,1071,1930.3333333333333,2239
postal_code_R1D,0.0,0.0,769,-0.01874741966425887,0.01874741966425887,3245,0.0,0.0,1780,1931.3333333333333,2476
postal_code_A6A,0.0,0.0,1719,-0.12905877260515827,0.12905877260515827,2202,0.0,0.0,1874,1931.6666666666667,483
postal_code_B1X,0.0,0.0,925,-0.08996904517388889,0.08996904517388889,2609,0.0,0.0,2273,1935.6666666666667,1684
postal_code_P8V,0.0,0.0,783,-0.0023938183197051446,0.0023938183197051446,3400,0.0,0.0,1624,1935.6666666666667,2617
postal_code_A8G,0.0,0.0,544,0.010629261209252512,0.010629261209252512,3319,0.0,0.0,1949,1937.3333333333333,2775
postal_code_B1F,0.0,0.0,820,-0.07668598641953998,0.07668598641953998,2735,0.0,0.0,2259,1938.0,1915
postal_code_B1J,0.0,0.0,940,-0.08966280234776569,0.08966280234776569,2614,0.0,0.0,2262,1938.6666666666667,1674
postal_code_R2S,0.0,0.0,609,0.0019341090553780147,0.0019341090553780147,3406,0.0,0.0,1805,1940.0,2797
postal_code_S1O,0.0,0.0,1541,-0.06969491803945231,0.06969491803945231,2786,0.0,0.0,1496,1941.0,1290
postal_code_G4U,0.0,0.0,2003,-0.2230530316737261,0.2230530316737261,1249,0.0,0.0,2574,1942.0,1325
postal_code_M3T,0.0,0.0,2917,-0.17368043246679607,0.17368043246679607,1744,-0.11074753970062491,0.11074753970062491,1165,1942.0,1752
postal_code_G4H,0.0,0.0,2038,-0.22872426878220584,0.22872426878220584,1204,0.0,0.0,2585,1942.3333333333333,1381
postal_code_S4S,0.0,0.0,1842,-0.17036575302833518,0.17036575302833518,1770,0.0,0.0,2216,1942.6666666666667,446
postal_code_B4E,0.0,0.0,3255,0.2114165521320847,0.2114165521320847,1355,0.08945346591416217,0.08945346591416217,1218,1942.6666666666667,2037
postal_code_J3M,0.0,0.0,3211,0.20495844744417446,0.20495844744417446,1417,0.09721076378133864,0.09721076378133864,1200,1942.6666666666667,2011
postal_code_R8F,0.0,0.0,1675,-0.08632131249183844,0.08632131249183844,2640,0.0,0.0,1514,1943.0,1126
postal_code_N1V,0.0,0.0,846,-0.15242228395284982,0.15242228395284982,1977,0.0,0.0,3010,1944.3333333333333,2164
postal_code_R9I,0.0,0.0,1563,-0.07418419874746192,0.07418419874746192,2751,0.0,0.0,1520,1944.6666666666667,1231
postal_code_K2A,0.0,0.0,3420,0.2587942693372939,0.2587942693372939,952,0.001357648338648451,0.001357648338648451,1466,1946.0,2468
postal_code_V5Y,0.0,0.0,1504,0.0499876626440761,0.0499876626440761,2959,0.033002104746699575,0.033002104746699575,1377,1946.6666666666667,1582
postal_code_A9L,0.0,0.0,857,0.0380443193599864,0.0380443193599864,3066,0.0,0.0,1918,1947.0,2209
postal_code_H1H,0.0,0.0,1954,-0.2438801828881632,0.2438801828881632,1068,0.0,0.0,2821,1947.6666666666667,1753
postal_code_N1J,0.0,0.0,880,-0.15226548815340013,0.15226548815340013,1979,0.0,0.0,2987,1948.6666666666667,2107
postal_code_N2Y,0.0,0.0,1103,-0.16504214508195178,0.16504214508195178,1827,0.0,0.0,2917,1949.0,1814
postal_code_N1P,0.0,0.0,863,0.1527445615384312,0.1527445615384312,1973,0.0,0.0,3016,1950.6666666666667,2153
postal_code_S6N,0.0,0.0,1828,-0.16173264880841032,0.16173264880841032,1871,0.0,0.0,2154,1951.0,326
postal_code_N7F,0.0,0.0,981,0.16984351853210267,0.16984351853210267,1778,0.0,0.0,3095,1951.3333333333333,2114
postal_code_T7N,0.0,0.0,1172,-0.07179702051395509,0.07179702051395509,2769,0.0,0.0,1913,1951.3333333333333,1597
postal_code_V8C,0.0,0.0,1391,-0.10374062681599876,0.10374062681599876,2472,0.0,0.0,1993,1952.0,1081
postal_code_M8N,0.0,0.0,836,-0.17873561718403091,0.17873561718403091,1692,0.0,0.0,3330,1952.6666666666667,2494
postal_code_T9C,0.0,0.0,1175,-0.07412382671052545,0.07412382671052545,2753,0.0,0.0,1931,1953.0,1578
postal_code_M7K,0.0,0.0,948,-0.18716475399086413,0.18716475399086413,1591,0.0,0.0,3323,1954.0,2375
postal_code_S1X,0.0,0.0,1549,-0.06288549284589563,0.06288549284589563,2845,0.0,0.0,1471,1955.0,1374
postal_code_R5K,0.0,0.0,1655,-0.10540678756980776,0.10540678756980776,2460,0.0,0.0,1752,1955.6666666666667,805
postal_code_G4B,0.0,0.0,2032,-0.2267861977405026,0.2267861977405026,1224,0.0,0.0,2612,1956.0,1388
postal_code_A4B,0.0,0.0,1303,-0.09939491477906563,0.09939491477906563,2509,0.0,0.0,2060,1957.3333333333333,1206
postal_code_V9K,0.0,0.0,1394,0.10360364461777356,0.10360364461777356,2474,0.0,0.0,2004,1957.3333333333333,1080
postal_code_H7Z,0.0,0.0,2171,0.24510321393672818,0.24510321393672818,1057,0.0,0.0,2646,1958.0,1589
postal_code_H6J,0.0,0.0,2119,-0.2511768252168915,0.2511768252168915,1008,0.0,0.0,2749,1958.6666666666667,1741
postal_code_N5B,0.0,0.0,1155,-0.16950578309741354,0.16950578309741354,1785,0.0,0.0,2939,1959.6666666666667,1784
postal_code_P8Y,0.0,0.0,786,-0.003897129461181235,0.003897129461181235,3387,0.0,0.0,1709,1960.6666666666667,2601
postal_code_R9K,0.0,0.0,1565,-0.06662395914156764,0.06662395914156764,2815,0.0,0.0,1503,1961.0,1312
postal_code_T6X,0.0,0.0,1308,0.08527611482807207,0.08527611482807207,2649,0.0,0.0,1926,1961.0,1341
postal_code_B2E,0.0,0.0,2903,-0.28965607334148236,0.28965607334148236,757,0.0,0.0,2224,1961.3333333333333,2146
postal_code_A9Y,0.0,0.0,813,-0.0483836131969955,0.0483836131969955,2980,0.0,0.0,2091,1961.3333333333333,2167
postal_code_N1G,0.0,0.0,878,-0.14546479324437642,0.14546479324437642,2051,0.0,0.0,2957,1962.0,2079
postal_code_K8Q,0.0,0.0,2776,-0.17136576986334348,0.17136576986334348,1762,-0.03935360904126447,0.03935360904126447,1351,1963.0,1425
postal_code_C5G,0.0,0.0,2448,-0.16999582957012485,0.16999582957012485,1774,0.0,0.0,1669,1963.6666666666667,779
postal_code_G8N,0.0,0.0,1908,-0.23104920826719222,0.23104920826719222,1184,0.0,0.0,2801,1964.3333333333333,1617
postal_code_C7B,0.0,0.0,2327,-0.33032839782511525,0.33032839782511525,532,0.0,0.0,3035,1964.6666666666667,2503
postal_code_L2D,0.0,0.0,2689,-0.15794796295988178,0.15794796295988178,1917,-0.05984577672738684,0.05984577672738684,1288,1964.6666666666667,1401
postal_code_C3Z,0.0,0.0,2437,-0.16973684441539444,0.16973684441539444,1779,0.0,0.0,1680,1965.3333333333333,757
postal_code_K6B,0.0,0.0,3305,-0.19683336564895831,0.19683336564895831,1501,-0.13756658004680453,0.13756658004680453,1092,1966.0,2213
postal_code_R5E,0.0,0.0,1532,-0.08817488613101941,0.08817488613101941,2624,0.0,0.0,1743,1966.3333333333333,1092
postal_code_N1L,0.0,0.0,882,-0.14765174940307638,0.14765174940307638,2029,0.0,0.0,2989,1966.6666666666667,2107
postal_code_R7E,0.0,0.0,1699,-0.08962079508548128,0.08962079508548128,2615,0.0,0.0,1587,1967.0,1028
postal_code_S7A,0.0,0.0,1885,-0.15854648169989433,0.15854648169989433,1905,0.0,0.0,2112,1967.3333333333333,227
postal_code_N8B,0.0,0.0,1049,-0.17692614859266043,0.17692614859266043,1712,0.0,0.0,3143,1968.0,2094
postal_code_N3Y,0.0,0.0,1081,-0.15699775136088745,0.15699775136088745,1929,0.0,0.0,2895,1968.3333333333333,1814
postal_code_P9Y,0.0,0.0,764,0.007078607045792782,0.007078607045792782,3358,0.0,0.0,1785,1969.0,2594
postal_code_V7N,0.0,0.0,1353,-0.09301911264133136,0.09301911264133136,2579,0.0,0.0,1976,1969.3333333333333,1226
postal_code_V9J,0.0,0.0,1415,0.10133062490146028,0.10133062490146028,2492,0.0,0.0,2005,1970.6666666666667,1077
postal_code_H7F,0.0,0.0,2103,-0.24301115823836864,0.24301115823836864,1077,0.0,0.0,2732,1970.6666666666667,1655
postal_code_M5T,0.0,0.0,904,-0.18477516769574057,0.18477516769574057,1617,0.0,0.0,3393,1971.3333333333333,2489
postal_code_B6H,0.0,0.0,2116,-0.1843933807408983,0.1843933807408983,1626,0.0,0.0,2172,1971.3333333333333,546
postal_code_N3K,0.0,0.0,1093,-0.1579749786902603,0.1579749786902603,1915,0.0,0.0,2906,1971.3333333333333,1813
postal_code_K4G,0.0,0.0,3236,-0.2002677374511697,0.2002677374511697,1462,-0.08823919717004111,0.08823919717004111,1220,1972.6666666666667,2016
postal_code_A4N,0.0,0.0,1326,-0.09953615301138084,0.09953615301138084,2507,0.0,0.0,2086,1973.0,1181
postal_code_R5N,0.0,0.0,1658,-0.09910881843681892,0.09910881843681892,2514,0.0,0.0,1749,1973.6666666666667,856
postal_code_H1D,0.0,0.0,1977,-0.24451963073100436,0.24451963073100436,1062,0.0,0.0,2883,1974.0,1821
postal_code_V4R,0.0,0.0,1518,0.11321666745114803,0.11321666745114803,2373,0.0,0.0,2033,1974.6666666666667,855
postal_code_T5F,0.0,0.0,1267,-0.10974431083220651,0.10974431083220651,2408,0.0,0.0,2251,1975.3333333333333,1141
postal_code_S1S,0.0,0.0,1543,-0.0570107965895749,0.0570107965895749,2902,0.0,0.0,1482,1975.6666666666667,1420
postal_code_K4S,0.0,0.0,3247,-0.2197258650607803,0.2197258650607803,1286,-0.025915848600337407,0.025915848600337407,1395,1976.0,1961
postal_code_S7X,0.0,0.0,1859,0.15258904857493716,0.15258904857493716,1975,0.0,0.0,2095,1976.3333333333333,236
postal_code_N7B,0.0,0.0,1000,-0.16475977545351314,0.16475977545351314,1831,0.0,0.0,3099,1976.6666666666667,2099
postal_code_C9M,0.0,0.0,2344,-0.34694379537140685,0.34694379537140685,470,0.0,0.0,3117,1977.0,2647
postal_code_B7B,0.0,0.0,1951,-0.1054321060973525,0.1054321060973525,2459,0.0,0.0,1524,1978.0,935
postal_code_N9L,0.0,0.0,1038,0.1631204222810396,0.1631204222810396,1849,0.0,0.0,3048,1978.3333333333333,2010
postal_code_S9V,0.0,0.0,1741,-0.1603615754682821,0.1603615754682821,1887,0.0,0.0,2309,1979.0,568
postal_code_G5G,0.0,0.0,2015,-0.19383990690732777,0.19383990690732777,1534,0.0,0.0,2388,1979.0,854
postal_code_L8R,0.0,0.0,3005,-0.17125582174979162,0.17125582174979162,1763,-0.10834354818918761,0.10834354818918761,1169,1979.0,1836
postal_code_N5T,0.0,0.0,1128,-0.1605206580490253,0.1605206580490253,1885,0.0,0.0,2924,1979.0,1796
postal_code_K7C,0.0,0.0,2786,-0.1666045723766704,0.1666045723766704,1809,-0.040830205146816095,0.040830205146816095,1346,1980.3333333333333,1440
postal_code_N3U,0.0,0.0,1077,-0.15316876952199507,0.15316876952199507,1968,0.0,0.0,2897,1980.6666666666667,1820
postal_code_C3V,0.0,0.0,2434,-0.16784774375014627,0.16784774375014627,1800,0.0,0.0,1708,1980.6666666666667,726
postal_code_G2F,0.0,0.0,2555,0.1336878974686177,0.1336878974686177,2143,0.07818018200520627,0.07818018200520627,1248,1982.0,1307
postal_code_A6T,0.0,0.0,791,0.01104208994813201,0.01104208994813201,3316,0.0,0.0,1839,1982.0,2525
postal_code_S1V,0.0,0.0,1547,-0.054455483735671176,0.054455483735671176,2927,0.0,0.0,1473,1982.3333333333333,1454
postal_code_R5B,0.0,0.0,1158,-0.04283219195142695,0.04283219195142695,3031,0.0,0.0,1759,1982.6666666666667,1873
postal_code_M7X,0.0,0.0,821,-0.16903887101838244,0.16903887101838244,1787,0.0,0.0,3344,1984.0,2523
postal_code_B6Q,0.0,0.0,2245,0.13492732503787155,0.13492732503787155,2132,0.0,0.0,1576,1984.3333333333333,669
postal_code_T9U,0.0,0.0,1238,-0.0656511082840532,0.0656511082840532,2820,0.0,0.0,1896,1984.6666666666667,1582
postal_code_C6V,0.0,0.0,2321,-0.3217603589642622,0.3217603589642622,580,0.0,0.0,3053,1984.6666666666667,2473
postal_code_S6S,0.0,0.0,1856,-0.15201119536316737,0.15201119536316737,1984,0.0,0.0,2118,1986.0,262
postal_code_J1R,0.0,0.0,3142,-0.16940813607727032,0.16940813607727032,1786,-0.15649283343875345,0.15649283343875345,1036,1988.0,2106
postal_code_B7F,0.0,0.0,1907,-0.10145268565214412,0.10145268565214412,2491,0.0,0.0,1570,1989.3333333333333,921
postal_code_A7D,0.0,0.0,725,0.002452770538813591,0.002452770538813591,3398,0.0,0.0,1848,1990.3333333333333,2673
postal_code_J4P,0.0,0.0,3070,0.19605915036114427,0.19605915036114427,1507,0.026725695365433594,0.026725695365433594,1394,1990.3333333333333,1676
postal_code_N2B,0.0,0.0,852,0.13690201374710673,0.13690201374710673,2120,0.0,0.0,3004,1992.0,2152
postal_code_K4I,0.0,0.0,3238,0.21968098973486766,0.21968098973486766,1287,0.006332888119969638,0.006332888119969638,1452,1992.3333333333333,1951
postal_code_N6Z,0.0,0.0,1021,0.16276369045860695,0.16276369045860695,1855,0.0,0.0,3101,1992.3333333333333,2080
postal_code_A5A,0.0,0.0,1785,-0.13359817081313696,0.13359817081313696,2144,0.0,0.0,2051,1993.3333333333333,359
postal_code_S6O,0.0,0.0,1829,-0.14759245701377277,0.14759245701377277,2031,0.0,0.0,2121,1993.6666666666667,292
postal_code_A4P,0.0,0.0,1271,-0.08833379810648406,0.08833379810648406,2622,0.0,0.0,2088,1993.6666666666667,1351
postal_code_L4X,0.0,0.0,2721,-0.16613463213917992,0.16613463213917992,1815,-0.009225137331116254,0.009225137331116254,1445,1993.6666666666667,1276
postal_code_N1Q,0.0,0.0,842,-0.13641247898051562,0.13641247898051562,2125,0.0,0.0,3015,1994.0,2173
postal_code_S8J,0.0,0.0,1870,-0.15346802021264347,0.15346802021264347,1966,0.0,0.0,2149,1995.0,279
postal_code_L1C,0.0,0.0,2815,0.1518424970004234,0.1518424970004234,1986,0.10083977843120977,0.10083977843120977,1185,1995.3333333333333,1630
postal_code_G3B,0.0,0.0,2530,-0.2569224101250594,0.2569224101250594,964,0.0,0.0,2493,1995.6666666666667,1566
postal_code_L2P,0.0,0.0,2700,0.15072506463115723,0.15072506463115723,1998,0.0594592500427125,0.0594592500427125,1290,1996.0,1410
postal_code_V5C,0.0,0.0,1529,0.11107159000518549,0.11107159000518549,2385,0.0,0.0,2075,1996.3333333333333,856
postal_code_S6H,0.0,0.0,1824,-0.15244001411091976,0.15244001411091976,1976,0.0,0.0,2190,1996.6666666666667,366
postal_code_C9O,0.0,0.0,2358,-0.3373082295581791,0.3373082295581791,514,0.0,0.0,3118,1996.6666666666667,2604
postal_code_H8A,0.0,0.0,2172,-0.2318649772833467,0.2318649772833467,1174,0.0,0.0,2645,1997.0,1471
postal_code_V2Z,0.0,0.0,1479,-0.08687753747212769,0.08687753747212769,2632,0.0,0.0,1880,1997.0,1153
postal_code_N1S,0.0,0.0,843,0.13465635974258405,0.13465635974258405,2135,0.0,0.0,3013,1997.0,2170
postal_code_M7O,0.0,0.0,952,-0.1792160548141828,0.1792160548141828,1687,0.0,0.0,3353,1997.3333333333333,2401
postal_code_N8J,0.0,0.0,1048,-0.1665652920140083,0.1665652920140083,1810,0.0,0.0,3136,1998.0,2088
postal_code_T6J,0.0,0.0,1342,-0.11067159534167377,0.11067159534167377,2391,0.0,0.0,2261,1998.0,1049
postal_code_A3E,0.0,0.0,1231,-0.08095576482578637,0.08095576482578637,2702,0.0,0.0,2062,1998.3333333333333,1471
postal_code_T8Y,0.0,0.0,1161,-0.058875898698937175,0.058875898698937175,2890,0.0,0.0,1948,1999.6666666666667,1729
postal_code_B7D,0.0,0.0,1911,-0.09319751667599446,0.09319751667599446,2576,0.0,0.0,1515,2000.6666666666667,1061
postal_code_C5R,0.0,0.0,2377,-0.2922674601821734,0.2922674601821734,740,0.0,0.0,2886,2001.0,2146
postal_code_A5T,0.0,0.0,1739,-0.11035776807619704,0.11035776807619704,2396,0.0,0.0,1869,2001.3333333333333,657
postal_code_B5Z,0.0,0.0,2158,-0.18220947599704765,0.18220947599704765,1657,0.0,0.0,2200,2005.0,543
postal_code_T7D,0.0,0.0,1314,-0.06996479996208033,0.06996479996208033,2782,0.0,0.0,1921,2005.6666666666667,1468
postal_code_H9T,0.0,0.0,3166,0.20644060838641215,0.20644060838641215,1401,0.006829567194415749,0.006829567194415749,1451,2006.0,1765
postal_code_J2H,0.0,0.0,3156,-0.18676741019115875,0.18676741019115875,1598,-0.06928889147406851,0.06928889147406851,1267,2007.0,1889
postal_code_N5Q,0.0,0.0,1125,-0.15312034606302585,0.15312034606302585,1969,0.0,0.0,2927,2007.0,1802
postal_code_E1D,0.0,0.0,2367,-0.2974696451914882,0.2974696451914882,714,0.0,0.0,2940,2007.0,2226
postal_code_V4G,0.0,0.0,1484,0.1011257696109391,0.1011257696109391,2494,0.0,0.0,2044,2007.3333333333333,1010
postal_code_C9Y,0.0,0.0,2364,-0.2939903244485708,0.2939903244485708,731,0.0,0.0,2932,2009.0,2201
postal_code_P2H,0.0,0.0,533,-0.10866636197732904,0.10866636197732904,2420,0.0,0.0,3076,2009.6666666666667,2543
postal_code_L1V,0.0,0.0,2691,-0.27908148961428,0.27908148961428,827,0.0,0.0,2512,2010.0,1864
postal_code_N3T,0.0,0.0,1076,-0.14462359166419853,0.14462359166419853,2057,0.0,0.0,2898,2010.3333333333333,1822
postal_code_T7X,0.0,0.0,1193,-0.05368218071642454,0.05368218071642454,2932,0.0,0.0,1906,2010.3333333333333,1739
postal_code_A1G,0.0,0.0,1393,-0.08754467232128568,0.08754467232128568,2625,0.0,0.0,2014,2010.6666666666667,1232
postal_code_N8H,0.0,0.0,794,-0.13888353369796258,0.13888353369796258,2101,0.0,0.0,3138,2011.0,2344
postal_code_V2V,0.0,0.0,1476,-0.08327305106810193,0.08327305106810193,2674,0.0,0.0,1884,2011.3333333333333,1198
postal_code_B7G,0.0,0.0,1916,-0.09539074424804278,0.09539074424804278,2549,0.0,0.0,1573,2012.6666666666667,976
postal_code_B8T,0.0,0.0,2417,-0.16603881200636114,0.16603881200636114,1818,0.0,0.0,1807,2014.0,610
postal_code_T7C,0.0,0.0,1313,-0.06739957458042331,0.06739957458042331,2808,0.0,0.0,1922,2014.3333333333333,1495
postal_code_S6E,0.0,0.0,1821,-0.1475380118946713,0.1475380118946713,2032,0.0,0.0,2191,2014.6666666666667,370
postal_code_H9G,0.0,0.0,2156,-0.22139789072819058,0.22139789072819058,1270,0.0,0.0,2620,2015.3333333333333,1350
postal_code_T9M,0.0,0.0,1230,-0.059890345514651694,0.059890345514651694,2881,0.0,0.0,1936,2015.6666666666667,1651
postal_code_S2Z,0.0,0.0,1622,-0.12558616811937717,0.12558616811937717,2242,0.0,0.0,2184,2016.0,620
postal_code_M8E,0.0,0.0,827,0.16077179625019716,0.16077179625019716,1882,0.0,0.0,3339,2016.0,2512
postal_code_V8F,0.0,0.0,1416,0.08649890394917985,0.08649890394917985,2638,0.0,0.0,1994,2016.0,1222
postal_code_R5P,0.0,0.0,1660,-0.08541042380423296,0.08541042380423296,2647,0.0,0.0,1747,2018.0,987
postal_code_V6G,0.0,0.0,1437,0.09486880536108301,0.09486880536108301,2554,0.0,0.0,2064,2018.3333333333333,1117
postal_code_G7C,0.0,0.0,2063,-0.19217996789254677,0.19217996789254677,1547,0.0,0.0,2449,2019.6666666666667,902
postal_code_T9N,0.0,0.0,1232,-0.05851880238089735,0.05851880238089735,2893,0.0,0.0,1935,2020.0,1661
postal_code_M3E,0.0,0.0,2925,0.1636578172984292,0.1636578172984292,1841,0.057875106475594795,0.057875106475594795,1294,2020.0,1631
postal_code_B3O,0.0,0.0,2846,0.2705140151768246,0.2705140151768246,885,0.0,0.0,2330,2020.3333333333333,1961
postal_code_C3H,0.0,0.0,2452,-0.15781372059347032,0.15781372059347032,1918,0.0,0.0,1692,2020.6666666666667,760
postal_code_V6F,0.0,0.0,1358,0.08649529498844985,0.08649529498844985,2639,0.0,0.0,2065,2020.6666666666667,1281
postal_code_J7L,0.0,0.0,3097,-0.18015582128585447,0.18015582128585447,1679,-0.059676301751633284,0.059676301751633284,1289,2021.6666666666667,1808
postal_code_A8M,0.0,0.0,1047,-0.038197920804369824,0.038197920804369824,3065,0.0,0.0,1954,2022.0,2018
postal_code_H5Q,0.0,0.0,2255,-0.2388173643198851,0.2388173643198851,1114,0.0,0.0,2699,2022.6666666666667,1585
postal_code_L3I,0.0,0.0,2680,-0.2724685225429916,0.2724685225429916,871,0.0,0.0,2517,2022.6666666666667,1809
postal_code_K2M,0.0,0.0,3384,0.18851560727327765,0.18851560727327765,1585,0.13513750829481214,0.13513750829481214,1100,2023.0,2284
postal_code_R8Z,0.0,0.0,1624,-0.05093551787282289,0.05093551787282289,2951,0.0,0.0,1498,2024.3333333333333,1453
police_report_filed_No,0.0,0.0,1412,0.021194914208827513,0.021194914208827513,3222,0.01036640035238265,0.01036640035238265,1441,2025.0,1810
postal_code_A8Z,0.0,0.0,1120,-0.04036542909616568,0.04036542909616568,3048,0.0,0.0,1907,2025.0,1928
postal_code_V3Q,0.0,0.0,1447,-0.08390857182146609,0.08390857182146609,2668,0.0,0.0,1961,2025.3333333333333,1221
postal_code_A1N,0.0,0.0,1350,-0.07928039488318767,0.07928039488318767,2713,0.0,0.0,2017,2026.6666666666667,1363
postal_code_P2S,0.0,0.0,589,0.10781659333660484,0.10781659333660484,2430,0.0,0.0,3065,2028.0,2476
postal_code_G6V,0.0,0.0,2056,-0.1906400757529377,0.1906400757529377,1562,0.0,0.0,2466,2028.0,904
postal_code_J2Z,0.0,0.0,3220,0.16254133338718457,0.16254133338718457,1860,0.17011151651315437,0.17011151651315437,1004,2028.0,2216
postal_code_P2C,0.0,0.0,528,-0.10273842464302324,0.10273842464302324,2481,0.0,0.0,3080,2029.6666666666667,2552
postal_code_K3P,0.0,0.0,3259,-0.35171769389393487,0.35171769389393487,461,0.0,0.0,2372,2030.6666666666667,2798
postal_code_J9E,0.0,0.0,3352,-0.21975378278822852,0.21975378278822852,1284,-0.0036993661702379053,0.0036993661702379053,1458,2031.3333333333333,2068
postal_code_R8N,0.0,0.0,1682,-0.05886051943117808,0.05886051943117808,2891,0.0,0.0,1522,2031.6666666666667,1369
province_NS,0.0,0.0,1431,0.021379377281335696,0.021379377281335696,3217,0.007866735850895215,0.007866735850895215,1449,2032.3333333333333,1786
postal_code_P1Q,0.0,0.0,539,-0.09696493142377935,0.09696493142377935,2534,0.0,0.0,3024,2032.3333333333333,2485
postal_code_N2V,0.0,0.0,1100,-0.14661637285551093,0.14661637285551093,2043,0.0,0.0,2954,2032.3333333333333,1854
postal_code_J1W,0.0,0.0,3147,-0.1589378975794835,0.1589378975794835,1900,-0.1517387428015005,0.1517387428015005,1053,2033.3333333333333,2094
postal_code_B9G,0.0,0.0,2402,0.1579669970708658,0.1579669970708658,1916,0.0,0.0,1786,2034.6666666666667,616
postal_code_M6M,0.0,0.0,969,-0.16530466632065213,0.16530466632065213,1825,0.0,0.0,3311,2035.0,2342
postal_code_H5B,0.0,0.0,2241,-0.23371240365196388,0.23371240365196388,1155,0.0,0.0,2711,2035.6666666666667,1556
postal_code_S5I,0.0,0.0,1853,-0.14577063492099263,0.14577063492099263,2049,0.0,0.0,2206,2036.0,353
postal_code_A5P,0.0,0.0,1763,-0.10304021599045354,0.10304021599045354,2477,0.0,0.0,1868,2036.0,714
postal_code_P1R,0.0,0.0,518,-0.09362470049207633,0.09362470049207633,2567,0.0,0.0,3023,2036.0,2505
postal_code_A3R,0.0,0.0,1192,-0.06238693412781758,0.06238693412781758,2847,0.0,0.0,2071,2036.6666666666667,1655
postal_code_S4E,0.0,0.0,1599,-0.11491786763282527,0.11491786763282527,2352,0.0,0.0,2162,2037.6666666666667,753
vehicle_brand_Kia,0.0,0.0,1407,0.01496527168775418,0.01496527168775418,3278,0.015189496045599387,0.015189496045599387,1428,2037.6666666666667,1871
postal_code_T4F,0.0,0.0,1289,0.09288396387049903,0.09288396387049903,2582,0.0,0.0,2242,2037.6666666666667,1293
postal_code_K5M,0.0,0.0,3315,0.38154044647138846,0.38154044647138846,393,0.0,0.0,2408,2038.6666666666667,2922
postal_code_G6K,0.0,0.0,2072,-0.18038161365539981,0.18038161365539981,1676,0.0,0.0,2369,2039.0,693
postal_code_B9I,0.0,0.0,2401,0.15722181687516737,0.15722181687516737,1927,0.0,0.0,1789,2039.0,612
postal_code_S8F,0.0,0.0,1866,-0.13861261894989554,0.13861261894989554,2104,0.0,0.0,2153,2041.0,287
postal_code_K7L,0.0,0.0,2794,-0.2893257709241937,0.2893257709241937,760,0.0,0.0,2573,2042.3333333333333,2034
postal_code_A5B,0.0,0.0,1777,-0.11975320490782093,0.11975320490782093,2297,0.0,0.0,2053,2042.3333333333333,520
postal_code_K3K,0.0,0.0,3264,-0.16489162167891952,0.16489162167891952,1829,-0.15661825727976159,0.15661825727976159,1035,2042.6666666666667,2229
postal_code_T9A,0.0,0.0,1173,-0.044489651327284135,0.044489651327284135,3011,0.0,0.0,1945,2043.0,1838
postal_code_S2O,0.0,0.0,1611,-0.04855577191831156,0.04855577191831156,2976,0.0,0.0,1543,2043.3333333333333,1433
postal_code_K9J,0.0,0.0,2843,0.16506028660791638,0.16506028660791638,1826,0.00284517572270447,0.00284517572270447,1461,2043.3333333333333,1382
postal_code_M5Q,0.0,0.0,902,-0.16441591268948483,0.16441591268948483,1834,0.0,0.0,3396,2044.0,2494
postal_code_S2K,0.0,0.0,1607,-0.043426821597123515,0.043426821597123515,3026,0.0,0.0,1502,2045.0,1524
postal_code_V7O,0.0,0.0,1354,-0.06727653104649763,0.06727653104649763,2809,0.0,0.0,1975,2046.0,1455
postal_code_A8O,0.0,0.0,1056,0.03208851070026846,0.03208851070026846,3127,0.0,0.0,1955,2046.0,2071
postal_code_R5D,0.0,0.0,1160,0.021175283164686764,0.021175283164686764,3223,0.0,0.0,1756,2046.3333333333333,2063
postal_code_T4Z,0.0,0.0,1261,0.08461553813045336,0.08461553813045336,2656,0.0,0.0,2225,2047.3333333333333,1395
postal_code_R6X,0.0,0.0,1646,0.05233968226371531,0.05233968226371531,2944,0.0,0.0,1556,2048.6666666666665,1388
postal_code_B7X,0.0,0.0,2094,-0.09404959079834707,0.09404959079834707,2561,0.0,0.0,1492,2049.0,1069
postal_code_M8I,0.0,0.0,831,-0.15207453709395027,0.15207453709395027,1982,0.0,0.0,3335,2049.3333333333335,2504
postal_code_R9J,0.0,0.0,1564,0.03644931823401987,0.03644931823401987,3084,0.0,0.0,1501,2049.6666666666665,1583
postal_code_H9K,0.0,0.0,2160,0.07117278064150896,0.07117278064150896,2773,0.09024670940159048,0.09024670940159048,1216,2049.6666666666665,1557
postal_code_B8A,0.0,0.0,2494,-0.13153781269566106,0.13153781269566106,2174,0.0,0.0,1481,2049.6666666666665,1013
postal_code_H6L,0.0,0.0,2131,-0.22129461800215017,0.22129461800215017,1272,0.0,0.0,2747,2050.0,1475
postal_code_H7E,0.0,0.0,2102,0.21644055834311238,0.21644055834311238,1316,0.0,0.0,2733,2050.3333333333335,1417
postal_code_E5I,0.0,0.0,2580,-0.44542781335678444,0.44542781335678444,271,0.0,0.0,3302,2051.0,3031
postal_code_V7Z,0.0,0.0,1365,-0.06524768013285462,0.06524768013285462,2824,0.0,0.0,1966,2051.6666666666665,1459
postal_code_M6Z,0.0,0.0,937,-0.157640240155589,0.157640240155589,1921,0.0,0.0,3300,2052.6666666666665,2363
postal_code_V1A,0.0,0.0,1244,-0.03965925481039315,0.03965925481039315,3057,0.0,0.0,1859,2053.3333333333335,1813
postal_code_V9E,0.0,0.0,1434,-0.07849169305162167,0.07849169305162167,2720,0.0,0.0,2007,2053.6666666666665,1286
postal_code_H2Q,0.0,0.0,2224,-0.2182878973771308,0.2182878973771308,1298,0.0,0.0,2639,2053.6666666666665,1341
postal_code_G5B,0.0,0.0,2000,-0.17989576163890253,0.17989576163890253,1681,0.0,0.0,2481,2054.0,800
postal_code_N3I,0.0,0.0,1111,-0.13329005640113784,0.13329005640113784,2147,0.0,0.0,2907,2055.0,1796
postal_code_B7T,0.0,0.0,2026,-0.09262533109741876,0.09262533109741876,2585,0.0,0.0,1559,2056.6666666666665,1026
postal_code_T6V,0.0,0.0,1306,0.07083802608467535,0.07083802608467535,2776,0.0,0.0,2089,2057.0,1470
postal_code_C5C,0.0,0.0,2445,-0.14388554560468916,0.14388554560468916,2064,0.0,0.0,1663,2057.3333333333335,782
postal_code_A2H,0.0,0.0,1448,-0.0728163005879559,0.0728163005879559,2758,0.0,0.0,1970,2058.6666666666665,1310
postal_code_A9V,0.0,0.0,871,0.004942036789242916,0.004942036789242916,3381,0.0,0.0,1925,2059.0,2510
postal_code_G4Q,0.0,0.0,2011,-0.1863493466822403,0.1863493466822403,1603,0.0,0.0,2564,2059.3333333333335,961
postal_code_V4X,0.0,0.0,1524,0.08993583303053901,0.08993583303053901,2611,0.0,0.0,2043,2059.3333333333335,1087
postal_code_L3Z,0.0,0.0,2744,-0.2666202449706613,0.2666202449706613,900,0.0,0.0,2535,2059.6666666666665,1844
postal_code_M7D,0.0,0.0,941,-0.15560169115878383,0.15560169115878383,1942,0.0,0.0,3297,2060.0,2356
postal_code_V9Z,0.0,0.0,1405,0.0707642492118733,0.0707642492118733,2777,0.0,0.0,1999,2060.3333333333335,1372
postal_code_T8K,0.0,0.0,1185,0.04171137137501154,0.04171137137501154,3040,0.0,0.0,1958,2061.0,1855
postal_code_V2C,0.0,0.0,1224,-0.03238057482868156,0.03238057482868156,3125,0.0,0.0,1835,2061.3333333333335,1901
postal_code_V1I,0.0,0.0,1229,0.033924982598854736,0.033924982598854736,3108,0.0,0.0,1851,2062.6666666666665,1879
postal_code_S4H,0.0,0.0,1717,-0.11813504961593538,0.11813504961593538,2315,0.0,0.0,2159,2063.6666666666665,598
postal_code_H7Q,0.0,0.0,2114,-0.211155572191581,0.211155572191581,1358,0.0,0.0,2721,2064.3333333333335,1363
postal_code_N2K,0.0,0.0,861,-0.11646470451678095,0.11646470451678095,2338,0.0,0.0,2995,2064.6666666666665,2134
postal_code_A1O,0.0,0.0,1385,-0.06923561548501216,0.06923561548501216,2791,0.0,0.0,2018,2064.6666666666665,1406
postal_code_V3C,0.0,0.0,1482,-0.06341427497452813,0.06341427497452813,2836,0.0,0.0,1877,2065.0,1354
postal_code_N5G,0.0,0.0,1137,0.1364764917655899,0.1364764917655899,2123,0.0,0.0,2936,2065.3333333333335,1799
postal_code_N2S,0.0,0.0,1097,0.13782764910176024,0.13782764910176024,2110,0.0,0.0,2990,2065.6666666666665,1893
postal_code_M5U,0.0,0.0,905,-0.1577785455469857,0.1577785455469857,1919,0.0,0.0,3374,2066.0,2469
postal_code_B8H,0.0,0.0,2405,-0.142076481909733,0.142076481909733,2074,0.0,0.0,1720,2066.3333333333335,685
postal_code_V1E,0.0,0.0,1248,0.03522644906106071,0.03522644906106071,3099,0.0,0.0,1855,2067.3333333333335,1851
postal_code_B5J,0.0,0.0,3046,-0.25135136711170397,0.25135136711170397,1007,0.0,0.0,2152,2068.3333333333335,2039
postal_code_V1S,0.0,0.0,1214,-0.029619375712311942,0.029619375712311942,3148,0.0,0.0,1843,2068.3333333333335,1934
postal_code_N3Q,0.0,0.0,1073,0.12619478052721225,0.12619478052721225,2233,0.0,0.0,2901,2069.0,1828
postal_code_S7V,0.0,0.0,1882,-0.1267315143101427,0.1267315143101427,2228,0.0,0.0,2097,2069.0,346
postal_code_A3I,0.0,0.0,1240,-0.056713155059231794,0.056713155059231794,2906,0.0,0.0,2063,2069.6666666666665,1666
postal_code_M9N,0.0,0.0,815,-0.10814827855379767,0.10814827855379767,2424,0.0,0.0,2970,2069.6666666666665,2155
postal_code_H7X,0.0,0.0,2169,-0.20686677313768495,0.20686677313768495,1397,0.0,0.0,2647,2071.0,1250
postal_code_B4X,0.0,0.0,3103,-0.27888518902555315,0.27888518902555315,828,0.0,0.0,2285,2072.0,2275
postal_code_B7M,0.0,0.0,2081,-0.09188626038487807,0.09188626038487807,2592,0.0,0.0,1546,2073.0,1046
postal_code_B1G,0.0,0.0,951,-0.04489764417146805,0.04489764417146805,3008,0.0,0.0,2260,2073.0,2057
postal_code_R8M,0.0,0.0,1681,-0.04410538447765505,0.04410538447765505,3018,0.0,0.0,1521,2073.3333333333335,1497
postal_code_N7V,0.0,0.0,997,-0.14194944125986508,0.14194944125986508,2075,0.0,0.0,3148,2073.3333333333335,2151
postal_code_N4Q,0.0,0.0,1145,-0.1352058495643168,0.1352058495643168,2129,0.0,0.0,2949,2074.3333333333335,1804
postal_code_S4B,0.0,0.0,1596,-0.10483658504018852,0.10483658504018852,2463,0.0,0.0,2165,2074.6666666666665,867
postal_code_A6N,0.0,0.0,1664,-0.08406712602934663,0.08406712602934663,2665,0.0,0.0,1895,2074.6666666666665,1001
postal_code_N9W,0.0,0.0,542,0.08591461063198047,0.08591461063198047,2643,0.0,0.0,3040,2075.0,2498
postal_code_N7J,0.0,0.0,985,-0.13323925682341714,0.13323925682341714,2149,0.0,0.0,3091,2075.0,2106
postal_code_A4R,0.0,0.0,1264,-0.053896127427995134,0.053896127427995134,2931,0.0,0.0,2032,2075.6666666666665,1667
postal_code_S3N,0.0,0.0,1584,-0.10377098630140617,0.10377098630140617,2470,0.0,0.0,2176,2076.6666666666665,886
postal_code_H8Z,0.0,0.0,2149,-0.2004971450624501,0.2004971450624501,1459,0.0,0.0,2623,2077.0,1164
postal_code_J1V,0.0,0.0,3146,-0.16120104266175317,0.16120104266175317,1878,-0.09284506056218493,0.09284506056218493,1209,2077.6666666666665,1937
postal_code_R5G,0.0,0.0,1651,-0.064586559938636,0.064586559938636,2828,0.0,0.0,1755,2078.0,1177
postal_code_V8X,0.0,0.0,1429,-0.06889407179045347,0.06889407179045347,2792,0.0,0.0,2013,2078.0,1363
postal_code_L1Q,0.0,0.0,2783,-0.26634504936065284,0.26634504936065284,904,0.0,0.0,2548,2078.3333333333335,1879
postal_code_B6E,0.0,0.0,2105,-0.15798712786095134,0.15798712786095134,1914,0.0,0.0,2217,2078.6666666666665,303
gender_Male,0.0,0.0,1411,0.0036341228367174874,0.0036341228367174874,3388,0.011199848502658795,0.011199848502658795,1439,2079.3333333333335,1977
postal_code_H8J,0.0,0.0,2181,-0.20459430065198853,0.20459430065198853,1421,0.0,0.0,2638,2080.0,1217
postal_code_K9L,0.0,0.0,2845,0.14698296127935515,0.14698296127935515,2038,0.037225418640247615,0.037225418640247615,1358,2080.3333333333335,1487
postal_code_H7W,0.0,0.0,2168,-0.203835968758556,0.203835968758556,1429,0.0,0.0,2648,2081.6666666666665,1219
postal_code_A1C,0.0,0.0,1426,-0.06675484411982899,0.06675484411982899,2813,0.0,0.0,2009,2082.6666666666665,1387
postal_code_V9O,0.0,0.0,1397,0.06233442542515178,0.06233442542515178,2849,0.0,0.0,2002,2082.6666666666665,1452
postal_code_V6W,0.0,0.0,1384,-0.05999767450226303,0.05999767450226303,2877,0.0,0.0,1987,2082.6666666666665,1493
postal_code_M8M,0.0,0.0,835,-0.1408197671060686,0.1408197671060686,2083,0.0,0.0,3331,2083.0,2496
postal_code_T8G,0.0,0.0,1201,-0.030875856272379168,0.030875856272379168,3136,0.0,0.0,1914,2083.6666666666665,1935
postal_code_S5B,0.0,0.0,1848,-0.12982572248062865,0.12982572248062865,2195,0.0,0.0,2210,2084.3333333333335,362
postal_code_V4C,0.0,0.0,1457,0.07445559181815378,0.07445559181815378,2750,0.0,0.0,2047,2084.6666666666665,1293
postal_code_V1B,0.0,0.0,1245,-0.028615723053789153,0.028615723053789153,3155,0.0,0.0,1858,2086.0,1910
postal_code_C1L,0.0,0.0,2400,-0.1275057078441615,0.1275057078441615,2219,0.0,0.0,1643,2087.3333333333335,757
postal_code_B9P,0.0,0.0,2386,-0.14155667216983345,0.14155667216983345,2078,0.0,0.0,1799,2087.6666666666665,587
postal_code_A5J,0.0,0.0,1795,-0.08658787206443373,0.08658787206443373,2636,0.0,0.0,1834,2088.3333333333335,841
postal_code_P2O,0.0,0.0,562,-0.08681129224582519,0.08681129224582519,2634,0.0,0.0,3069,2088.3333333333335,2507
postal_code_B7H,0.0,0.0,2060,0.08695322049801522,0.08695322049801522,2631,0.0,0.0,1575,2088.6666666666665,1056
postal_code_S7G,0.0,0.0,1889,-0.12293985694688388,0.12293985694688388,2270,0.0,0.0,2109,2089.3333333333335,381
postal_code_G1P,0.0,0.0,2491,0.327804242367646,0.327804242367646,543,0.0,0.0,3235,2089.6666666666665,2692
postal_code_J8T,0.0,0.0,3364,-0.14828966730160098,0.14828966730160098,2021,-0.21626290019239744,0.21626290019239744,889,2091.3333333333335,2475
postal_code_G7R,0.0,0.0,1934,-0.15809187030298555,0.15809187030298555,1910,0.0,0.0,2432,2092.0,522
postal_code_G2Q,0.0,0.0,2566,-0.23282003195247727,0.23282003195247727,1166,0.0,0.0,2546,2092.6666666666665,1400
postal_code_J5Q,0.0,0.0,3049,-0.3518416129089417,0.3518416129089417,460,0.0,0.0,2769,2092.6666666666665,2589
postal_code_J9O,0.0,0.0,3338,-0.3317677052544468,0.3317677052544468,525,0.0,0.0,2417,2093.3333333333335,2813
postal_code_G8U,0.0,0.0,1905,-0.1872649899124988,0.1872649899124988,1588,0.0,0.0,2787,2093.3333333333335,1199
postal_code_P2V,0.0,0.0,592,0.0873442077947295,0.0873442077947295,2627,0.0,0.0,3062,2093.6666666666665,2470
postal_code_T5B,0.0,0.0,1263,0.06811622592296461,0.06811622592296461,2798,0.0,0.0,2223,2094.6666666666665,1535
postal_code_H5A,0.0,0.0,2240,0.21415267066717086,0.21415267066717086,1332,0.0,0.0,2712,2094.6666666666665,1380
postal_code_T1W,0.0,0.0,1788,0.12766502158297052,0.12766502158297052,2217,0.0,0.0,2287,2097.3333333333335,499
postal_code_T2Y,0.0,0.0,1769,-0.12833057278030158,0.12833057278030158,2211,0.0,0.0,2317,2099.0,548
postal_code_T8L,0.0,0.0,1184,0.02807399752220885,0.02807399752220885,3158,0.0,0.0,1957,2099.6666666666665,1974
postal_code_V5I,0.0,0.0,1489,-0.07774486305417919,0.07774486305417919,2726,0.0,0.0,2085,2100.0,1237
postal_code_S8M,0.0,0.0,1872,0.12122730888542023,0.12122730888542023,2284,0.0,0.0,2147,2101.0,412
postal_code_C4T,0.0,0.0,2444,-0.12963533909657887,0.12963533909657887,2197,0.0,0.0,1662,2101.0,782
postal_code_B9D,0.0,0.0,2424,-0.14137538113197046,0.14137538113197046,2081,0.0,0.0,1801,2102.0,623
postal_code_A9E,0.0,0.0,1078,-0.010659235801218874,0.010659235801218874,3318,0.0,0.0,1912,2102.6666666666665,2240
postal_code_T9D,0.0,0.0,1176,0.024875188306667642,0.024875188306667642,3188,0.0,0.0,1944,2102.6666666666665,2012
postal_code_A2Q,0.0,0.0,1472,-0.06222617492061744,0.06222617492061744,2850,0.0,0.0,1988,2103.3333333333335,1378
postal_code_R9G,0.0,0.0,1561,-0.021246507503968216,0.021246507503968216,3219,0.0,0.0,1531,2103.6666666666665,1688
postal_code_R6B,0.0,0.0,1648,0.02531462004945571,0.02531462004945571,3184,0.0,0.0,1479,2103.6666666666665,1705
postal_code_V4L,0.0,0.0,1512,-0.07212411942096211,0.07212411942096211,2763,0.0,0.0,2039,2104.6666666666665,1251
postal_code_E8C,0.0,0.0,2634,-0.3485433877297072,0.3485433877297072,466,0.0,0.0,3214,2104.6666666666665,2748
postal_code_V7U,0.0,0.0,1360,0.04808197296762941,0.04808197296762941,2986,0.0,0.0,1969,2105.0,1626
postal_code_S3F,0.0,0.0,1600,-0.09663437108951319,0.09663437108951319,2535,0.0,0.0,2180,2105.0,935
postal_code_A9G,0.0,0.0,1108,0.013360567174456685,0.013360567174456685,3294,0.0,0.0,1915,2105.6666666666665,2186
postal_code_G6B,0.0,0.0,2083,-0.16121883582106739,0.16121883582106739,1877,0.0,0.0,2357,2105.6666666666665,480
postal_code_V4V,0.0,0.0,1522,-0.07194331260332736,0.07194331260332736,2767,0.0,0.0,2029,2106.0,1245
postal_code_A2L,0.0,0.0,1442,-0.05779968844336112,0.05779968844336112,2900,0.0,0.0,1978,2106.6666666666665,1458
postal_code_B8S,0.0,0.0,2416,-0.13489959113174005,0.13489959113174005,2133,0.0,0.0,1771,2106.6666666666665,645
postal_code_C3G,0.0,0.0,2471,-0.13238656505161298,0.13238656505161298,2160,0.0,0.0,1689,2106.6666666666665,782
postal_code_N9K,0.0,0.0,1037,-0.1261547862345522,0.1261547862345522,2235,0.0,0.0,3049,2107.0,2012
postal_code_A1J,0.0,0.0,1364,-0.052553921465751476,0.052553921465751476,2942,0.0,0.0,2015,2107.0,1578
postal_code_C3Q,0.0,0.0,2431,-0.13022763917615127,0.13022763917615127,2189,0.0,0.0,1705,2108.3333333333335,726
postal_code_G2T,0.0,0.0,2545,-0.2218423535699797,0.2218423535699797,1265,0.0,0.0,2516,2108.6666666666665,1280
postal_code_V7Q,0.0,0.0,1356,-0.04508060299819004,0.04508060299819004,3005,0.0,0.0,1973,2111.3333333333335,1649
postal_code_T5P,0.0,0.0,1299,-0.07281197592425848,0.07281197592425848,2759,0.0,0.0,2276,2111.3333333333335,1460
postal_code_H3I,0.0,0.0,2195,-0.20584496513190262,0.20584496513190262,1406,0.0,0.0,2735,2112.0,1329
postal_code_S5J,0.0,0.0,1854,-0.12153564409825385,0.12153564409825385,2279,0.0,0.0,2205,2112.6666666666665,425
postal_code_H3V,0.0,0.0,2208,-0.20318784231912357,0.20318784231912357,1442,0.0,0.0,2688,2112.6666666666665,1246
postal_code_N9H,0.0,0.0,1034,0.12454682557060091,0.12454682557060091,2255,0.0,0.0,3051,2113.3333333333335,2017
postal_code_T8H,0.0,0.0,1202,-0.021610417900906332,0.021610417900906332,3212,0.0,0.0,1929,2114.3333333333335,2010
postal_code_K1R,0.0,0.0,3413,0.17867777148143796,0.17867777148143796,1695,0.08259079644430349,0.08259079644430349,1235,2114.3333333333335,2178
postal_code_E9N,0.0,0.0,2515,-0.324248414041776,0.324248414041776,565,0.0,0.0,3264,2114.6666666666665,2699
postal_code_A3C,0.0,0.0,1228,-0.03877490536914945,0.03877490536914945,3060,0.0,0.0,2061,2116.3333333333335,1832
postal_code_B3Z,0.0,0.0,3313,-0.30026338582874357,0.30026338582874357,697,0.0,0.0,2340,2116.6666666666665,2616
postal_code_K5O,0.0,0.0,3317,-0.31244068211319,0.31244068211319,630,0.0,0.0,2406,2117.6666666666665,2687
postal_code_J2V,0.0,0.0,3217,0.16186950651621707,0.16186950651621707,1869,0.0673066270110246,0.0673066270110246,1274,2120.0,1943
postal_code_K6A,0.0,0.0,3306,-0.1544467935739062,0.1544467935739062,1959,-0.13652996860518668,0.13652996860518668,1095,2120.0,2211
postal_code_E5E,0.0,0.0,2577,-0.3433091373634531,0.3433091373634531,489,0.0,0.0,3296,2120.6666666666665,2807
postal_code_G5L,0.0,0.0,2019,-0.15426037764804154,0.15426037764804154,1961,0.0,0.0,2383,2121.0,422
postal_code_S7Q,0.0,0.0,1897,-0.11373511570021301,0.11373511570021301,2367,0.0,0.0,2101,2121.6666666666665,470
postal_code_C1N,0.0,0.0,2426,-0.11526856564242884,0.11526856564242884,2349,0.0,0.0,1592,2122.3333333333335,834
postal_code_V2U,0.0,0.0,1475,-0.04480476686744391,0.04480476686744391,3009,0.0,0.0,1885,2123.0,1534
postal_code_V5G,0.0,0.0,1507,-0.07094484587695062,0.07094484587695062,2775,0.0,0.0,2087,2123.0,1268
postal_code_B8W,0.0,0.0,2420,-0.1343177321365041,0.1343177321365041,2140,0.0,0.0,1809,2123.0,611
postal_code_N8Y,0.0,0.0,1026,-0.1276301682110615,0.1276301682110615,2218,0.0,0.0,3127,2123.6666666666665,2101
postal_code_V9P,0.0,0.0,1398,0.049151352782279056,0.049151352782279056,2972,0.0,0.0,2001,2123.6666666666665,1574
postal_code_R9R,0.0,0.0,1571,-0.014292493238714794,0.014292493238714794,3284,0.0,0.0,1518,2124.3333333333335,1766
postal_code_J9J,0.0,0.0,3333,0.3168502308892857,0.3168502308892857,605,0.0,0.0,2436,2124.6666666666665,2728
postal_code_B6R,0.0,0.0,2275,-0.08730111425302378,0.08730111425302378,2628,0.0,0.0,1474,2125.6666666666665,1154
postal_code_N1U,0.0,0.0,845,-0.09829717831287474,0.09829717831287474,2521,0.0,0.0,3011,2125.6666666666665,2166
postal_code_G8O,0.0,0.0,1909,-0.1811808294727052,0.1811808294727052,1667,0.0,0.0,2802,2126.0,1135
postal_code_A2X,0.0,0.0,1465,-0.055245980436743565,0.055245980436743565,2922,0.0,0.0,1992,2126.3333333333335,1457
postal_code_N1F,0.0,0.0,877,0.09594374763770346,0.09594374763770346,2545,0.0,0.0,2958,2126.6666666666665,2081
postal_code_R8J,0.0,0.0,1678,-0.02412791295204615,0.02412791295204615,3195,0.0,0.0,1508,2127.0,1687
postal_code_M7M,0.0,0.0,950,-0.13838929633570154,0.13838929633570154,2107,0.0,0.0,3325,2127.3333333333335,2375
postal_code_V1G,0.0,0.0,1250,0.014846134107491187,0.014846134107491187,3279,0.0,0.0,1853,2127.3333333333335,2029
postal_code_T1C,0.0,0.0,1725,-0.11441864395259577,0.11441864395259577,2357,0.0,0.0,2303,2128.3333333333335,632
postal_code_N2N,0.0,0.0,978,0.10871174516247174,0.10871174516247174,2418,0.0,0.0,2992,2129.3333333333335,2014
postal_code_V2E,0.0,0.0,1226,0.012803845671425063,0.012803845671425063,3299,0.0,0.0,1864,2129.6666666666665,2073
postal_code_V2X,0.0,0.0,1478,-0.042982753433822116,0.042982753433822116,3030,0.0,0.0,1881,2129.6666666666665,1552
postal_code_B5Y,0.0,0.0,3165,-0.248453526824398,0.248453526824398,1030,0.0,0.0,2194,2129.6666666666665,2135
postal_code_K8I,0.0,0.0,2769,-0.24413066926790775,0.24413066926790775,1066,0.0,0.0,2554,2129.6666666666665,1703
postal_code_A6I,0.0,0.0,1631,-0.060821791761457265,0.060821791761457265,2866,0.0,0.0,1893,2130.0,1235
postal_code_N1N,0.0,0.0,884,-0.10160609637776544,0.10160609637776544,2490,0.0,0.0,3017,2130.3333333333335,2133
postal_code_N4U,0.0,0.0,1148,-0.11960756624902237,0.11960756624902237,2299,0.0,0.0,2945,2130.6666666666665,1797
postal_code_V1T,0.0,0.0,1215,0.009467765637585735,0.009467765637585735,3335,0.0,0.0,1842,2130.6666666666665,2120
postal_code_H5W,0.0,0.0,2188,-0.1955899057244885,0.1955899057244885,1511,0.0,0.0,2694,2131.0,1183
postal_code_N4G,0.0,0.0,1089,-0.10881190306260306,0.10881190306260306,2416,0.0,0.0,2888,2131.0,1799
postal_code_G6E,0.0,0.0,2086,-0.155322289784396,0.155322289784396,1946,0.0,0.0,2362,2131.3333333333335,416
postal_code_H1J,0.0,0.0,1956,-0.18447385630320448,0.18447385630320448,1623,0.0,0.0,2822,2133.6666666666665,1199
postal_code_S8X,0.0,0.0,1744,-0.11823022065185528,0.11823022065185528,2313,0.0,0.0,2346,2134.3333333333335,602
postal_code_N6Q,0.0,0.0,1012,-0.12135909387887753,0.12135909387887753,2283,0.0,0.0,3109,2134.6666666666665,2097
postal_code_H8F,0.0,0.0,2177,-0.18723393019031004,0.18723393019031004,1589,0.0,0.0,2640,2135.3333333333335,1051
postal_code_V4P,0.0,0.0,1516,0.06189509613870281,0.06189509613870281,2855,0.0,0.0,2035,2135.3333333333335,1339
postal_code_S5K,0.0,0.0,1855,-0.1152061276342337,0.1152061276342337,2350,0.0,0.0,2203,2136.0,495
postal_code_A1A,0.0,0.0,1428,-0.04894631656191135,0.04894631656191135,2973,0.0,0.0,2008,2136.3333333333335,1545
postal_code_S4J,0.0,0.0,1811,0.1073564524665853,0.1073564524665853,2440,0.0,0.0,2158,2136.3333333333335,629
postal_code_V9Q,0.0,0.0,1399,-0.04472584104899393,0.04472584104899393,3010,0.0,0.0,2000,2136.3333333333335,1611
postal_code_S1K,0.0,0.0,1539,0.002412003902018624,0.002412003902018624,3399,0.0,0.0,1472,2136.6666666666665,1927
postal_code_V4M,0.0,0.0,1513,0.06135910808294677,0.06135910808294677,2860,0.0,0.0,2038,2137.0,1347
postal_code_V7G,0.0,0.0,1369,-0.0384313020899919,0.0384313020899919,3062,0.0,0.0,1981,2137.3333333333335,1693
postal_code_S9U,0.0,0.0,1742,-0.11420107428019383,0.11420107428019383,2361,0.0,0.0,2310,2137.6666666666665,619
postal_code_V7S,0.0,0.0,1357,-0.036295419483580296,0.036295419483580296,3086,0.0,0.0,1971,2138.0,1729
postal_code_T4B,0.0,0.0,1285,0.05946132607823097,0.05946132607823097,2885,0.0,0.0,2245,2138.3333333333335,1600
postal_code_N2F,0.0,0.0,856,0.09421319724442984,0.09421319724442984,2559,0.0,0.0,3000,2138.3333333333335,2144
postal_code_T6G,0.0,0.0,1339,-0.06675540247494155,0.06675540247494155,2812,0.0,0.0,2264,2138.3333333333335,1473
postal_code_T7V,0.0,0.0,1191,-0.010452409522263664,0.010452409522263664,3320,0.0,0.0,1908,2139.6666666666665,2129
postal_code_S3W,0.0,0.0,1593,-0.08439012839433785,0.08439012839433785,2660,0.0,0.0,2167,2140.0,1067
postal_code_V1X,0.0,0.0,1219,0.006547612056709988,0.006547612056709988,3364,0.0,0.0,1838,2140.3333333333335,2145
postal_code_N3W,0.0,0.0,1079,0.10696785101784356,0.10696785101784356,2446,0.0,0.0,2896,2140.3333333333335,1817
postal_code_E8V,0.0,0.0,2501,-0.2904412829449262,0.2904412829449262,751,0.0,0.0,3170,2140.6666666666665,2419
postal_code_K1C,0.0,0.0,3350,-0.1641830276603075,0.1641830276603075,1836,-0.08181344891764256,0.08181344891764256,1239,2141.6666666666665,2111
postal_code_H2Z,0.0,0.0,2234,-0.19959640881516028,0.19959640881516028,1467,0.0,0.0,2724,2141.6666666666665,1257
postal_code_V3S,0.0,0.0,1449,0.054908171558768384,0.054908171558768384,2925,0.0,0.0,2056,2143.3333333333335,1476
postal_code_V7M,0.0,0.0,1352,0.034492973288604345,0.034492973288604345,3103,0.0,0.0,1977,2144.0,1751
postal_code_G8G,0.0,0.0,1949,-0.1788612276255048,0.1788612276255048,1691,0.0,0.0,2793,2144.3333333333335,1102
postal_code_S4X,0.0,0.0,1845,-0.11254793924811078,0.11254793924811078,2376,0.0,0.0,2213,2144.6666666666665,531
postal_code_K4Q,0.0,0.0,3235,-0.1752135580302602,0.1752135580302602,1729,-1.8932292502181853e-05,1.8932292502181853e-05,1470,2144.6666666666665,1765
postal_code_R6Z,0.0,0.0,1671,0.02212227596551563,0.02212227596551563,3208,0.0,0.0,1555,2144.6666666666665,1653
postal_code_L3D,0.0,0.0,2675,-0.22082842112251222,0.22082842112251222,1275,0.0,0.0,2486,2145.3333333333335,1400
postal_code_N5X,0.0,0.0,1132,-0.11120328871616987,0.11120328871616987,2384,0.0,0.0,2922,2146.0,1790
postal_code_T9Y,0.0,0.0,1242,0.009456559411631501,0.009456559411631501,3336,0.0,0.0,1861,2146.3333333333335,2094
postal_code_A4D,0.0,0.0,1341,-0.04370102302340178,0.04370102302340178,3023,0.0,0.0,2077,2147.0,1682
postal_code_V7I,0.0,0.0,1348,0.03314266495753179,0.03314266495753179,3113,0.0,0.0,1980,2147.0,1765
postal_code_H8M,0.0,0.0,2183,-0.18439504097882456,0.18439504097882456,1624,0.0,0.0,2635,2147.3333333333335,1011
postal_code_S7U,0.0,0.0,1901,-0.10711732309829466,0.10711732309829466,2443,0.0,0.0,2098,2147.3333333333335,542
postal_code_L3A,0.0,0.0,2673,-0.22019844972953428,0.22019844972953428,1280,0.0,0.0,2489,2147.3333333333335,1393
postal_code_B7N,0.0,0.0,2016,0.06031677816508525,0.06031677816508525,2875,0.0,0.0,1552,2147.6666666666665,1323
postal_code_G2I,0.0,0.0,2558,-0.2120063696248652,0.2120063696248652,1349,0.0,0.0,2539,2148.6666666666665,1209
postal_code_B5Q,0.0,0.0,3212,-0.23674353272536292,0.23674353272536292,1129,0.0,0.0,2105,2148.6666666666665,2083
postal_code_G2V,0.0,0.0,2524,-0.20570896891149706,0.20570896891149706,1408,0.0,0.0,2515,2149.0,1116
postal_code_B2V,0.0,0.0,3033,-0.2321422563593664,0.2321422563593664,1170,0.0,0.0,2244,2149.0,1863
postal_code_V8J,0.0,0.0,1421,-0.04528741049172089,0.04528741049172089,3003,0.0,0.0,2024,2149.3333333333335,1582
postal_code_S7O,0.0,0.0,1895,0.106184633050792,0.106184633050792,2451,0.0,0.0,2103,2149.6666666666665,556
postal_code_S7Z,0.0,0.0,1860,-0.1004387616585901,0.1004387616585901,2499,0.0,0.0,2093,2150.6666666666665,639
postal_code_J2C,0.0,0.0,3152,0.1601907589703604,0.1601907589703604,1889,0.01914061272558931,0.01914061272558931,1411,2150.6666666666665,1741
postal_code_G2H,0.0,0.0,2557,-0.2099947484386001,0.2099947484386001,1368,0.0,0.0,2532,2152.3333333333335,1189
postal_code_V1D,0.0,0.0,1247,-0.006627838257738569,0.006627838257738569,3362,0.0,0.0,1856,2155.0,2115
postal_code_R7I,0.0,0.0,1703,-0.02399083692546159,0.02399083692546159,3197,0.0,0.0,1565,2155.0,1632
postal_code_V2W,0.0,0.0,1477,0.034039266475699506,0.034039266475699506,3107,0.0,0.0,1883,2155.6666666666665,1630
postal_code_S8V,0.0,0.0,1730,-0.0910270074256446,0.0910270074256446,2600,0.0,0.0,2138,2156.0,870
postal_code_L8K,0.0,0.0,3019,0.13245071407466774,0.13245071407466774,2159,0.057426995071166734,0.057426995071166734,1295,2157.6666666666665,1724
postal_code_B3J,0.0,0.0,2712,-0.20339071179047633,0.20339071179047633,1438,0.0,0.0,2324,2158.0,1274
postal_code_B6B,0.0,0.0,2112,-0.13290044807938067,0.13290044807938067,2155,0.0,0.0,2208,2158.3333333333335,96
postal_code_V2G,0.0,0.0,1344,0.016192907541825424,0.016192907541825424,3267,0.0,0.0,1866,2159.0,1923
postal_code_S3V,0.0,0.0,1592,-0.07908634096700928,0.07908634096700928,2717,0.0,0.0,2168,2159.0,1125
postal_code_V1R,0.0,0.0,1213,0.0002125798839224721,0.0002125798839224721,3420,0.0,0.0,1844,2159.0,2207
postal_code_B6Y,0.0,0.0,1974,-0.048373508859598444,0.048373508859598444,2982,0.0,0.0,1526,2160.6666666666665,1456
postal_code_K3I,0.0,0.0,3262,0.27668215009823827,0.27668215009823827,843,0.0,0.0,2377,2160.6666666666665,2419
postal_code_G6S,0.0,0.0,2053,-0.152856852945986,0.152856852945986,1972,0.0,0.0,2458,2161.0,486
postal_code_H7K,0.0,0.0,2108,-0.182808448408683,0.182808448408683,1648,0.0,0.0,2727,2161.0,1079
postal_code_R9M,0.0,0.0,1566,0.00140350454538083,0.00140350454538083,3412,0.0,0.0,1506,2161.3333333333335,1906
postal_code_H7T,0.0,0.0,2141,-0.18181733589993526,0.18181733589993526,1660,0.0,0.0,2684,2161.6666666666665,1024
postal_code_S6D,0.0,0.0,1820,-0.10360456806623383,0.10360456806623383,2473,0.0,0.0,2192,2161.6666666666665,653
postal_code_N8A,0.0,0.0,1025,-0.1180016467067803,0.1180016467067803,2317,0.0,0.0,3144,2162.0,2119
postal_code_V4D,0.0,0.0,1458,-0.04821004895395423,0.04821004895395423,2984,0.0,0.0,2046,2162.6666666666665,1526
postal_code_B9W,0.0,0.0,2390,-0.10376692882362547,0.10376692882362547,2471,0.0,0.0,1627,2162.6666666666665,844
postal_code_S8W,0.0,0.0,1809,-0.09608291685999679,0.09608291685999679,2544,0.0,0.0,2137,2163.3333333333335,735
postal_code_T6P,0.0,0.0,1321,0.05620421446443787,0.05620421446443787,2913,0.0,0.0,2256,2163.3333333333335,1592
postal_code_J3P,0.0,0.0,3189,-0.34546635024123623,0.34546635024123623,479,0.0,0.0,2824,2164.0,2710
postal_code_T6O,0.0,0.0,1301,-0.05294596875310577,0.05294596875310577,2936,0.0,0.0,2257,2164.6666666666665,1635
postal_code_M1Q,0.0,0.0,2862,-0.3661892710981951,0.3661892710981951,425,0.0,0.0,3210,2165.6666666666665,2785
postal_code_B2B,0.0,0.0,1904,-0.11824687897303289,0.11824687897303289,2312,0.0,0.0,2281,2165.6666666666665,408
postal_code_N7R,0.0,0.0,993,0.11470670939623555,0.11470670939623555,2354,0.0,0.0,3152,2166.3333333333335,2159
postal_code_S8U,0.0,0.0,1810,0.0936862752653581,0.0936862752653581,2564,0.0,0.0,2125,2166.3333333333335,754
postal_code_T4O,0.0,0.0,1278,0.04749213322945625,0.04749213322945625,2990,0.0,0.0,2233,2167.0,1712
postal_code_B9M,0.0,0.0,2383,-0.11709790247963166,0.11709790247963166,2327,0.0,0.0,1792,2167.3333333333335,591
postal_code_H1P,0.0,0.0,1962,-0.17770332599750957,0.17770332599750957,1705,0.0,0.0,2835,2167.3333333333335,1130
postal_code_G3M,0.0,0.0,2540,-0.20487971553366538,0.20487971553366538,1418,0.0,0.0,2549,2169.0,1131
postal_code_M6O,0.0,0.0,971,-0.12640378413818398,0.12640378413818398,2229,0.0,0.0,3309,2169.6666666666665,2338
postal_code_T8N,0.0,0.0,1182,-0.005445787339399072,0.005445787339399072,3373,0.0,0.0,1956,2170.3333333333335,2191
postal_code_T6Q,0.0,0.0,1302,0.05070130334837068,0.05070130334837068,2955,0.0,0.0,2255,2170.6666666666665,1653
postal_code_G4A,0.0,0.0,2031,-0.1616835984834114,0.1616835984834114,1873,0.0,0.0,2609,2171.0,736
postal_code_L2H,0.0,0.0,2703,0.11062076663901088,0.11062076663901088,2392,0.017631869047188622,0.017631869047188622,1419,2171.3333333333335,1284
postal_code_S1C,0.0,0.0,1555,0.005411757791526172,0.005411757791526172,3375,0.0,0.0,1584,2171.3333333333335,1820
postal_code_G7X,0.0,0.0,1939,0.13502926579068097,0.13502926579068097,2131,0.0,0.0,2444,2171.3333333333335,505
postal_code_A2M,0.0,0.0,1462,-0.037204299651050175,0.037204299651050175,3074,0.0,0.0,1982,2172.6666666666665,1612
postal_code_N5D,0.0,0.0,1157,-0.10830684966193935,0.10830684966193935,2423,0.0,0.0,2938,2172.6666666666665,1781
postal_code_N3L,0.0,0.0,1091,0.09763913311934422,0.09763913311934422,2525,0.0,0.0,2905,2173.6666666666665,1814
postal_code_C3A,0.0,0.0,2468,-0.11364291501405233,0.11364291501405233,2368,0.0,0.0,1685,2173.6666666666665,783
postal_code_V5N,0.0,0.0,1494,0.05144439420338343,0.05144439420338343,2949,0.0,0.0,2080,2174.3333333333335,1455
postal_code_T8V,0.0,0.0,1168,0.0020127250432444154,0.0020127250432444154,3404,0.0,0.0,1951,2174.3333333333335,2236
postal_code_K5J,0.0,0.0,3312,0.14282067893922964,0.14282067893922964,2070,0.11959608453972669,0.11959608453972669,1142,2174.6666666666665,2170
postal_code_S5Q,0.0,0.0,1814,-0.0992432560555913,0.0992432560555913,2512,0.0,0.0,2198,2174.6666666666665,698
postal_code_K6G,0.0,0.0,3287,-0.27624652057699284,0.27624652057699284,845,0.0,0.0,2392,2174.6666666666665,2442
postal_code_E1E,0.0,0.0,2368,-0.22751567240355697,0.22751567240355697,1216,0.0,0.0,2941,2175.0,1725
postal_code_S2S,0.0,0.0,1615,-0.007925979744370593,0.007925979744370593,3348,0.0,0.0,1563,2175.3333333333335,1785
postal_code_T5Q,0.0,0.0,1300,0.05091563348494307,0.05091563348494307,2952,0.0,0.0,2275,2175.6666666666665,1652
postal_code_P2N,0.0,0.0,561,0.057989815370406296,0.057989815370406296,2897,0.0,0.0,3070,2176.0,2509
postal_code_N5P,0.0,0.0,1124,-0.10315764162704742,0.10315764162704742,2476,0.0,0.0,2928,2176.0,1804
postal_code_H1Y,0.0,0.0,1971,-0.16724281140754704,0.16724281140754704,1807,0.0,0.0,2751,2176.3333333333335,944
postal_code_V6P,0.0,0.0,1378,0.03162617588036756,0.03162617588036756,3133,0.0,0.0,2025,2178.6666666666665,1755
postal_code_H4C,0.0,0.0,2263,-0.18961925669274463,0.18961925669274463,1572,0.0,0.0,2703,2179.3333333333335,1131
postal_code_T4U,0.0,0.0,1257,0.039820841499540384,0.039820841499540384,3054,0.0,0.0,2228,2179.6666666666665,1797
postal_code_T4Q,0.0,0.0,1276,0.042483015642182625,0.042483015642182625,3034,0.0,0.0,2231,2180.3333333333335,1758
postal_code_T6U,0.0,0.0,1305,-0.02998464210365088,0.02998464210365088,3146,0.0,0.0,2090,2180.3333333333335,1841
postal_code_S7F,0.0,0.0,1888,-0.09592661402923207,0.09592661402923207,2546,0.0,0.0,2110,2181.3333333333335,658
postal_code_B2Q,0.0,0.0,2881,-0.20417195880832123,0.20417195880832123,1426,0.0,0.0,2240,2182.3333333333335,1455
postal_code_H6E,0.0,0.0,2125,-0.17441927211097125,0.17441927211097125,1736,0.0,0.0,2687,2182.6666666666665,951
postal_code_V4K,0.0,0.0,1511,0.045828718236200515,0.045828718236200515,2998,0.0,0.0,2040,2183.0,1487
postal_code_N6M,0.0,0.0,1008,0.10784493889074122,0.10784493889074122,2429,0.0,0.0,3112,2183.0,2104
postal_code_H5X,0.0,0.0,2118,-0.17383447800526772,0.17383447800526772,1742,0.0,0.0,2693,2184.3333333333335,951
postal_code_N6L,0.0,0.0,1007,-0.10767361438899739,0.10767361438899739,2434,0.0,0.0,3113,2184.6666666666665,2106
postal_code_M9Y,0.0,0.0,870,0.07801606992278393,0.07801606992278393,2723,0.0,0.0,2962,2185.0,2092
postal_code_A5N,0.0,0.0,1764,-0.0642306118656341,0.0642306118656341,2832,0.0,0.0,1960,2185.3333333333335,1068
postal_code_N3Z,0.0,0.0,1082,0.09277481263792144,0.09277481263792144,2583,0.0,0.0,2894,2186.3333333333335,1812
postal_code_V8Y,0.0,0.0,1430,-0.03277759986811875,0.03277759986811875,3118,0.0,0.0,2012,2186.6666666666665,1688
postal_code_B2N,0.0,0.0,2864,-0.20015336328895683,0.20015336328895683,1463,0.0,0.0,2235,2187.3333333333335,1401
postal_code_A6C,0.0,0.0,1762,-0.05500923116177382,0.05500923116177382,2923,0.0,0.0,1878,2187.6666666666665,1161
postal_code_A1S,0.0,0.0,1373,-0.026801572427976927,0.026801572427976927,3171,0.0,0.0,2021,2188.3333333333335,1798
postal_code_E9L,0.0,0.0,2513,-0.28426719781736537,0.28426719781736537,794,0.0,0.0,3261,2189.3333333333335,2467
postal_code_A6G,0.0,0.0,1709,-0.04850866316129898,0.04850866316129898,2977,0.0,0.0,1888,2191.3333333333335,1268
postal_code_B5X,0.0,0.0,3185,-0.22888061229223952,0.22888061229223952,1202,0.0,0.0,2188,2191.6666666666665,1983
postal_code_B9O,0.0,0.0,2385,-0.11016833940571713,0.11016833940571713,2397,0.0,0.0,1795,2192.3333333333335,602
postal_code_S9J,0.0,0.0,1753,-0.08108340693653165,0.08108340693653165,2699,0.0,0.0,2128,2193.3333333333335,946
postal_code_C2L,0.0,0.0,2461,-0.09936001604969599,0.09936001604969599,2510,0.0,0.0,1609,2193.3333333333335,901
postal_code_K1G,0.0,0.0,3389,0.16951434915006588,0.16951434915006588,1784,0.019681194237278158,0.019681194237278158,1409,2194.0,1980
postal_code_L6T,0.0,0.0,2955,-0.09963586453805637,0.09963586453805637,2506,-0.12686605459845646,0.12686605459845646,1121,2194.0,1834
postal_code_L1Z,0.0,0.0,2695,-0.2086587939342684,0.2086587939342684,1380,0.0,0.0,2509,2194.6666666666665,1315
postal_code_B2L,0.0,0.0,2874,-0.1984443472357455,0.1984443472357455,1480,0.0,0.0,2232,2195.3333333333335,1394
postal_code_M4I,0.0,0.0,916,-0.1248256533329198,0.1248256533329198,2252,0.0,0.0,3420,2196.0,2504
postal_code_H8E,0.0,0.0,2176,-0.1701797538015019,0.1701797538015019,1773,0.0,0.0,2641,2196.6666666666665,868
postal_code_H3U,0.0,0.0,2207,-0.18115128884900839,0.18115128884900839,1668,0.0,0.0,2717,2197.3333333333335,1049
postal_code_M2Z,0.0,0.0,2944,0.12482590418885937,0.12482590418885937,2251,0.022043888414507214,0.022043888414507214,1401,2198.6666666666665,1543
postal_code_C9U,0.0,0.0,2363,-0.21708862195798512,0.21708862195798512,1305,0.0,0.0,2930,2199.3333333333335,1625
postal_code_P1B,0.0,0.0,547,0.04395225821506301,0.04395225821506301,3021,0.0,0.0,3036,2201.3333333333335,2489
postal_code_S7K,0.0,0.0,1891,-0.09034306700305222,0.09034306700305222,2607,0.0,0.0,2107,2201.6666666666665,716
postal_code_E6B,0.0,0.0,2629,-0.3213515742673468,0.3213515742673468,582,0.0,0.0,3395,2202.0,2813
postal_code_N8X,0.0,0.0,1045,-0.10760070522592524,0.10760070522592524,2436,0.0,0.0,3128,2203.0,2083
postal_code_E7Q,0.0,0.0,2625,-0.31793563193994434,0.31793563193994434,599,0.0,0.0,3388,2204.0,2789
postal_code_V8G,0.0,0.0,1418,-0.02243128801175121,0.02243128801175121,3205,0.0,0.0,1995,2206.0,1787
postal_code_H4H,0.0,0.0,2268,0.18349878071167977,0.18349878071167977,1640,0.0,0.0,2710,2206.0,1070
postal_code_N3P,0.0,0.0,1072,-0.08421392727029588,0.08421392727029588,2662,0.0,0.0,2887,2207.0,1815
postal_code_G6F,0.0,0.0,2087,0.13049122567673294,0.13049122567673294,2186,0.0,0.0,2349,2207.3333333333335,262
postal_code_G5S,0.0,0.0,2074,-0.13447373686471317,0.13447373686471317,2138,0.0,0.0,2411,2207.6666666666665,337
postal_code_S4L,0.0,0.0,1837,-0.09066784050664622,0.09066784050664622,2604,0.0,0.0,2186,2209.0,767
postal_code_G6D,0.0,0.0,2085,-0.13058066138408564,0.13058066138408564,2184,0.0,0.0,2360,2209.6666666666665,275
postal_code_R7K,0.0,0.0,1705,-0.008139583294663973,0.008139583294663973,3347,0.0,0.0,1578,2210.0,1769
postal_code_A6K,0.0,0.0,1627,-0.03357144211712739,0.03357144211712739,3110,0.0,0.0,1894,2210.3333333333335,1483
postal_code_K1H,0.0,0.0,3403,-0.286222327476155,0.286222327476155,782,0.0,0.0,2448,2211.0,2621
postal_code_H2W,0.0,0.0,2231,-0.17593661977291822,0.17593661977291822,1718,0.0,0.0,2685,2211.3333333333335,967
postal_code_M6Q,0.0,0.0,973,-0.11458560973609609,0.11458560973609609,2355,0.0,0.0,3306,2211.3333333333335,2333
postal_code_K4H,0.0,0.0,3237,0.15136808808370122,0.15136808808370122,1992,0.02029590646200257,0.02029590646200257,1407,2212.0,1830
postal_code_T2W,0.0,0.0,1767,0.09631825967185045,0.09631825967185045,2540,0.0,0.0,2331,2212.6666666666665,773
postal_code_M4H,0.0,0.0,915,-0.11903800807681504,0.11903800807681504,2302,0.0,0.0,3421,2212.6666666666665,2506
postal_code_M9C,0.0,0.0,804,0.06191122239422583,0.06191122239422583,2854,0.0,0.0,2981,2213.0,2177
postal_code_C3B,0.0,0.0,2469,-0.10199628310855503,0.10199628310855503,2484,0.0,0.0,1686,2213.0,798
postal_code_H7D,0.0,0.0,2101,-0.16759040903177597,0.16759040903177597,1804,0.0,0.0,2734,2213.0,930
postal_code_V7J,0.0,0.0,1349,0.01117942806201559,0.01117942806201559,3313,0.0,0.0,1979,2213.6666666666665,1964
postal_code_L8L,0.0,0.0,2999,0.11897085651519632,0.11897085651519632,2305,0.044346378604000536,0.044346378604000536,1338,2214.0,1661
postal_code_E1X,0.0,0.0,2356,-0.2084488066541114,0.2084488066541114,1383,0.0,0.0,2903,2214.0,1520
postal_code_V2S,0.0,0.0,1473,0.014319863227306835,0.014319863227306835,3283,0.0,0.0,1887,2214.3333333333335,1810
postal_code_G9R,0.0,0.0,1985,-0.16545911656331186,0.16545911656331186,1824,0.0,0.0,2836,2215.0,1012
postal_code_L2S,0.0,0.0,2686,-0.1996442929606689,0.1996442929606689,1466,0.0,0.0,2495,2215.6666666666665,1220
postal_code_L3Y,0.0,0.0,2743,-0.20978660189063195,0.20978660189063195,1369,0.0,0.0,2536,2216.0,1374
postal_code_B1Q,0.0,0.0,965,0.0004387088160940667,0.0004387088160940667,3419,0.0,0.0,2267,2217.0,2454
postal_code_G4J,0.0,0.0,2040,-0.1473778609743464,0.1473778609743464,2033,0.0,0.0,2584,2219.0,551
postal_code_K9A,0.0,0.0,2834,-0.22765409052568364,0.22765409052568364,1215,0.0,0.0,2610,2219.6666666666665,1619
postal_code_M6N,0.0,0.0,970,-0.1121690249990201,0.1121690249990201,2379,0.0,0.0,3310,2219.6666666666665,2340
postal_code_H5H,0.0,0.0,2247,-0.17725892890674694,0.17725892890674694,1707,0.0,0.0,2706,2220.0,999
postal_code_K2O,0.0,0.0,3386,-0.16037299961099294,0.16037299961099294,1886,-0.029000618176372915,0.029000618176372915,1389,2220.3333333333335,1997
postal_code_B6N,0.0,0.0,2250,-0.09293324704666231,0.09293324704666231,2581,0.0,0.0,1831,2220.6666666666665,750
postal_code_V9N,0.0,0.0,1396,-0.01620250773180387,0.01620250773180387,3265,0.0,0.0,2003,2221.3333333333335,1869
postal_code_H4T,0.0,0.0,2280,-0.1803860352792889,0.1803860352792889,1675,0.0,0.0,2714,2223.0,1039
postal_code_S5Y,0.0,0.0,1817,-0.08452354390561653,0.08452354390561653,2657,0.0,0.0,2195,2223.0,840
postal_code_V6R,0.0,0.0,1380,-0.012802621018113886,0.012802621018113886,3300,0.0,0.0,1991,2223.6666666666665,1920
postal_code_H4X,0.0,0.0,2260,-0.17783171936340866,0.17783171936340866,1703,0.0,0.0,2713,2225.3333333333335,1010
postal_code_B7Z,0.0,0.0,2525,-0.08416400974715114,0.08416400974715114,2663,0.0,0.0,1488,2225.3333333333335,1175
postal_code_E6S,0.0,0.0,2655,-0.31549458242195283,0.31549458242195283,612,0.0,0.0,3414,2227.0,2802
postal_code_C9A,0.0,0.0,2304,-0.22066186556013334,0.22066186556013334,1277,0.0,0.0,3100,2227.0,1823
postal_code_C2J,0.0,0.0,2460,-0.08955690277372373,0.08955690277372373,2616,0.0,0.0,1606,2227.3333333333335,1010
postal_code_N7H,0.0,0.0,983,-0.09048024181179702,0.09048024181179702,2606,0.0,0.0,3093,2227.3333333333335,2110
postal_code_H1O,0.0,0.0,1961,-0.16019023877614233,0.16019023877614233,1890,0.0,0.0,2831,2227.3333333333335,941
postal_code_A6D,0.0,0.0,1864,-0.050890381678426196,0.050890381678426196,2953,0.0,0.0,1867,2228.0,1089
postal_code_L5E,0.0,0.0,2728,-0.2984656693393647,0.2984656693393647,707,0.0,0.0,3249,2228.0,2542
postal_code_V3D,0.0,0.0,1483,-0.010050988290180921,0.010050988290180921,3326,0.0,0.0,1876,2228.3333333333335,1843
postal_code_B4M,0.0,0.0,3378,-0.24954565485308117,0.24954565485308117,1019,0.0,0.0,2290,2229.0,2359
postal_code_V2P,0.0,0.0,1470,-0.009809726572107125,0.009809726572107125,3329,0.0,0.0,1890,2229.6666666666665,1859
postal_code_T5I,0.0,0.0,1270,0.030501648913650925,0.030501648913650925,3141,0.0,0.0,2280,2230.3333333333335,1871
postal_code_T4E,0.0,0.0,1288,0.027714406057766157,0.027714406057766157,3160,0.0,0.0,2243,2230.3333333333335,1872
postal_code_L2R,0.0,0.0,2676,-0.19503068544431382,0.19503068544431382,1520,0.0,0.0,2496,2230.6666666666665,1156
postal_code_K5X,0.0,0.0,3326,-0.1487269547285396,0.1487269547285396,2019,-0.03985252476703581,0.03985252476703581,1348,2231.0,1978
postal_code_M8J,0.0,0.0,832,0.09730805773541186,0.09730805773541186,2527,0.0,0.0,3334,2231.0,2502
postal_code_N9C,0.0,0.0,1029,-0.09418850924876092,0.09418850924876092,2560,0.0,0.0,3105,2231.3333333333335,2076
postal_code_H6I,0.0,0.0,2128,-0.16328719840872605,0.16328719840872605,1847,0.0,0.0,2720,2231.6666666666665,873
postal_code_V2Q,0.0,0.0,1471,-0.009402278260217261,0.009402278260217261,3337,0.0,0.0,1889,2232.3333333333335,1866
postal_code_K3F,0.0,0.0,3327,-0.13006547044685252,0.13006547044685252,2191,-0.10421308809941937,0.10421308809941937,1180,2232.6666666666665,2147
postal_code_G7J,0.0,0.0,2023,-0.12487350187246155,0.12487350187246155,2250,0.0,0.0,2426,2233.0,403
postal_code_T4I,0.0,0.0,1292,0.02681477411042256,0.02681477411042256,3169,0.0,0.0,2239,2233.3333333333335,1877
postal_code_J5H,0.0,0.0,3088,0.13326200453093093,0.13326200453093093,2148,0.0016400223088165469,0.0016400223088165469,1465,2233.6666666666665,1623
postal_code_G7A,0.0,0.0,2061,-0.1318174052205529,0.1318174052205529,2168,0.0,0.0,2472,2233.6666666666665,411
postal_code_C3I,0.0,0.0,2451,-0.09426757569913517,0.09426757569913517,2558,0.0,0.0,1693,2234.0,865
postal_code_V5B,0.0,0.0,1528,0.032783351221254614,0.032783351221254614,3117,0.0,0.0,2058,2234.3333333333335,1589
postal_code_N1C,0.0,0.0,874,-0.06047109443545277,0.06047109443545277,2873,0.0,0.0,2960,2235.6666666666665,2086
postal_code_A2C,0.0,0.0,1517,-0.02066638576337266,0.02066638576337266,3226,0.0,0.0,1965,2236.0,1709
postal_code_K7V,0.0,0.0,2804,-0.21229980384666422,0.21229980384666422,1345,0.0,0.0,2563,2237.3333333333335,1459
postal_code_M2I,0.0,0.0,2914,0.09995603204622495,0.09995603204622495,2501,0.05654865219725793,0.05654865219725793,1299,2238.0,1615
postal_code_H3Y,0.0,0.0,2235,-0.16955196829846184,0.16955196829846184,1783,0.0,0.0,2698,2238.6666666666665,915
postal_code_M7L,0.0,0.0,949,-0.10709278216463654,0.10709278216463654,2444,0.0,0.0,3324,2239.0,2375
postal_code_N6R,0.0,0.0,1013,-0.09143551720514219,0.09143551720514219,2596,0.0,0.0,3108,2239.0,2095
postal_code_C2A,0.0,0.0,2455,-0.0842453103066597,0.0842453103066597,2661,0.0,0.0,1601,2239.0,1060
postal_code_V2O,0.0,0.0,1469,0.0070614218470051214,0.0070614218470051214,3359,0.0,0.0,1891,2239.6666666666665,1890
postal_code_S3R,0.0,0.0,1588,-0.049772674701054474,0.049772674701054474,2965,0.0,0.0,2171,2241.3333333333335,1377
postal_code_L8V,0.0,0.0,3008,0.12299776361545713,0.12299776361545713,2269,0.007654047922114751,0.007654047922114751,1450,2242.3333333333335,1558
postal_code_S3Q,0.0,0.0,1587,-0.049438702211313634,0.049438702211313634,2969,0.0,0.0,2173,2243.0,1382
postal_code_H6R,0.0,0.0,2137,-0.1628729725444006,0.1628729725444006,1854,0.0,0.0,2743,2244.6666666666665,889
postal_code_H2E,0.0,0.0,2093,0.15221578702155708,0.15221578702155708,1980,0.0,0.0,2664,2245.6666666666665,684
postal_code_S7R,0.0,0.0,1898,-0.07557000620956342,0.07557000620956342,2742,0.0,0.0,2100,2246.6666666666665,844
postal_code_K2B,0.0,0.0,3421,-0.16088201031527094,0.16088201031527094,1880,-0.010803945786533738,0.010803945786533738,1440,2247.0,1981
postal_code_A1E,0.0,0.0,1423,0.010162048887484634,0.010162048887484634,3324,0.0,0.0,1996,2247.6666666666665,1901
postal_code_M4M,0.0,0.0,920,0.10975711473454672,0.10975711473454672,2407,0.0,0.0,3416,2247.6666666666665,2496
postal_code_S5P,0.0,0.0,1813,-0.07640282302248982,0.07640282302248982,2737,0.0,0.0,2199,2249.6666666666665,924
postal_code_G9Z,0.0,0.0,1993,-0.16069480745721962,0.16069480745721962,1884,0.0,0.0,2875,2250.6666666666665,991
postal_code_G6G,0.0,0.0,2088,0.11941532979059127,0.11941532979059127,2301,0.0,0.0,2366,2251.6666666666665,278
postal_code_H8V,0.0,0.0,2145,-0.1519261109014135,0.1519261109014135,1985,0.0,0.0,2626,2252.0,641
postal_code_S5H,0.0,0.0,1852,0.08102644081616915,0.08102644081616915,2701,0.0,0.0,2207,2253.3333333333335,849
postal_code_H3G,0.0,0.0,2193,0.16391089181298085,0.16391089181298085,1838,0.0,0.0,2731,2254.0,893
postal_code_E8F,0.0,0.0,2636,-0.2599234456202636,0.2599234456202636,941,0.0,0.0,3188,2255.0,2247
postal_code_C5O,0.0,0.0,2308,-0.11754248767678874,0.11754248767678874,2322,0.0,0.0,2136,2255.3333333333335,186
postal_code_A3V,0.0,0.0,1315,-0.005085540189222474,0.005085540189222474,3379,0.0,0.0,2072,2255.3333333333335,2064
postal_code_P1U,0.0,0.0,520,-0.024163459339343146,0.024163459339343146,3194,0.0,0.0,3055,2256.3333333333335,2674
postal_code_G3I,0.0,0.0,2536,0.17565437338071,0.17565437338071,1724,0.0,0.0,2510,2256.6666666666665,812
postal_code_T5C,0.0,0.0,1254,0.0133046679930297,0.0133046679930297,3295,0.0,0.0,2222,2257.0,2041
postal_code_H2S,0.0,0.0,2227,-0.15868312301294052,0.15868312301294052,1903,0.0,0.0,2643,2257.6666666666665,740
employment_status_Unemployed,0.0,0.0,1406,0.005630269826817663,0.005630269826817663,3369,0.0,0.0,1998,2257.6666666666665,1963
postal_code_S4T,0.0,0.0,1843,0.07897768488957979,0.07897768488957979,2718,0.0,0.0,2215,2258.6666666666665,875
postal_code_V5K,0.0,0.0,1491,0.022555267392485163,0.022555267392485163,3204,0.0,0.0,2083,2259.3333333333335,1713
postal_code_S3S,0.0,0.0,1589,-0.04276905846219917,0.04276905846219917,3032,0.0,0.0,2157,2259.3333333333335,1443
postal_code_S5N,0.0,0.0,1834,-0.07490320448355925,0.07490320448355925,2748,0.0,0.0,2201,2261.0,914
postal_code_N7X,0.0,0.0,1022,-0.08931003827602102,0.08931003827602102,2617,0.0,0.0,3146,2261.6666666666665,2124
postal_code_P2R,0.0,0.0,588,0.031022739353082796,0.031022739353082796,3135,0.0,0.0,3066,2263.0,2547
postal_code_T4S,0.0,0.0,1255,-0.012470302264657118,0.012470302264657118,3305,0.0,0.0,2229,2263.0,2050
postal_code_H1Z,0.0,0.0,1972,0.14284300617042145,0.14284300617042145,2069,0.0,0.0,2750,2263.6666666666665,778
postal_code_K9D,0.0,0.0,2837,0.21215423249647633,0.21215423249647633,1348,0.0,0.0,2607,2264.0,1489
postal_code_J2I,0.0,0.0,3157,-0.28532297227309256,0.28532297227309256,787,0.0,0.0,2848,2264.0,2370
postal_code_L9A,0.0,0.0,3014,-0.3166040512987704,0.3166040512987704,607,0.0,0.0,3175,2265.3333333333335,2568
postal_code_E9K,0.0,0.0,2512,-0.24933130544827273,0.24933130544827273,1025,0.0,0.0,3259,2265.3333333333335,2234
postal_code_T2B,0.0,0.0,1794,-0.08229023406981781,0.08229023406981781,2687,0.0,0.0,2315,2265.3333333333335,893
postal_code_B7P,0.0,0.0,2022,-0.021362550331743117,0.021362550331743117,3218,0.0,0.0,1557,2265.6666666666665,1661
postal_code_H8Y,0.0,0.0,2148,-0.14802555762824784,0.14802555762824784,2026,0.0,0.0,2624,2266.0,598
postal_code_H5Z,0.0,0.0,2120,0.151552113666382,0.151552113666382,1989,0.0,0.0,2691,2266.6666666666665,702
postal_code_M9R,0.0,0.0,840,-0.046850956550514467,0.046850956550514467,2995,0.0,0.0,2967,2267.3333333333335,2155
postal_code_B8I,0.0,0.0,2406,-0.08338664977797025,0.08338664977797025,2673,0.0,0.0,1723,2267.3333333333335,950
postal_code_G7B,0.0,0.0,2062,0.12074335826807603,0.12074335826807603,2291,0.0,0.0,2450,2267.6666666666665,388
postal_code_N2D,0.0,0.0,854,-0.05114788411988584,0.05114788411988584,2950,0.0,0.0,3002,2268.6666666666665,2148
postal_code_B8E,0.0,0.0,2429,-0.0891818234230624,0.0891818234230624,2619,0.0,0.0,1758,2268.6666666666665,861
postal_code_G3H,0.0,0.0,2535,-0.1706759456208552,0.1706759456208552,1767,0.0,0.0,2505,2269.0,768
postal_code_G1O,0.0,0.0,2490,-0.24179798216275497,0.24179798216275497,1088,0.0,0.0,3229,2269.0,2141
postal_code_B3Y,0.0,0.0,3316,-0.2337719898413768,0.2337719898413768,1154,0.0,0.0,2339,2269.6666666666665,2162
postal_code_T1L,0.0,0.0,1733,0.06983221602186107,0.06983221602186107,2783,0.0,0.0,2297,2271.0,1050
postal_code_E5L,0.0,0.0,2584,-0.26240758587628504,0.26240758587628504,925,0.0,0.0,3305,2271.3333333333335,2380
postal_code_E3Y,0.0,0.0,2594,-0.22319369982570295,0.22319369982570295,1248,0.0,0.0,2973,2271.6666666666665,1725
gender_Other,0.0,0.0,1409,-0.0016147103387971135,0.0016147103387971135,3410,0.0,0.0,1997,2272.0,2001
postal_code_N2U,0.0,0.0,1099,-0.07498049052251814,0.07498049052251814,2747,0.0,0.0,2971,2272.3333333333335,1872
postal_code_T3N,0.0,0.0,1783,-0.0791179032188599,0.0791179032188599,2716,0.0,0.0,2321,2273.3333333333335,933
postal_code_M9G,0.0,0.0,808,-0.04223380027225345,0.04223380027225345,3037,0.0,0.0,2977,2274.0,2229
postal_code_G2A,0.0,0.0,2550,-0.17252920313095058,0.17252920313095058,1751,0.0,0.0,2521,2274.0,799
postal_code_C1W,0.0,0.0,2453,-0.0709663793476042,0.0709663793476042,2774,0.0,0.0,1595,2274.0,1179
postal_code_K3Y,0.0,0.0,3277,-0.2311069854545563,0.2311069854545563,1182,0.0,0.0,2364,2274.3333333333335,2095
postal_code_T3T,0.0,0.0,1346,-0.021147260152462835,0.021147260152462835,3225,0.0,0.0,2252,2274.3333333333335,1879
postal_code_T2J,0.0,0.0,1802,0.08275524650430768,0.08275524650430768,2680,0.0,0.0,2342,2274.6666666666665,878
postal_code_T6A,0.0,0.0,1333,-0.020611394199238662,0.020611394199238662,3228,0.0,0.0,2269,2276.6666666666665,1895
postal_code_J9X,0.0,0.0,3345,0.14511923167595936,0.14511923167595936,2053,0.013400281904320415,0.013400281904320415,1433,2277.0,1912
postal_code_S3H,0.0,0.0,1582,-0.03719154950775032,0.03719154950775032,3075,0.0,0.0,2178,2278.3333333333335,1493
postal_code_B8J,0.0,0.0,2407,-0.08027502344608846,0.08027502344608846,2705,0.0,0.0,1724,2278.6666666666665,981
postal_code_V3Z,0.0,0.0,1454,0.009598514762686115,0.009598514762686115,3333,0.0,0.0,2049,2278.6666666666665,1879
postal_code_A2T,0.0,0.0,1467,0.0046846237787329156,0.0046846237787329156,3383,0.0,0.0,1990,2280.0,1916
postal_code_H6W,0.0,0.0,2106,-0.15074394224816146,0.15074394224816146,1997,0.0,0.0,2739,2280.6666666666665,742
postal_code_N2M,0.0,0.0,977,0.06041176655232239,0.06041176655232239,2874,0.0,0.0,2993,2281.3333333333335,2016
postal_code_K6X,0.0,0.0,3234,0.13397964729768436,0.13397964729768436,2141,0.00011021666020934764,0.00011021666020934764,1469,2281.3333333333335,1765
postal_code_B3Q,0.0,0.0,2840,-0.18052752923618326,0.18052752923618326,1673,0.0,0.0,2333,2282.0,1167
postal_code_K7O,0.0,0.0,2798,-0.198588715072124,0.198588715072124,1479,0.0,0.0,2570,2282.3333333333335,1319
postal_code_N1R,0.0,0.0,862,0.049167373462612726,0.049167373462612726,2971,0.0,0.0,3014,2282.3333333333335,2152
postal_code_H2R,0.0,0.0,2226,-0.15220614027619228,0.15220614027619228,1981,0.0,0.0,2642,2283.0,661
postal_code_G6Y,0.0,0.0,2058,0.11763717755535633,0.11763717755535633,2320,0.0,0.0,2471,2283.0,413
postal_code_N3F,0.0,0.0,1109,-0.06389146753424722,0.06389146753424722,2834,0.0,0.0,2910,2284.3333333333335,1801
postal_code_K7R,0.0,0.0,2801,-0.1978113113322944,0.1978113113322944,1488,0.0,0.0,2566,2285.0,1313
postal_code_H8U,0.0,0.0,2144,-0.14004054352872253,0.14004054352872253,2089,0.0,0.0,2627,2286.6666666666665,538
postal_code_K9V,0.0,0.0,2829,0.08349847638917535,0.08349847638917535,2670,0.0370014881852431,0.0370014881852431,1361,2286.6666666666665,1468
postal_code_N6O,0.0,0.0,1010,-0.07614529693122733,0.07614529693122733,2740,0.0,0.0,3110,2286.6666666666665,2100
postal_code_H7V,0.0,0.0,2154,-0.14812765943535985,0.14812765943535985,2024,0.0,0.0,2683,2287.0,659
postal_code_P2P,0.0,0.0,563,0.02050240050975384,0.02050240050975384,3231,0.0,0.0,3068,2287.3333333333335,2668
postal_code_M5J,0.0,0.0,895,0.09363992535423095,0.09363992535423095,2566,0.0,0.0,3402,2287.6666666666665,2507
postal_code_S4N,0.0,0.0,1839,-0.06303515402314153,0.06303515402314153,2839,0.0,0.0,2187,2288.3333333333335,1000
postal_code_T4M,0.0,0.0,1296,0.00786331211930571,0.00786331211930571,3349,0.0,0.0,2221,2288.6666666666665,2053
postal_code_G4C,0.0,0.0,2033,-0.12713645829218406,0.12713645829218406,2222,0.0,0.0,2613,2289.3333333333335,580
postal_code_T3Y,0.0,0.0,1282,0.009290396398788975,0.009290396398788975,3339,0.0,0.0,2248,2289.6666666666665,2057
postal_code_S9W,0.0,0.0,1740,-0.06531901079378562,0.06531901079378562,2822,0.0,0.0,2308,2290.0,1082
postal_code_B9B,0.0,0.0,2423,-0.0885838064333483,0.0885838064333483,2620,0.0,0.0,1828,2290.3333333333335,792
postal_code_G5Q,0.0,0.0,2059,-0.10984051939315968,0.10984051939315968,2405,0.0,0.0,2410,2291.3333333333335,351
postal_code_T3O,0.0,0.0,1784,-0.07151570367677612,0.07151570367677612,2770,0.0,0.0,2320,2291.3333333333335,986
postal_code_A5F,0.0,0.0,1806,-0.04423900419218747,0.04423900419218747,3013,0.0,0.0,2055,2291.3333333333335,1207
postal_code_S4U,0.0,0.0,1844,-0.06593229593697325,0.06593229593697325,2818,0.0,0.0,2214,2292.0,974
postal_code_M9U,0.0,0.0,866,0.04047922867786097,0.04047922867786097,3046,0.0,0.0,2965,2292.3333333333335,2180
postal_code_N2W,0.0,0.0,1101,-0.06492957369947285,0.06492957369947285,2825,0.0,0.0,2953,2293.0,1852
postal_code_K8J,0.0,0.0,2760,-0.19000187065463472,0.19000187065463472,1569,0.0,0.0,2553,2294.0,1191
postal_code_S3E,0.0,0.0,1580,-0.03253576660103522,0.03253576660103522,3122,0.0,0.0,2181,2294.3333333333335,1542
postal_code_A5I,0.0,0.0,1805,-0.03289934697318624,0.03289934697318624,3115,0.0,0.0,1963,2294.3333333333335,1310
postal_code_C2N,0.0,0.0,2463,-0.06726356677089253,0.06726356677089253,2810,0.0,0.0,1612,2295.0,1198
postal_code_N3D,0.0,0.0,1107,0.060539805012835846,0.060539805012835846,2869,0.0,0.0,2912,2296.0,1805
postal_code_B2W,0.0,0.0,3023,-0.1845924532318611,0.1845924532318611,1620,0.0,0.0,2247,2296.6666666666665,1403
postal_code_J2G,0.0,0.0,3155,-0.2700093390506529,0.2700093390506529,887,0.0,0.0,2849,2297.0,2268
postal_code_V4A,0.0,0.0,1455,-0.003607271614399635,0.003607271614399635,3389,0.0,0.0,2048,2297.3333333333335,1934
postal_code_N5K,0.0,0.0,1119,0.06301575680125424,0.06301575680125424,2840,0.0,0.0,2933,2297.3333333333335,1814
postal_code_A5W,0.0,0.0,1736,-0.014216120306053003,0.014216120306053003,3286,0.0,0.0,1871,2297.6666666666665,1550
postal_code_E1Q,0.0,0.0,2376,-0.19023423137438436,0.19023423137438436,1566,0.0,0.0,2951,2297.6666666666665,1385
postal_code_B4Y,0.0,0.0,3099,-0.19721634868216908,0.19721634868216908,1497,0.0,0.0,2299,2298.3333333333335,1602
postal_code_V4O,0.0,0.0,1515,0.008243683090119655,0.008243683090119655,3346,0.0,0.0,2036,2299.0,1831
postal_code_S6X,0.0,0.0,1881,-0.0574000783863462,0.0574000783863462,2901,0.0,0.0,2115,2299.0,1020
postal_code_V5S,0.0,0.0,1498,-0.010101384804748587,0.010101384804748587,3325,0.0,0.0,2074,2299.0,1827
postal_code_C3J,0.0,0.0,2450,-0.0737939458329548,0.0737939458329548,2755,0.0,0.0,1695,2300.0,1060
postal_code_C2W,0.0,0.0,2467,0.0698049421057516,0.0698049421057516,2784,0.0,0.0,1649,2300.0,1135
postal_code_N8D,0.0,0.0,1051,0.07998592268553484,0.07998592268553484,2708,0.0,0.0,3142,2300.3333333333335,2091
postal_code_N6Y,0.0,0.0,1020,-0.07013229520628642,0.07013229520628642,2780,0.0,0.0,3102,2300.6666666666665,2082
postal_code_C8N,0.0,0.0,2300,-0.19823583508109535,0.19823583508109535,1483,0.0,0.0,3122,2301.6666666666665,1639
postal_code_B4F,0.0,0.0,3242,-0.215789093629315,0.215789093629315,1322,0.0,0.0,2343,2302.3333333333335,1920
postal_code_N4X,0.0,0.0,1151,-0.06608968195383358,0.06608968195383358,2817,0.0,0.0,2942,2303.3333333333335,1791
postal_code_P1T,0.0,0.0,519,0.009306201844035505,0.009306201844035505,3338,0.0,0.0,3054,2303.6666666666665,2819
postal_code_S5T,0.0,0.0,1815,-0.05794708143110454,0.05794708143110454,2899,0.0,0.0,2197,2303.6666666666665,1084
postal_code_P1J,0.0,0.0,555,-0.009932440877586412,0.009932440877586412,3327,0.0,0.0,3031,2304.3333333333335,2772
postal_code_N7U,0.0,0.0,996,0.07143749410690751,0.07143749410690751,2772,0.0,0.0,3149,2305.6666666666665,2153
postal_code_E5P,0.0,0.0,2587,0.249894281112941,0.249894281112941,1016,0.0,0.0,3315,2306.0,2299
postal_code_L1E,0.0,0.0,2817,0.19544248534504186,0.19544248534504186,1512,0.0,0.0,2591,2306.6666666666665,1305
postal_code_S3P,0.0,0.0,1586,-0.027602168456856355,0.027602168456856355,3162,0.0,0.0,2174,2307.3333333333335,1576
postal_code_N9D,0.0,0.0,1030,0.06761161477952002,0.06761161477952002,2806,0.0,0.0,3087,2307.6666666666665,2057
postal_code_G7T,0.0,0.0,1936,0.09516671665281592,0.09516671665281592,2552,0.0,0.0,2435,2307.6666666666665,616
postal_code_T4A,0.0,0.0,1284,0.002863395773464275,0.002863395773464275,3395,0.0,0.0,2246,2308.3333333333335,2111
postal_code_L4L,0.0,0.0,2756,-0.18279002965369404,0.18279002965369404,1649,0.0,0.0,2524,2309.6666666666665,1107
postal_code_V4U,0.0,0.0,1521,0.0051183189051473045,0.0051183189051473045,3378,0.0,0.0,2030,2309.6666666666665,1857
postal_code_G6M,0.0,0.0,2070,-0.10173511332853137,0.10173511332853137,2489,0.0,0.0,2371,2310.0,419
postal_code_B9Z,0.0,0.0,2394,-0.05647704988557061,0.05647704988557061,2909,0.0,0.0,1628,2310.3333333333335,1281
postal_code_L2J,0.0,0.0,2705,0.17544448624913386,0.17544448624913386,1725,0.0,0.0,2502,2310.6666666666665,980
postal_code_P3A,0.0,0.0,596,0.01456651532932817,0.01456651532932817,3280,0.0,0.0,3058,2311.3333333333335,2684
postal_code_L4K,0.0,0.0,2755,-0.18221478025381918,0.18221478025381918,1656,0.0,0.0,2525,2312.0,1099
postal_code_P2X,0.0,0.0,594,0.014462536485879664,0.014462536485879664,3281,0.0,0.0,3061,2312.0,2687
postal_code_S8H,0.0,0.0,1868,-0.05559615945513545,0.05559615945513545,2920,0.0,0.0,2151,2313.0,1052
postal_code_C1R,0.0,0.0,2427,-0.055625752023218206,0.055625752023218206,2919,0.0,0.0,1593,2313.0,1326
postal_code_N1Z,0.0,0.0,850,0.036367642510591686,0.036367642510591686,3085,0.0,0.0,3006,2313.6666666666665,2235
postal_code_E1Y,0.0,0.0,2355,-0.17869381524751432,0.17869381524751432,1694,0.0,0.0,2892,2313.6666666666665,1198
postal_code_G3O,0.0,0.0,2542,-0.16638955234070196,0.16638955234070196,1811,0.0,0.0,2590,2314.3333333333335,779
postal_code_K3V,0.0,0.0,3274,-0.21668506049191227,0.21668506049191227,1311,0.0,0.0,2367,2317.3333333333335,1963
postal_code_E3R,0.0,0.0,2600,-0.20751400227373046,0.20751400227373046,1391,0.0,0.0,2964,2318.3333333333335,1573
postal_code_H9N,0.0,0.0,2163,-0.1378056875698717,0.1378056875698717,2111,0.0,0.0,2682,2318.6666666666665,571
postal_code_P1K,0.0,0.0,556,0.005441085157387022,0.005441085157387022,3374,0.0,0.0,3030,2320.0,2818
postal_code_K6Z,0.0,0.0,2854,-0.19448685606706279,0.19448685606706279,1527,0.0,0.0,2581,2320.6666666666665,1327
postal_code_G6U,0.0,0.0,2055,0.10704460480882194,0.10704460480882194,2445,0.0,0.0,2465,2321.6666666666665,410
postal_code_V5Z,0.0,0.0,1505,0.0034537814407344784,0.0034537814407344784,3391,0.0,0.0,2070,2322.0,1886
postal_code_M6C,0.0,0.0,959,0.08194545975679192,0.08194545975679192,2689,0.0,0.0,3321,2323.0,2362
postal_code_B4S,0.0,0.0,3340,-0.21349008403862416,0.21349008403862416,1336,0.0,0.0,2294,2323.3333333333335,2004
postal_code_J6N,0.0,0.0,3120,-0.24131476144100036,0.24131476144100036,1091,0.0,0.0,2764,2325.0,2029
postal_code_G7F,0.0,0.0,2066,-0.10174329363926823,0.10174329363926823,2488,0.0,0.0,2421,2325.0,422
postal_code_C2C,0.0,0.0,2456,-0.05577037429699544,0.05577037429699544,2917,0.0,0.0,1603,2325.3333333333335,1314
postal_code_E4K,0.0,0.0,2612,-0.24768142793220874,0.24768142793220874,1035,0.0,0.0,3329,2325.3333333333335,2294
postal_code_S4C,0.0,0.0,1597,-0.02144114066124043,0.02144114066124043,3215,0.0,0.0,2164,2325.3333333333335,1618
postal_code_H3S,0.0,0.0,2205,-0.1451087054737608,0.1451087054737608,2054,0.0,0.0,2718,2325.6666666666665,664
postal_code_S9D,0.0,0.0,1748,-0.034983511550685666,0.034983511550685666,3100,0.0,0.0,2133,2327.0,1352
postal_code_G8B,0.0,0.0,1944,-0.10864437012036679,0.10864437012036679,2421,0.0,0.0,2616,2327.0,672
postal_code_M8L,0.0,0.0,834,0.0665400433830384,0.0665400433830384,2816,0.0,0.0,3332,2327.3333333333335,2498
postal_code_E7Z,0.0,0.0,2633,-0.23508379904413587,0.23508379904413587,1142,0.0,0.0,3212,2329.0,2070
postal_code_V5P,0.0,0.0,1495,0.000794711130197982,0.000794711130197982,3416,0.0,0.0,2078,2329.6666666666665,1921
postal_code_J4J,0.0,0.0,3208,0.104001558455699,0.104001558455699,2468,0.052045454404748094,0.052045454404748094,1315,2330.3333333333335,1893
postal_code_B8K,0.0,0.0,2408,-0.06148777784465129,0.06148777784465129,2858,0.0,0.0,1725,2330.3333333333335,1133
postal_code_S6B,0.0,0.0,1819,-0.0484547136443096,0.0484547136443096,2979,0.0,0.0,2193,2330.3333333333335,1160
postal_code_J5K,0.0,0.0,3067,-0.2436341972960871,0.2436341972960871,1070,0.0,0.0,2856,2331.0,1997
postal_code_B6A,0.0,0.0,2140,-0.08525181807945739,0.08525181807945739,2651,0.0,0.0,2202,2331.0,511
postal_code_G8Z,0.0,0.0,1919,0.1179405634839758,0.1179405634839758,2318,0.0,0.0,2761,2332.6666666666665,842
postal_code_G7O,0.0,0.0,1931,-0.08658302512763305,0.08658302512763305,2637,0.0,0.0,2430,2332.6666666666665,706
postal_code_S9O,0.0,0.0,1758,-0.04401846450682861,0.04401846450682861,3020,0.0,0.0,2220,2332.6666666666665,1262
postal_code_C4Q,0.0,0.0,2443,-0.05817429869717076,0.05817429869717076,2895,0.0,0.0,1661,2333.0,1234
postal_code_N4D,0.0,0.0,1086,-0.043587116367905625,0.043587116367905625,3024,0.0,0.0,2891,2333.6666666666665,1938
postal_code_S4A,0.0,0.0,1595,-0.01963415938206228,0.01963415938206228,3240,0.0,0.0,2166,2333.6666666666665,1645
postal_code_E3G,0.0,0.0,2473,-0.19248082025077962,0.19248082025077962,1543,0.0,0.0,2986,2334.0,1443
postal_code_M6K,0.0,0.0,966,0.07792796662364694,0.07792796662364694,2724,0.0,0.0,3313,2334.3333333333335,2347
postal_code_N7T,0.0,0.0,995,0.06109414323829916,0.06109414323829916,2863,0.0,0.0,3150,2336.0,2155
postal_code_C6Q,0.0,0.0,2317,-0.18487539519887608,0.18487539519887608,1615,0.0,0.0,3079,2337.0,1464
postal_code_G6R,0.0,0.0,2052,-0.09993077230737323,0.09993077230737323,2502,0.0,0.0,2457,2337.0,450
postal_code_H5O,0.0,0.0,2253,0.14181105534313543,0.14181105534313543,2076,0.0,0.0,2686,2338.3333333333335,610
postal_code_K8F,0.0,0.0,2766,-0.17838423428433214,0.17838423428433214,1696,0.0,0.0,2557,2339.6666666666665,1070
postal_code_N9R,0.0,0.0,1044,0.05290354500489306,0.05290354500489306,2937,0.0,0.0,3044,2341.6666666666665,2000
postal_code_H5T,0.0,0.0,2258,-0.14224135713432148,0.14224135713432148,2072,0.0,0.0,2696,2342.0,624
postal_code_L3T,0.0,0.0,2738,-0.17285625360270937,0.17285625360270937,1748,0.0,0.0,2540,2342.0,990
postal_code_M8R,0.0,0.0,817,0.059346872274822514,0.059346872274822514,2886,0.0,0.0,3326,2343.0,2509
postal_code_N2C,0.0,0.0,853,-0.026236022851423107,0.026236022851423107,3176,0.0,0.0,3003,2344.0,2323
postal_code_E2B,0.0,0.0,2335,-0.1680197534876256,0.1680197534876256,1797,0.0,0.0,2902,2344.6666666666665,1105
postal_code_N2Z,0.0,0.0,1104,0.044103213974613684,0.044103213974613684,3019,0.0,0.0,2916,2346.3333333333335,1915
postal_code_M9F,0.0,0.0,807,0.016191646855506617,0.016191646855506617,3268,0.0,0.0,2978,2351.0,2461
postal_code_M9M,0.0,0.0,814,-0.015852573482529022,0.015852573482529022,3272,0.0,0.0,2972,2352.6666666666665,2458
postal_code_B9E,0.0,0.0,2415,-0.0611872532474836,0.0611872532474836,2862,0.0,0.0,1781,2352.6666666666665,1081
postal_code_E6C,0.0,0.0,2643,0.2494446515644141,0.2494446515644141,1021,0.0,0.0,3398,2354.0,2377
postal_code_E1G,0.0,0.0,2370,-0.17263582751927098,0.17263582751927098,1750,0.0,0.0,2943,2354.3333333333335,1193
postal_code_L9U,0.0,0.0,2889,-0.2497047023450832,0.2497047023450832,1018,0.0,0.0,3159,2355.3333333333335,2141
postal_code_B4D,0.0,0.0,3294,-0.20356166683294302,0.20356166683294302,1436,0.0,0.0,2341,2357.0,1858
postal_code_J2E,0.0,0.0,3153,-0.24056982110332634,0.24056982110332634,1100,0.0,0.0,2819,2357.3333333333335,2053
postal_code_N4F,0.0,0.0,1088,0.03460188574824477,0.03460188574824477,3101,0.0,0.0,2889,2359.3333333333335,2013
postal_code_B7Y,0.0,0.0,2526,-0.03850187494127426,0.03850187494127426,3061,0.0,0.0,1491,2359.3333333333335,1570
postal_code_M6D,0.0,0.0,960,-0.06793300674440143,0.06793300674440143,2801,0.0,0.0,3320,2360.3333333333335,2360
postal_code_K3H,0.0,0.0,3261,-0.20314716026581014,0.20314716026581014,1443,0.0,0.0,2378,2360.6666666666665,1818
postal_code_H3F,0.0,0.0,2192,0.13211300966173511,0.13211300966173511,2162,0.0,0.0,2730,2361.3333333333335,568
postal_code_E7X,0.0,0.0,2631,-0.22200739797841937,0.22200739797841937,1263,0.0,0.0,3190,2361.3333333333335,1927
postal_code_M4G,0.0,0.0,914,-0.07015871156238113,0.07015871156238113,2779,0.0,0.0,3392,2361.6666666666665,2478
postal_code_C7O,0.0,0.0,2306,-0.17426215458023414,0.17426215458023414,1739,0.0,0.0,3042,2362.3333333333335,1303
postal_code_B2O,0.0,0.0,2860,-0.15130840084046684,0.15130840084046684,1994,0.0,0.0,2237,2363.6666666666665,866
postal_code_T3M,0.0,0.0,1782,-0.0466788833105545,0.0466788833105545,2996,0.0,0.0,2322,2366.6666666666665,1214
postal_code_G5V,0.0,0.0,2077,-0.08447628318281417,0.08447628318281417,2659,0.0,0.0,2365,2367.0,582
postal_code_J5S,0.0,0.0,3051,-0.22154217517592145,0.22154217517592145,1267,0.0,0.0,2783,2367.0,1784
postal_code_S3U,0.0,0.0,1591,-0.008330297004762777,0.008330297004762777,3345,0.0,0.0,2169,2368.3333333333335,1754
postal_code_M9E,0.0,0.0,806,0.010344633479158327,0.010344633479158327,3322,0.0,0.0,2979,2369.0,2516
postal_code_G3Q,0.0,0.0,2474,0.1468714037711553,0.1468714037711553,2041,0.0,0.0,2595,2370.0,554
postal_code_J5X,0.0,0.0,3055,0.2204928746158029,0.2204928746158029,1278,0.0,0.0,2778,2370.3333333333335,1777
postal_code_G1K,0.0,0.0,2485,-0.2093666132881523,0.2093666132881523,1373,0.0,0.0,3255,2371.0,1882
postal_code_J8R,0.0,0.0,3363,-0.25688127946199596,0.25688127946199596,965,0.0,0.0,2788,2372.0,2398
postal_code_J8G,0.0,0.0,3233,-0.2418395276206951,0.2418395276206951,1087,0.0,0.0,2797,2372.3333333333335,2146
postal_code_G7Y,0.0,0.0,1941,-0.07733187182938281,0.07733187182938281,2730,0.0,0.0,2447,2372.6666666666665,789
postal_code_K9R,0.0,0.0,2851,-0.18071313759438476,0.18071313759438476,1670,0.0,0.0,2600,2373.6666666666665,1181
postal_code_H7M,0.0,0.0,2110,-0.12084161852347157,0.12084161852347157,2288,0.0,0.0,2725,2374.3333333333335,615
postal_code_T1M,0.0,0.0,1734,0.03558673329170793,0.03558673329170793,3093,0.0,0.0,2296,2374.3333333333335,1359
postal_code_K9F,0.0,0.0,2839,-0.17988446150739792,0.17988446150739792,1682,0.0,0.0,2606,2375.6666666666665,1157
postal_code_N3M,0.0,0.0,1070,0.028983955051488305,0.028983955051488305,3153,0.0,0.0,2904,2375.6666666666665,2083
postal_code_N9M,0.0,0.0,1039,0.04142299693673541,0.04142299693673541,3041,0.0,0.0,3047,2375.6666666666665,2008
postal_code_G8A,0.0,0.0,1943,0.06776682425210352,0.06776682425210352,2803,0.0,0.0,2382,2376.0,860
postal_code_G2Z,0.0,0.0,2528,-0.13741416864094438,0.13741416864094438,2113,0.0,0.0,2490,2377.0,415
postal_code_N5M,0.0,0.0,1121,-0.03670972359155803,0.03670972359155803,3079,0.0,0.0,2931,2377.0,1958
postal_code_K4X,0.0,0.0,3252,-0.19443400684092257,0.19443400684092257,1528,0.0,0.0,2351,2377.0,1724
postal_code_N9E,0.0,0.0,1031,-0.03825224364108069,0.03825224364108069,3063,0.0,0.0,3038,2377.3333333333335,2032
postal_code_E1P,0.0,0.0,2375,-0.16720471965220912,0.16720471965220912,1808,0.0,0.0,2950,2377.6666666666665,1142
postal_code_G9D,0.0,0.0,1923,-0.1063231203879571,0.1063231203879571,2450,0.0,0.0,2762,2378.3333333333335,839
postal_code_J8I,0.0,0.0,3355,-0.2541383708720958,0.2541383708720958,988,0.0,0.0,2796,2379.6666666666665,2367
postal_code_E3Z,0.0,0.0,2604,-0.19111492559454513,0.19111492559454513,1561,0.0,0.0,2974,2379.6666666666665,1413
postal_code_M4S,0.0,0.0,926,-0.06775486749560654,0.06775486749560654,2804,0.0,0.0,3411,2380.3333333333335,2485
postal_code_H6O,0.0,0.0,2134,-0.12322315825638827,0.12322315825638827,2266,0.0,0.0,2745,2381.6666666666665,611
postal_code_T2S,0.0,0.0,1787,0.043450827842249,0.043450827842249,3025,0.0,0.0,2336,2382.6666666666665,1238
postal_code_K8M,0.0,0.0,2773,-0.16858004929008588,0.16858004929008588,1794,0.0,0.0,2583,2383.3333333333335,979
postal_code_H2I,0.0,0.0,2217,-0.12455216993526134,0.12455216993526134,2254,0.0,0.0,2681,2384.0,464
postal_code_C8U,0.0,0.0,2302,-0.17189999283070148,0.17189999283070148,1757,0.0,0.0,3094,2384.3333333333335,1337
postal_code_S9R,0.0,0.0,1761,-0.036553551227919166,0.036553551227919166,3080,0.0,0.0,2313,2384.6666666666665,1319
postal_code_H1B,0.0,0.0,1995,0.1214074296778844,0.1214074296778844,2282,0.0,0.0,2880,2385.6666666666665,885
postal_code_H3R,0.0,0.0,2204,-0.12838777417876834,0.12838777417876834,2209,0.0,0.0,2746,2386.3333333333335,542
postal_code_N6J,0.0,0.0,1005,-0.04103787127876743,0.04103787127876743,3044,0.0,0.0,3114,2387.6666666666665,2109
postal_code_T3S,0.0,0.0,1531,0.007564824367568619,0.007564824367568619,3354,0.0,0.0,2283,2389.3333333333335,1823
postal_code_E8J,0.0,0.0,2638,-0.20937239358167906,0.20937239358167906,1372,0.0,0.0,3158,2389.3333333333335,1786
postal_code_M5L,0.0,0.0,897,0.0605280106307274,0.0605280106307274,2871,0.0,0.0,3400,2389.3333333333335,2503
postal_code_M4F,0.0,0.0,913,0.06071474051887817,0.06071474051887817,2867,0.0,0.0,3391,2390.3333333333335,2478
postal_code_N8G,0.0,0.0,1054,-0.048379638328119624,0.048379638328119624,2981,0.0,0.0,3139,2391.3333333333335,2085
postal_code_N3A,0.0,0.0,1105,-0.0283259014961163,0.0283259014961163,3156,0.0,0.0,2915,2392.0,2051
postal_code_J6O,0.0,0.0,3121,-0.21832540554031205,0.21832540554031205,1296,0.0,0.0,2763,2393.3333333333335,1825
postal_code_E4O,0.0,0.0,2605,-0.22491734880039876,0.22491734880039876,1235,0.0,0.0,3342,2394.0,2107
postal_code_S2Y,0.0,0.0,1621,0.005409479173548734,0.005409479173548734,3376,0.0,0.0,2185,2394.0,1755
postal_code_C3Y,0.0,0.0,2436,-0.037962090255345325,0.037962090255345325,3067,0.0,0.0,1681,2394.6666666666665,1386
postal_code_N8K,0.0,0.0,1057,-0.04712348640843501,0.04712348640843501,2993,0.0,0.0,3135,2395.0,2078
postal_code_N6I,0.0,0.0,1004,0.03776211519923872,0.03776211519923872,3070,0.0,0.0,3115,2396.3333333333335,2111
postal_code_H5L,0.0,0.0,2251,-0.1259902339814874,0.1259902339814874,2238,0.0,0.0,2701,2396.6666666666665,463
postal_code_C2O,0.0,0.0,2464,-0.03368910690784771,0.03368910690784771,3109,0.0,0.0,1617,2396.6666666666665,1492
postal_code_N7Q,0.0,0.0,992,0.03705669153474809,0.03705669153474809,3076,0.0,0.0,3123,2397.0,2131
postal_code_M1G,0.0,0.0,2890,-0.24256803107484587,0.24256803107484587,1081,0.0,0.0,3220,2397.0,2139
postal_code_G5T,0.0,0.0,2075,-0.08068357931264235,0.08068357931264235,2704,0.0,0.0,2413,2397.3333333333335,629
postal_code_M8K,0.0,0.0,833,0.04338846679227144,0.04338846679227144,3027,0.0,0.0,3333,2397.6666666666665,2500
postal_code_M9P,0.0,0.0,839,0.003519836494615172,0.003519836494615172,3390,0.0,0.0,2969,2399.3333333333335,2551
postal_code_E3E,0.0,0.0,2472,-0.17629125671892082,0.17629125671892082,1715,0.0,0.0,3012,2399.6666666666665,1297
postal_code_K6Y,0.0,0.0,3043,-0.1857590619680086,0.1857590619680086,1608,0.0,0.0,2550,2400.3333333333335,1435
postal_code_L4I,0.0,0.0,2753,0.15763767867295547,0.15763767867295547,1922,0.0,0.0,2527,2400.6666666666665,831
postal_code_S6Y,0.0,0.0,1883,-0.022403019458524822,0.022403019458524822,3206,0.0,0.0,2114,2401.0,1323
postal_code_M6L,0.0,0.0,968,-0.05494430214707687,0.05494430214707687,2924,0.0,0.0,3312,2401.3333333333335,2344
postal_code_T3F,0.0,0.0,1775,-0.03406285211075259,0.03406285211075259,3106,0.0,0.0,2326,2402.3333333333335,1331
postal_code_M7J,0.0,0.0,947,-0.052894480884410386,0.052894480884410386,2939,0.0,0.0,3322,2402.6666666666665,2375
postal_code_B2H,0.0,0.0,2940,-0.14663235579758202,0.14663235579758202,2042,0.0,0.0,2226,2402.6666666666665,898
postal_code_G3J,0.0,0.0,2537,0.13223516405223196,0.13223516405223196,2161,0.0,0.0,2511,2403.0,376
postal_code_C5M,0.0,0.0,2403,-0.031022938207048267,0.031022938207048267,3134,0.0,0.0,1672,2403.0,1462
postal_code_J1Q,0.0,0.0,3141,-0.2051266346616471,0.2051266346616471,1414,0.0,0.0,2657,2404.0,1727
postal_code_C2M,0.0,0.0,2462,-0.030519968623251723,0.030519968623251723,3140,0.0,0.0,1610,2404.0,1530
postal_code_K6E,0.0,0.0,3285,-0.192522370852662,0.192522370852662,1542,0.0,0.0,2394,2407.0,1743
postal_code_C5X,0.0,0.0,2311,-0.1630725290553347,0.1630725290553347,1850,0.0,0.0,3060,2407.0,1210
postal_code_C2T,0.0,0.0,2466,0.0269669344036935,0.0269669344036935,3166,0.0,0.0,1590,2407.3333333333335,1576
postal_code_B9T,0.0,0.0,2388,-0.04227529419546701,0.04227529419546701,3036,0.0,0.0,1800,2408.0,1236
postal_code_H6T,0.0,0.0,2139,-0.1160433113919742,0.1160433113919742,2343,0.0,0.0,2742,2408.0,603
postal_code_G8S,0.0,0.0,1913,0.0998073539683903,0.0998073539683903,2505,0.0,0.0,2807,2408.3333333333335,894
postal_code_B4H,0.0,0.0,3241,-0.1824799878025851,0.1824799878025851,1653,0.0,0.0,2332,2408.6666666666665,1588
postal_code_E9C,0.0,0.0,2508,-0.19269848866345224,0.19269848866345224,1539,0.0,0.0,3180,2409.0,1641
postal_code_B8B,0.0,0.0,2488,-0.016315215370385064,0.016315215370385064,3262,0.0,0.0,1478,2409.3333333333335,1784
postal_code_T2A,0.0,0.0,1793,-0.03059895134686253,0.03059895134686253,3139,0.0,0.0,2300,2410.6666666666665,1346
postal_code_B5G,0.0,0.0,3048,-0.1461980703300736,0.1461980703300736,2046,0.0,0.0,2141,2411.6666666666665,1002
postal_code_L9B,0.0,0.0,3015,-0.24519285369232643,0.24519285369232643,1053,0.0,0.0,3174,2414.0,2121
postal_code_K6T,0.0,0.0,3300,-0.2002981948541069,0.2002981948541069,1461,0.0,0.0,2482,2414.3333333333335,1839
postal_code_S7P,0.0,0.0,1896,-0.01814810803001843,0.01814810803001843,3249,0.0,0.0,2102,2415.6666666666665,1353
postal_code_G4R,0.0,0.0,2021,-0.08305748318447184,0.08305748318447184,2677,0.0,0.0,2551,2416.3333333333335,656
postal_code_N2P,0.0,0.0,1094,0.027019030683176178,0.027019030683176178,3165,0.0,0.0,2991,2416.6666666666665,2071
postal_code_K9S,0.0,0.0,2832,-0.16546254246661943,0.16546254246661943,1823,0.0,0.0,2599,2418.0,1009
postal_code_K2H,0.0,0.0,3379,-0.20548134865702358,0.20548134865702358,1412,0.0,0.0,2464,2418.3333333333335,1967
postal_code_H4R,0.0,0.0,2278,-0.12405471844034192,0.12405471844034192,2261,0.0,0.0,2716,2418.3333333333335,455
postal_code_S9Q,0.0,0.0,1760,0.021458862731458073,0.021458862731458073,3214,0.0,0.0,2284,2419.3333333333335,1454
postal_code_E5U,0.0,0.0,2615,-0.21570378142624408,0.21570378142624408,1324,0.0,0.0,3319,2419.3333333333335,1995
postal_code_B9N,0.0,0.0,2384,-0.03645761626021085,0.03645761626021085,3083,0.0,0.0,1793,2420.0,1290
postal_code_T1K,0.0,0.0,1732,-0.02013277047017408,0.02013277047017408,3236,0.0,0.0,2298,2422.0,1504
postal_code_M8F,0.0,0.0,828,0.034521912898070765,0.034521912898070765,3102,0.0,0.0,3338,2422.6666666666665,2510
postal_code_J4T,0.0,0.0,3074,-0.21519428869926635,0.21519428869926635,1328,0.0,0.0,2868,2423.3333333333335,1746
postal_code_S7I,0.0,0.0,1890,-0.01519137102443137,0.01519137102443137,3275,0.0,0.0,2108,2424.3333333333335,1385
postal_code_T1Y,0.0,0.0,1791,0.024045544933966895,0.024045544933966895,3196,0.0,0.0,2286,2424.3333333333335,1405
postal_code_K6O,0.0,0.0,3295,-0.1870474873589762,0.1870474873589762,1596,0.0,0.0,2385,2425.3333333333335,1699
postal_code_H9J,0.0,0.0,2159,-0.1017681328950608,0.1017681328950608,2487,0.0,0.0,2634,2426.6666666666665,475
postal_code_C8C,0.0,0.0,2293,-0.16275441735012672,0.16275441735012672,1856,0.0,0.0,3133,2427.3333333333335,1277
postal_code_G3Z,0.0,0.0,2030,0.08532591675750567,0.08532591675750567,2648,0.0,0.0,2605,2427.6666666666665,618
postal_code_M8G,0.0,0.0,829,-0.03276164099952939,0.03276164099952939,3119,0.0,0.0,3337,2428.3333333333335,2508
postal_code_C1J,0.0,0.0,2399,-0.01818910530608825,0.01818910530608825,3247,0.0,0.0,1642,2429.3333333333335,1605
postal_code_L2X,0.0,0.0,2670,-0.13609582220813152,0.13609582220813152,2126,0.0,0.0,2492,2429.3333333333335,544
postal_code_S5U,0.0,0.0,1816,-0.015019419383868977,0.015019419383868977,3277,0.0,0.0,2196,2429.6666666666665,1461
postal_code_N7I,0.0,0.0,984,0.021523330023862947,0.021523330023862947,3213,0.0,0.0,3092,2429.6666666666665,2229
postal_code_K6M,0.0,0.0,3283,0.1845329060053205,0.1845329060053205,1622,0.0,0.0,2387,2430.6666666666665,1661
postal_code_J1L,0.0,0.0,3184,-0.20218565113398754,0.20218565113398754,1448,0.0,0.0,2661,2431.0,1736
postal_code_B4V,0.0,0.0,3334,-0.1814819225249743,0.1814819225249743,1665,0.0,0.0,2295,2431.3333333333335,1669
postal_code_G7P,0.0,0.0,1932,-0.05339771330560503,0.05339771330560503,2934,0.0,0.0,2431,2432.3333333333335,1002
postal_code_H3K,0.0,0.0,2197,-0.11417666506645559,0.11417666506645559,2363,0.0,0.0,2737,2432.3333333333335,540
postal_code_E8G,0.0,0.0,2637,-0.19769610317056824,0.19769610317056824,1489,0.0,0.0,3172,2432.6666666666665,1683
postal_code_E9H,0.0,0.0,2509,-0.18586640342415173,0.18586640342415173,1607,0.0,0.0,3183,2433.0,1576
postal_code_S4Z,0.0,0.0,1847,-0.01927625974869872,0.01927625974869872,3241,0.0,0.0,2211,2433.0,1394
postal_code_N8F,0.0,0.0,1053,0.03336161140144883,0.03336161140144883,3111,0.0,0.0,3140,2434.6666666666665,2087
postal_code_M4C,0.0,0.0,1635,0.11848395370953585,0.11848395370953585,2311,0.0,0.0,3359,2435.0,1724
postal_code_C7S,0.0,0.0,2287,-0.1594556899898876,0.1594556899898876,1896,0.0,0.0,3124,2435.6666666666665,1228
postal_code_M8P,0.0,0.0,838,0.030397482057351124,0.030397482057351124,3143,0.0,0.0,3328,2436.3333333333335,2490
postal_code_G8C,0.0,0.0,1945,0.09327945955255222,0.09327945955255222,2574,0.0,0.0,2791,2436.6666666666665,846
postal_code_C1A,0.0,0.0,2395,0.01432539851859029,0.01432539851859029,3282,0.0,0.0,1633,2436.6666666666665,1649
postal_code_C1G,0.0,0.0,2398,0.015585281608837842,0.015585281608837842,3274,0.0,0.0,1639,2437.0,1635
postal_code_E6J,0.0,0.0,2649,-0.22202221302816955,0.22202221302816955,1262,0.0,0.0,3406,2439.0,2144
postal_code_G9P,0.0,0.0,1983,-0.09852882889934779,0.09852882889934779,2517,0.0,0.0,2818,2439.3333333333335,835
postal_code_H1A,0.0,0.0,1994,-0.10685946311626707,0.10685946311626707,2447,0.0,0.0,2879,2440.0,885
postal_code_N4I,0.0,0.0,1114,-0.013891651679556239,0.013891651679556239,3288,0.0,0.0,2918,2440.0,2174
postal_code_B2Y,0.0,0.0,2959,-0.13744116033714238,0.13744116033714238,2112,0.0,0.0,2249,2440.0,847
postal_code_B5K,0.0,0.0,3076,-0.1386092448482822,0.1386092448482822,2105,0.0,0.0,2140,2440.3333333333335,971
postal_code_N3C,0.0,0.0,1106,0.012669198472141612,0.012669198472141612,3302,0.0,0.0,2913,2440.3333333333335,2196
postal_code_K2S,0.0,0.0,3388,0.19837244496060372,0.19837244496060372,1481,0.0,0.0,2456,2441.6666666666665,1907
postal_code_M6F,0.0,0.0,962,0.04093366684829375,0.04093366684829375,3045,0.0,0.0,3318,2441.6666666666665,2356
postal_code_S9Y,0.0,0.0,1721,-0.01260810884649825,0.01260810884649825,3304,0.0,0.0,2306,2443.6666666666665,1583
postal_code_B6I,0.0,0.0,2132,-0.04195292258617378,0.04195292258617378,3039,0.0,0.0,2160,2443.6666666666665,907
postal_code_L5L,0.0,0.0,2759,-0.2147211270498512,0.2147211270498512,1330,0.0,0.0,3243,2444.0,1913
postal_code_L2U,0.0,0.0,2667,0.1317359430777621,0.1317359430777621,2172,0.0,0.0,2494,2444.3333333333335,495
postal_code_E7R,0.0,0.0,2626,-0.19527163080869667,0.19527163080869667,1516,0.0,0.0,3192,2444.6666666666665,1676
postal_code_L2O,0.0,0.0,2709,0.13528413508449666,0.13528413508449666,2128,0.0,0.0,2498,2445.0,581
postal_code_N6B,0.0,0.0,1092,-0.027901808964228562,0.027901808964228562,3159,0.0,0.0,3088,2446.3333333333335,2067
postal_code_M6Y,0.0,0.0,936,-0.03418546894996108,0.03418546894996108,3104,0.0,0.0,3301,2447.0,2365
postal_code_K3L,0.0,0.0,3265,-0.17771914029544741,0.17771914029544741,1704,0.0,0.0,2375,2448.0,1561
postal_code_H2A,0.0,0.0,1973,-0.07846774521283768,0.07846774521283768,2721,0.0,0.0,2653,2449.0,748
postal_code_B3N,0.0,0.0,2811,-0.12837663286334824,0.12837663286334824,2210,0.0,0.0,2329,2450.0,601
postal_code_H9W,0.0,0.0,3169,-0.19528553957860167,0.19528553957860167,1515,0.0,0.0,2675,2453.0,1654
postal_code_M5P,0.0,0.0,901,0.03824828192995534,0.03824828192995534,3064,0.0,0.0,3397,2454.0,2496
postal_code_N7D,0.0,0.0,999,-0.01600789164673812,0.01600789164673812,3270,0.0,0.0,3097,2455.3333333333335,2271
postal_code_S8A,0.0,0.0,1861,0.003978410649280081,0.003978410649280081,3386,0.0,0.0,2122,2456.3333333333335,1525
postal_code_H2L,0.0,0.0,2220,-0.0971596468156491,0.0971596468156491,2529,0.0,0.0,2621,2456.6666666666665,401
postal_code_B3T,0.0,0.0,2763,-0.12223819162585298,0.12223819162585298,2273,0.0,0.0,2335,2457.0,490
postal_code_L2Q,0.0,0.0,2687,-0.13034113247459736,0.13034113247459736,2188,0.0,0.0,2497,2457.3333333333335,499
postal_code_K7P,0.0,0.0,2799,0.1500106239523313,0.1500106239523313,2008,0.0,0.0,2569,2458.6666666666665,791
postal_code_B3F,0.0,0.0,2736,-0.11713412729210379,0.11713412729210379,2324,0.0,0.0,2318,2459.3333333333335,418
postal_code_S8K,0.0,0.0,1871,0.006886191304285505,0.006886191304285505,3360,0.0,0.0,2148,2459.6666666666665,1489
postal_code_M8Q,0.0,0.0,819,0.02034275551813798,0.02034275551813798,3233,0.0,0.0,3327,2459.6666666666665,2508
postal_code_K3S,0.0,0.0,3271,-0.17347347375212396,0.17347347375212396,1745,0.0,0.0,2370,2462.0,1526
postal_code_J7T,0.0,0.0,3105,-0.1990734495947193,0.1990734495947193,1475,0.0,0.0,2806,2462.0,1630
postal_code_B5B,0.0,0.0,3125,-0.15499280408206179,0.15499280408206179,1950,0.0,0.0,2312,2462.3333333333335,1175
postal_code_G7W,0.0,0.0,1929,-0.04411233098082462,0.04411233098082462,3016,0.0,0.0,2443,2462.6666666666665,1087
postal_code_J5U,0.0,0.0,3053,-0.19178427169580603,0.19178427169580603,1556,0.0,0.0,2781,2463.3333333333335,1497
postal_code_J8S,0.0,0.0,3354,-0.2079824491447256,0.2079824491447256,1385,0.0,0.0,2651,2463.3333333333335,1969
postal_code_M3J,0.0,0.0,1903,-0.13716271661172025,0.13716271661172025,2115,0.0,0.0,3376,2464.6666666666665,1473
postal_code_T3B,0.0,0.0,1771,0.013243681198849978,0.013243681198849978,3296,0.0,0.0,2328,2465.0,1525
postal_code_M7G,0.0,0.0,944,0.028228222717708522,0.028228222717708522,3157,0.0,0.0,3294,2465.0,2350
postal_code_G4Y,0.0,0.0,2007,-0.06676269434822003,0.06676269434822003,2811,0.0,0.0,2580,2466.0,804
postal_code_M8H,0.0,0.0,830,-0.019731542718676432,0.019731542718676432,3238,0.0,0.0,3336,2468.0,2506
postal_code_N5Z,0.0,0.0,1134,0.017521027529816397,0.017521027529816397,3253,0.0,0.0,3020,2469.0,2119
postal_code_L2C,0.0,0.0,2698,-0.1290361607905817,0.1290361607905817,2204,0.0,0.0,2506,2469.3333333333335,494
postal_code_L6M,0.0,0.0,2972,0.22783176866691213,0.22783176866691213,1211,0.0,0.0,3226,2469.6666666666665,2015
postal_code_C2Q,0.0,0.0,2465,0.013043186660653919,0.013043186660653919,3297,0.0,0.0,1648,2470.0,1649
postal_code_C3E,0.0,0.0,2470,-0.01686859212178814,0.01686859212178814,3256,0.0,0.0,1688,2471.3333333333335,1568
postal_code_C6X,0.0,0.0,2323,-0.14386344140878454,0.14386344140878454,2065,0.0,0.0,3026,2471.3333333333335,961
postal_code_B5T,0.0,0.0,3216,-0.14147190036181348,0.14147190036181348,2080,0.0,0.0,2120,2472.0,1136
postal_code_L3F,0.0,0.0,2678,-0.12469985668666454,0.12469985668666454,2253,0.0,0.0,2485,2472.0,425
postal_code_K8G,0.0,0.0,2767,-0.13963274031500525,0.13963274031500525,2095,0.0,0.0,2556,2472.6666666666665,672
postal_code_H1E,0.0,0.0,1976,0.09201081980034792,0.09201081980034792,2589,0.0,0.0,2854,2473.0,878
postal_code_K8E,0.0,0.0,2765,-0.13935018580151298,0.13935018580151298,2098,0.0,0.0,2558,2473.6666666666665,667
postal_code_G8R,0.0,0.0,1912,-0.0798336787005958,0.0798336787005958,2709,0.0,0.0,2803,2474.6666666666665,891
postal_code_G9M,0.0,0.0,1980,0.08396982818469342,0.08396982818469342,2667,0.0,0.0,2777,2474.6666666666665,797
postal_code_G1X,0.0,0.0,2534,-0.18373986775656406,0.18373986775656406,1636,0.0,0.0,3254,2474.6666666666665,1618
postal_code_H9M,0.0,0.0,2162,0.09148922797028569,0.09148922797028569,2594,0.0,0.0,2668,2474.6666666666665,506
postal_code_E1H,0.0,0.0,2371,-0.1372078480520114,0.1372078480520114,2114,0.0,0.0,2944,2476.3333333333335,830
postal_code_C3X,0.0,0.0,2435,0.013034109611951112,0.013034109611951112,3298,0.0,0.0,1696,2476.3333333333335,1602
postal_code_B2T,0.0,0.0,3004,-0.13055297028787458,0.13055297028787458,2185,0.0,0.0,2241,2476.6666666666665,819
postal_code_H3J,0.0,0.0,2196,-0.09981659251650989,0.09981659251650989,2504,0.0,0.0,2736,2478.6666666666665,540
postal_code_N4N,0.0,0.0,1142,-0.006837537304927911,0.006837537304927911,3361,0.0,0.0,2937,2480.0,2219
postal_code_B3U,0.0,0.0,2796,-0.11873343826853741,0.11873343826853741,2308,0.0,0.0,2337,2480.3333333333335,488
postal_code_H3B,0.0,0.0,2212,-0.09987624131764417,0.09987624131764417,2503,0.0,0.0,2728,2481.0,516
postal_code_L7Q,0.0,0.0,3025,0.23423960838320093,0.23423960838320093,1150,0.0,0.0,3270,2481.6666666666665,2120
postal_code_C1Z,0.0,0.0,2454,-0.0027056003713235095,0.0027056003713235095,3396,0.0,0.0,1598,2482.6666666666665,1798
postal_code_N5I,0.0,0.0,1117,-0.002101181259766317,0.002101181259766317,3402,0.0,0.0,2935,2484.6666666666665,2285
postal_code_H2K,0.0,0.0,2219,-0.09209021536168648,0.09209021536168648,2588,0.0,0.0,2649,2485.3333333333335,430
postal_code_H7R,0.0,0.0,2115,0.08597540423353224,0.08597540423353224,2642,0.0,0.0,2702,2486.3333333333335,587
postal_code_J6U,0.0,0.0,3127,0.18944718211558173,0.18944718211558173,1574,0.0,0.0,2760,2487.0,1553
postal_code_K6F,0.0,0.0,3286,-0.16956089687797563,0.16956089687797563,1782,0.0,0.0,2393,2487.0,1504
postal_code_J7M,0.0,0.0,3098,-0.19203806552323086,0.19203806552323086,1553,0.0,0.0,2811,2487.3333333333335,1545
postal_code_K4R,0.0,0.0,3245,-0.1624212258801802,0.1624212258801802,1863,0.0,0.0,2356,2488.0,1382
postal_code_M8A,0.0,0.0,823,0.012299010745413598,0.012299010745413598,3307,0.0,0.0,3341,2490.3333333333335,2518
postal_code_B2M,0.0,0.0,2873,-0.11399108175407975,0.11399108175407975,2365,0.0,0.0,2234,2490.6666666666665,639
postal_code_B3M,0.0,0.0,2808,-0.11647389024637636,0.11647389024637636,2337,0.0,0.0,2327,2490.6666666666665,481
postal_code_B5P,0.0,0.0,3210,-0.1324909668525284,0.1324909668525284,2158,0.0,0.0,2104,2490.6666666666665,1106
postal_code_H5Y,0.0,0.0,2187,0.0915388874909997,0.0915388874909997,2593,0.0,0.0,2692,2490.6666666666665,505
postal_code_T2G,0.0,0.0,1799,-0.009799617685954403,0.009799617685954403,3330,0.0,0.0,2344,2491.0,1531
postal_code_L8B,0.0,0.0,3036,0.04890789173955004,0.04890789173955004,2974,0.0017707080939366384,0.0017707080939366384,1464,2491.3333333333335,1572
postal_code_H8B,0.0,0.0,2173,-0.0845063062528717,0.0845063062528717,2658,0.0,0.0,2644,2491.6666666666665,485
postal_code_H7P,0.0,0.0,2113,-0.0858456452015208,0.0858456452015208,2646,0.0,0.0,2722,2493.6666666666665,609
postal_code_G5U,0.0,0.0,2076,0.04429350856555085,0.04429350856555085,3012,0.0,0.0,2399,2495.6666666666665,936
postal_code_J3D,0.0,0.0,3224,-0.2036198713286691,0.2036198713286691,1434,0.0,0.0,2832,2496.6666666666665,1790
postal_code_H9H,0.0,0.0,2157,-0.07913158896663706,0.07913158896663706,2715,0.0,0.0,2619,2497.0,558
postal_code_H3N,0.0,0.0,2190,-0.09365767644513703,0.09365767644513703,2565,0.0,0.0,2738,2497.6666666666665,548
postal_code_G7H,0.0,0.0,2068,-0.045322609601509405,0.045322609601509405,3002,0.0,0.0,2425,2498.3333333333335,934
postal_code_L4V,0.0,0.0,2719,-0.15999133636181706,0.15999133636181706,1891,0.0,0.0,2885,2498.3333333333335,994
postal_code_G3N,0.0,0.0,2541,-0.1136327557735321,0.1136327557735321,2369,0.0,0.0,2588,2499.3333333333335,219
postal_code_H5E,0.0,0.0,2244,-0.09576425724621188,0.09576425724621188,2547,0.0,0.0,2708,2499.6666666666665,464
postal_code_M4V,0.0,0.0,929,0.02710855932357917,0.02710855932357917,3164,0.0,0.0,3409,2500.6666666666665,2480
postal_code_G8X,0.0,0.0,1917,0.06785792168777567,0.06785792168777567,2802,0.0,0.0,2784,2501.0,885
postal_code_L6K,0.0,0.0,2994,-0.21901138072243734,0.21901138072243734,1293,0.0,0.0,3228,2505.0,1935
postal_code_K2N,0.0,0.0,3385,-0.18068156807435073,0.18068156807435073,1671,0.0,0.0,2460,2505.3333333333335,1714
postal_code_E6I,0.0,0.0,2648,-0.1994897529224039,0.1994897529224039,1469,0.0,0.0,3405,2507.3333333333335,1936
postal_code_N6W,0.0,0.0,1018,0.0018856570544505194,0.0018856570544505194,3407,0.0,0.0,3103,2509.3333333333335,2389
postal_code_M7T,0.0,0.0,887,0.013452555065435478,0.013452555065435478,3293,0.0,0.0,3348,2509.3333333333335,2461
postal_code_E7O,0.0,0.0,2624,-0.1951738354761584,0.1951738354761584,1517,0.0,0.0,3387,2509.3333333333335,1870
postal_code_M5Z,0.0,0.0,933,0.013856237118793052,0.013856237118793052,3289,0.0,0.0,3307,2509.6666666666665,2374
postal_code_L9H,0.0,0.0,2948,-0.20511705675546948,0.20511705675546948,1415,0.0,0.0,3169,2510.6666666666665,1754
postal_code_C3P,0.0,0.0,2430,-0.0023374056497605248,0.0023374056497605248,3401,0.0,0.0,1703,2511.3333333333335,1698
postal_code_N6U,0.0,0.0,1016,-0.0008391824722649588,0.0008391824722649588,3415,0.0,0.0,3104,2511.6666666666665,2399
postal_code_K3E,0.0,0.0,3258,-0.16204292221764258,0.16204292221764258,1867,0.0,0.0,2414,2513.0,1391
postal_code_M5K,0.0,0.0,896,-0.018183134281525404,0.018183134281525404,3248,0.0,0.0,3401,2515.0,2505
postal_code_J1J,0.0,0.0,3182,-0.17800297835309462,0.17800297835309462,1700,0.0,0.0,2663,2515.0,1482
postal_code_H8S,0.0,0.0,2165,0.07418026918469806,0.07418026918469806,2752,0.0,0.0,2629,2515.3333333333335,587
postal_code_L6B,0.0,0.0,2984,-0.21430715000706121,0.21430715000706121,1331,0.0,0.0,3233,2516.0,1902
postal_code_B5H,0.0,0.0,3047,-0.1144590117688925,0.1144590117688925,2356,0.0,0.0,2146,2516.3333333333335,901
postal_code_C6Y,0.0,0.0,2324,-0.1297222011494973,0.1297222011494973,2196,0.0,0.0,3029,2516.3333333333335,833
postal_code_J3H,0.0,0.0,3228,-0.1975469032565609,0.1975469032565609,1493,0.0,0.0,2829,2516.6666666666665,1735
postal_code_L3C,0.0,0.0,2665,-0.11008667587271727,0.11008667587271727,2399,0.0,0.0,2487,2517.0,266
postal_code_H3X,0.0,0.0,2210,0.08586147317479574,0.08586147317479574,2645,0.0,0.0,2697,2517.3333333333335,487
postal_code_M5S,0.0,0.0,903,0.017212750895429042,0.017212750895429042,3255,0.0,0.0,3394,2517.3333333333335,2491
postal_code_H9L,0.0,0.0,2161,-0.07549647345160951,0.07549647345160951,2743,0.0,0.0,2650,2518.0,582
postal_code_G1Y,0.0,0.0,2548,0.11094823893897242,0.11094823893897242,2389,0.0,0.0,2617,2518.0,228
postal_code_J1G,0.0,0.0,3179,-0.17705707615347052,0.17705707615347052,1709,0.0,0.0,2666,2518.0,1470
postal_code_L5K,0.0,0.0,2852,-0.19934847008707673,0.19934847008707673,1472,0.0,0.0,3244,2522.6666666666665,1772
postal_code_E6V,0.0,0.0,2658,-0.19734864533211663,0.19734864533211663,1495,0.0,0.0,3418,2523.6666666666665,1923
postal_code_B2D,0.0,0.0,2916,-0.10976287914512023,0.10976287914512023,2406,0.0,0.0,2250,2524.0,666
postal_code_E2A,0.0,0.0,2334,-0.11636003981794671,0.11636003981794671,2340,0.0,0.0,2899,2524.3333333333335,565
postal_code_L5G,0.0,0.0,2730,-0.18628372583399658,0.18628372583399658,1604,0.0,0.0,3247,2527.0,1643
postal_code_H2C,0.0,0.0,2092,-0.06383430387540398,0.06383430387540398,2835,0.0,0.0,2659,2528.6666666666665,743
postal_code_H4L,0.0,0.0,2272,-0.12781691762897018,0.12781691762897018,2214,0.0,0.0,3107,2531.0,893
postal_code_G4E,0.0,0.0,2034,0.052228679963804786,0.052228679963804786,2945,0.0,0.0,2614,2531.0,911
postal_code_K5F,0.0,0.0,3308,-0.1613994835930787,0.1613994835930787,1875,0.0,0.0,2412,2531.6666666666665,1433
postal_code_K1K,0.0,0.0,3406,-0.17392730416237823,0.17392730416237823,1741,0.0,0.0,2451,2532.6666666666665,1665
postal_code_K7G,0.0,0.0,2790,-0.12616629092700168,0.12616629092700168,2234,0.0,0.0,2577,2533.6666666666665,556
postal_code_J1K,0.0,0.0,3183,-0.1717361703210348,0.1717361703210348,1759,0.0,0.0,2662,2534.6666666666665,1424
postal_code_G3A,0.0,0.0,2529,-0.0919300534765861,0.0919300534765861,2591,0.0,0.0,2491,2537.0,100
postal_code_B2Z,0.0,0.0,2957,-0.11342249685421223,0.11342249685421223,2372,0.0,0.0,2282,2537.0,675
postal_code_E5N,0.0,0.0,2586,-0.17584308830745277,0.17584308830745277,1721,0.0,0.0,3308,2538.3333333333335,1587
postal_code_H9C,0.0,0.0,2152,0.06300922756647166,0.06300922756647166,2842,0.0,0.0,2622,2538.6666666666665,690
postal_code_H1U,0.0,0.0,1967,-0.06765790140004281,0.06765790140004281,2805,0.0,0.0,2844,2538.6666666666665,877
postal_code_H2F,0.0,0.0,2189,0.07205675219064339,0.07205675219064339,2764,0.0,0.0,2669,2540.6666666666665,575
postal_code_H4E,0.0,0.0,2265,-0.08480745026243514,0.08480745026243514,2654,0.0,0.0,2704,2541.0,439
postal_code_J9S,0.0,0.0,3342,0.16271849107358016,0.16271849107358016,1858,0.0,0.0,2428,2542.6666666666665,1484
postal_code_L3N,0.0,0.0,2685,-0.10877571597808161,0.10877571597808161,2417,0.0,0.0,2545,2549.0,268
postal_code_H1X,0.0,0.0,1970,-0.06439875037863561,0.06439875037863561,2830,0.0,0.0,2847,2549.0,877
postal_code_M4L,0.0,0.0,919,-0.0111229666937091,0.0111229666937091,3315,0.0,0.0,3417,2550.3333333333335,2498
postal_code_H1S,0.0,0.0,1965,-0.06218980163134295,0.06218980163134295,2851,0.0,0.0,2839,2551.6666666666665,886
postal_code_J1S,0.0,0.0,3143,-0.16274132353481877,0.16274132353481877,1857,0.0,0.0,2656,2552.0,1286
postal_code_K2X,0.0,0.0,3394,-0.16630696725051214,0.16630696725051214,1813,0.0,0.0,2453,2553.3333333333335,1581
postal_code_L2A,0.0,0.0,2696,-0.10569156186574281,0.10569156186574281,2456,0.0,0.0,2508,2553.3333333333335,240
postal_code_C8M,0.0,0.0,2299,-0.12799976273928826,0.12799976273928826,2213,0.0,0.0,3151,2554.3333333333335,938
postal_code_B3B,0.0,0.0,2978,-0.11342378569793314,0.11342378569793314,2371,0.0,0.0,2316,2555.0,662
postal_code_E3F,0.0,0.0,2379,0.11945356474424688,0.11945356474424688,2300,0.0,0.0,2988,2555.6666666666665,688
postal_code_L2N,0.0,0.0,2708,0.10287502516515944,0.10287502516515944,2479,0.0,0.0,2484,2557.0,229
postal_code_L5B,0.0,0.0,2725,-0.1783672576067368,0.1783672576067368,1697,0.0,0.0,3251,2557.6666666666665,1554
postal_code_G9T,0.0,0.0,1987,0.06467494776940724,0.06467494776940724,2826,0.0,0.0,2860,2557.6666666666665,873
postal_code_H8T,0.0,0.0,2164,-0.05963287671015533,0.05963287671015533,2882,0.0,0.0,2628,2558.0,718
postal_code_H3O,0.0,0.0,2200,-0.07458270877169856,0.07458270877169856,2749,0.0,0.0,2741,2563.3333333333335,549
postal_code_K7T,0.0,0.0,2802,-0.11712251636335126,0.11712251636335126,2325,0.0,0.0,2565,2564.0,477
postal_code_G7N,0.0,0.0,1930,0.009562126774792797,0.009562126774792797,3334,0.0,0.0,2429,2564.3333333333335,1404
postal_code_G1E,0.0,0.0,2480,-0.15470719194911028,0.15470719194911028,1957,0.0,0.0,3257,2564.6666666666665,1300
postal_code_M6B,0.0,0.0,958,-0.004764190243215918,0.004764190243215918,3382,0.0,0.0,3355,2565.0,2424
postal_code_H8P,0.0,0.0,2186,0.059959004316006204,0.059959004316006204,2878,0.0,0.0,2632,2565.3333333333335,692
postal_code_K9O,0.0,0.0,2848,0.12531398782467493,0.12531398782467493,2246,0.0,0.0,2603,2565.6666666666665,602
postal_code_L4M,0.0,0.0,2737,-0.10740838725251538,0.10740838725251538,2439,0.0,0.0,2523,2566.3333333333335,298
postal_code_L3X,0.0,0.0,2742,0.10851846868760118,0.10851846868760118,2422,0.0,0.0,2537,2567.0,320
postal_code_J1D,0.0,0.0,3176,-0.16249454520184983,0.16249454520184983,1862,0.0,0.0,2667,2568.3333333333335,1314
postal_code_E5C,0.0,0.0,2575,-0.16990501722279633,0.16990501722279633,1777,0.0,0.0,3354,2568.6666666666665,1577
postal_code_H8R,0.0,0.0,2166,-0.0563045222369531,0.0563045222369531,2911,0.0,0.0,2630,2569.0,745
postal_code_G5W,0.0,0.0,2078,-0.01428635673930973,0.01428635673930973,3285,0.0,0.0,2350,2571.0,1207
postal_code_G6W,0.0,0.0,2057,-0.024506322632145926,0.024506322632145926,3189,0.0,0.0,2468,2571.3333333333335,1132
postal_code_C8J,0.0,0.0,2297,-0.12142988603399493,0.12142988603399493,2281,0.0,0.0,3137,2571.6666666666665,856
postal_code_B3V,0.0,0.0,2788,-0.09198683999206757,0.09198683999206757,2590,0.0,0.0,2338,2572.0,450
postal_code_H6K,0.0,0.0,2129,0.06301017505412858,0.06301017505412858,2841,0.0,0.0,2748,2572.6666666666665,712
postal_code_G4S,0.0,0.0,2001,0.029407684306598958,0.029407684306598958,3150,0.0,0.0,2568,2573.0,1149
postal_code_H4K,0.0,0.0,2271,0.07664826161239946,0.07664826161239946,2736,0.0,0.0,2715,2574.0,465
postal_code_G8Y,0.0,0.0,1918,0.040406920714093505,0.040406920714093505,3047,0.0,0.0,2758,2574.3333333333335,1129
postal_code_L1L,0.0,0.0,2824,-0.11663323271105389,0.11663323271105389,2334,0.0,0.0,2567,2575.0,490
postal_code_K2T,0.0,0.0,3390,-0.16086596115747126,0.16086596115747126,1881,0.0,0.0,2455,2575.3333333333335,1509
postal_code_G7E,0.0,0.0,2065,-0.019093455928779226,0.019093455928779226,3243,0.0,0.0,2419,2575.6666666666665,1178
postal_code_G5M,0.0,0.0,2020,0.012335716675689858,0.012335716675689858,3306,0.0,0.0,2402,2576.0,1286
postal_code_B5C,0.0,0.0,3061,0.10633870593698887,0.10633870593698887,2449,0.0,0.0,2219,2576.3333333333335,842
postal_code_B4Z,0.0,0.0,3134,-0.11998484712482158,0.11998484712482158,2295,0.0,0.0,2301,2576.6666666666665,839
postal_code_M2J,0.0,0.0,2928,-0.18520509801917917,0.18520509801917917,1612,0.0,0.0,3195,2578.3333333333335,1583
postal_code_C7V,0.0,0.0,2289,-0.1178964893622,0.1178964893622,2319,0.0,0.0,3129,2579.0,840
postal_code_E7B,0.0,0.0,2642,-0.1748594778926374,0.1748594778926374,1734,0.0,0.0,3363,2579.6666666666665,1629
postal_code_H8O,0.0,0.0,2185,-0.052903331428249774,0.052903331428249774,2938,0.0,0.0,2618,2580.3333333333335,753
postal_code_K9T,0.0,0.0,2831,-0.11802966857131883,0.11802966857131883,2316,0.0,0.0,2598,2581.6666666666665,515
postal_code_H9U,0.0,0.0,3167,-0.15893452897608917,0.15893452897608917,1901,0.0,0.0,2677,2581.6666666666665,1266
postal_code_B5M,0.0,0.0,3138,-0.10201279269347516,0.10201279269347516,2483,0.0,0.0,2124,2581.6666666666665,1014
postal_code_H1Q,0.0,0.0,1953,0.05016511922578019,0.05016511922578019,2958,0.0,0.0,2837,2582.6666666666665,1005
postal_code_H1M,0.0,0.0,1959,-0.049859869706392945,0.049859869706392945,2962,0.0,0.0,2830,2583.6666666666665,1003
postal_code_M4Q,0.0,0.0,924,0.0004833442535416879,0.0004833442535416879,3418,0.0,0.0,3413,2585.0,2494
postal_code_K3G,0.0,0.0,3260,0.13693178246972462,0.13693178246972462,2119,0.0,0.0,2379,2586.0,1141
postal_code_L1I,0.0,0.0,2821,0.11487636775469823,0.11487636775469823,2353,0.0,0.0,2587,2587.0,468
postal_code_L2I,0.0,0.0,2704,0.09451814069811314,0.09451814069811314,2555,0.0,0.0,2503,2587.3333333333335,201
postal_code_E3X,0.0,0.0,2603,-0.12876829395023381,0.12876829395023381,2205,0.0,0.0,2955,2587.6666666666665,750
postal_code_E2C,0.0,0.0,2336,-0.09806033440260943,0.09806033440260943,2523,0.0,0.0,2908,2589.0,572
postal_code_C9S,0.0,0.0,2362,-0.10182356084957046,0.10182356084957046,2486,0.0,0.0,2929,2592.3333333333335,567
postal_code_E1M,0.0,0.0,2373,0.1052381030305426,0.1052381030305426,2461,0.0,0.0,2948,2594.0,575
postal_code_K2P,0.0,0.0,3387,0.15578500230252496,0.15578500230252496,1939,0.0,0.0,2459,2595.0,1448
postal_code_K9H,0.0,0.0,2841,0.11625904512530195,0.11625904512530195,2342,0.0,0.0,2604,2595.6666666666665,499
postal_code_J7H,0.0,0.0,3114,-0.16225422367431436,0.16225422367431436,1864,0.0,0.0,2815,2597.6666666666665,1250
postal_code_E4W,0.0,0.0,2572,-0.16126547227722887,0.16126547227722887,1876,0.0,0.0,3347,2598.3333333333335,1471
postal_code_H1L,0.0,0.0,1958,-0.0442318985025182,0.0442318985025182,3014,0.0,0.0,2826,2599.3333333333335,1056
postal_code_C9G,0.0,0.0,2330,-0.11419960616057309,0.11419960616057309,2362,0.0,0.0,3106,2599.3333333333335,776
postal_code_G4M,0.0,0.0,2043,-0.023568366061953915,0.023568366061953915,3201,0.0,0.0,2555,2599.6666666666665,1158
postal_code_L4D,0.0,0.0,2748,-0.09843194465389395,0.09843194465389395,2520,0.0,0.0,2531,2599.6666666666665,228
postal_code_H2G,0.0,0.0,2215,0.05621599092161429,0.05621599092161429,2912,0.0,0.0,2673,2600.0,697
postal_code_H8W,0.0,0.0,2146,0.04233129833092764,0.04233129833092764,3035,0.0,0.0,2625,2602.0,889
postal_code_G1Z,0.0,0.0,2549,-0.07515874214752218,0.07515874214752218,2745,0.0,0.0,2519,2604.3333333333335,226
postal_code_H5I,0.0,0.0,2238,0.060476526738906,0.060476526738906,2872,0.0,0.0,2705,2605.0,634
postal_code_E8P,0.0,0.0,2498,-0.1331496347031581,0.1331496347031581,2152,0.0,0.0,3165,2605.0,1013
postal_code_J5M,0.0,0.0,3066,-0.15979654028996987,0.15979654028996987,1894,0.0,0.0,2855,2605.0,1172
postal_code_G9I,0.0,0.0,1952,0.035311592947815613,0.035311592947815613,3097,0.0,0.0,2767,2605.3333333333335,1145
postal_code_L3V,0.0,0.0,2740,-0.09641334541927819,0.09641334541927819,2538,0.0,0.0,2538,2605.3333333333335,202
postal_code_G3L,0.0,0.0,2539,-0.0720479783966467,0.0720479783966467,2765,0.0,0.0,2514,2606.0,251
postal_code_E9V,0.0,0.0,2497,-0.14621811526365489,0.14621811526365489,2045,0.0,0.0,3279,2607.0,1234
postal_code_L8H,0.0,0.0,3022,-0.18900207958000725,0.18900207958000725,1578,0.0,0.0,3223,2607.6666666666665,1645
postal_code_G4X,0.0,0.0,2006,-0.01915268936038309,0.01915268936038309,3242,0.0,0.0,2578,2608.6666666666665,1236
postal_code_K9P,0.0,0.0,2849,-0.11234182030514041,0.11234182030514041,2378,0.0,0.0,2602,2609.6666666666665,471
postal_code_M1Y,0.0,0.0,2869,0.17181135358987223,0.17181135358987223,1758,0.0,0.0,3203,2610.0,1445
postal_code_C9Z,0.0,0.0,2365,-0.097050595735411,0.097050595735411,2531,0.0,0.0,2934,2610.0,569
postal_code_L8T,0.0,0.0,3007,-0.1832210080437078,0.1832210080437078,1642,0.0,0.0,3181,2610.0,1539
postal_code_B2P,0.0,0.0,2883,-0.07961611106892476,0.07961611106892476,2710,0.0,0.0,2238,2610.3333333333335,645
postal_code_H6H,0.0,0.0,2127,0.04755315460612218,0.04755315460612218,2989,0.0,0.0,2719,2611.6666666666665,862
postal_code_K4Z,0.0,0.0,3254,-0.1290501847941232,0.1290501847941232,2203,0.0,0.0,2380,2612.3333333333335,1051
postal_code_M2K,0.0,0.0,2929,-0.17618339455665064,0.17618339455665064,1716,0.0,0.0,3194,2613.0,1478
postal_code_K7I,0.0,0.0,2792,0.10326460227858654,0.10326460227858654,2475,0.0,0.0,2575,2614.0,317
postal_code_K3U,0.0,0.0,3273,-0.1291886727153595,0.1291886727153595,2201,0.0,0.0,2368,2614.0,1072
postal_code_G4T,0.0,0.0,2002,-0.016143587985952283,0.016143587985952283,3269,0.0,0.0,2572,2614.3333333333335,1267
postal_code_J7J,0.0,0.0,3095,-0.15645694683670625,0.15645694683670625,1935,0.0,0.0,2813,2614.3333333333335,1160
postal_code_K7N,0.0,0.0,2797,0.10291204763100076,0.10291204763100076,2478,0.0,0.0,2571,2615.3333333333335,319
postal_code_G9N,0.0,0.0,1981,-0.03574594464162575,0.03574594464162575,3090,0.0,0.0,2779,2616.6666666666665,1109
postal_code_B5D,0.0,0.0,3060,-0.0833924512064073,0.0833924512064073,2672,0.0,0.0,2126,2619.3333333333335,934
postal_code_B5A,0.0,0.0,3129,-0.10796999868248199,0.10796999868248199,2426,0.0,0.0,2304,2619.6666666666665,825
postal_code_H3A,0.0,0.0,2225,0.056380876013333386,0.056380876013333386,2910,0.0,0.0,2726,2620.3333333333335,685
postal_code_M3N,0.0,0.0,2911,-0.18749887669267568,0.18749887669267568,1587,0.0,0.0,3372,2623.3333333333335,1785
postal_code_L4B,0.0,0.0,2746,-0.0914529031625754,0.0914529031625754,2595,0.0,0.0,2533,2624.6666666666665,213
postal_code_L1G,0.0,0.0,2818,-0.10433738066028293,0.10433738066028293,2467,0.0,0.0,2589,2624.6666666666665,351
postal_code_E9O,0.0,0.0,2516,-0.13964726621408058,0.13964726621408058,2094,0.0,0.0,3267,2625.6666666666665,1173
postal_code_J1E,0.0,0.0,3177,-0.14478178245175144,0.14478178245175144,2055,0.0,0.0,2652,2628.0,1122
postal_code_E6X,0.0,0.0,2659,-0.16738231806265563,0.16738231806265563,1806,0.0,0.0,3419,2628.0,1613
postal_code_E9U,0.0,0.0,2510,-0.13960783425641424,0.13960783425641424,2096,0.0,0.0,3278,2628.0,1182
postal_code_G3P,0.0,0.0,2543,-0.07366984185843083,0.07366984185843083,2756,0.0,0.0,2592,2630.3333333333335,213
postal_code_K2Z,0.0,0.0,3396,-0.14393642373375873,0.14393642373375873,2062,0.0,0.0,2433,2630.3333333333335,1334
postal_code_E2N,0.0,0.0,2333,-0.09350434695140503,0.09350434695140503,2569,0.0,0.0,2994,2632.0,661
postal_code_G8I,0.0,0.0,1927,0.026801888440146172,0.026801888440146172,3170,0.0,0.0,2799,2632.0,1243
postal_code_C7A,0.0,0.0,2326,-0.09647787163180413,0.09647787163180413,2537,0.0,0.0,3034,2632.3333333333335,708
postal_code_J5A,0.0,0.0,3081,0.15496781921977695,0.15496781921977695,1952,0.0,0.0,2864,2632.3333333333335,1129
postal_code_J7O,0.0,0.0,3100,-0.15161559537853117,0.15161559537853117,1988,0.0,0.0,2810,2632.6666666666665,1112
postal_code_L2L,0.0,0.0,2706,0.08160739996364953,0.08160739996364953,2692,0.0,0.0,2501,2633.0,205
postal_code_B3I,0.0,0.0,2747,-0.06452036445119011,0.06452036445119011,2829,0.0,0.0,2323,2633.0,506
postal_code_K4L,0.0,0.0,3240,-0.11900993911595499,0.11900993911595499,2304,0.0,0.0,2358,2634.0,936
postal_code_H1T,0.0,0.0,1966,0.0354236827223924,0.0354236827223924,3096,0.0,0.0,2842,2634.6666666666665,1130
postal_code_E7C,0.0,0.0,2641,-0.15927440764599815,0.15927440764599815,1898,0.0,0.0,3366,2635.0,1468
postal_code_M4A,0.0,0.0,2664,-0.16076304856886975,0.16076304856886975,1883,0.0,0.0,3360,2635.6666666666665,1477
postal_code_M1V,0.0,0.0,2867,0.16363738389250196,0.16363738389250196,1842,0.0,0.0,3205,2638.0,1363
postal_code_B5R,0.0,0.0,3226,-0.09318582232169838,0.09318582232169838,2577,0.0,0.0,2113,2638.6666666666665,1113
postal_code_M1N,0.0,0.0,2859,-0.16349623055141935,0.16349623055141935,1845,0.0,0.0,3213,2639.0,1368
postal_code_K2Y,0.0,0.0,3395,0.1425910127135098,0.1425910127135098,2071,0.0,0.0,2452,2639.3333333333335,1324
postal_code_C9C,0.0,0.0,2305,-0.09787415123755562,0.09787415123755562,2524,0.0,0.0,3089,2639.3333333333335,784
postal_code_J1B,0.0,0.0,3164,-0.14063794499792703,0.14063794499792703,2085,0.0,0.0,2670,2639.6666666666665,1079
postal_code_H2X,0.0,0.0,2232,0.04980584971639059,0.04980584971639059,2964,0.0,0.0,2723,2639.6666666666665,732
postal_code_E7D,0.0,0.0,2640,-0.1580546681098244,0.1580546681098244,1912,0.0,0.0,3367,2639.6666666666665,1455
postal_code_E4D,0.0,0.0,2608,-0.11708661484123868,0.11708661484123868,2328,0.0,0.0,2984,2640.0,656
postal_code_E8R,0.0,0.0,2500,-0.12424396785617997,0.12424396785617997,2259,0.0,0.0,3167,2642.0,908
postal_code_K1Z,0.0,0.0,3419,-0.14693599610697175,0.14693599610697175,2040,0.0,0.0,2469,2642.6666666666665,1379
postal_code_E4F,0.0,0.0,2610,-0.1100020347256771,0.1100020347256771,2401,0.0,0.0,2920,2643.6666666666665,519
postal_code_J1H,0.0,0.0,3180,-0.1400071746365608,0.1400071746365608,2090,0.0,0.0,2665,2645.0,1090
postal_code_L6F,0.0,0.0,2989,0.1767090728606395,0.1767090728606395,1714,0.0,0.0,3232,2645.0,1518
postal_code_K1N,0.0,0.0,3409,-0.14564817055630502,0.14564817055630502,2050,0.0,0.0,2478,2645.6666666666665,1359
postal_code_H8N,0.0,0.0,2184,-0.031965608478772875,0.031965608478772875,3130,0.0,0.0,2633,2649.0,946
postal_code_E9P,0.0,0.0,2517,-0.13189803404954717,0.13189803404954717,2165,0.0,0.0,3269,2650.3333333333335,1104
postal_code_G4K,0.0,0.0,2041,0.009863767129906584,0.009863767129906584,3328,0.0,0.0,2582,2650.3333333333335,1287
postal_code_G1F,0.0,0.0,2481,0.12720936584327805,0.12720936584327805,2221,0.0,0.0,3256,2652.6666666666665,1035
postal_code_G9L,0.0,0.0,1979,0.02231651926184049,0.02231651926184049,3207,0.0,0.0,2774,2653.3333333333335,1228
postal_code_J4R,0.0,0.0,3072,0.14823280792791105,0.14823280792791105,2022,0.0,0.0,2870,2654.6666666666665,1050
postal_code_K8K,0.0,0.0,2770,-0.0859006143642791,0.0859006143642791,2644,0.0,0.0,2552,2655.3333333333335,218
postal_code_J9H,0.0,0.0,3331,-0.12953095125169697,0.12953095125169697,2198,0.0,0.0,2438,2655.6666666666665,1133
postal_code_M1Z,0.0,0.0,2870,0.15933275111231907,0.15933275111231907,1897,0.0,0.0,3202,2656.3333333333335,1305
postal_code_K6C,0.0,0.0,3304,-0.12281681260438577,0.12281681260438577,2272,0.0,0.0,2396,2657.3333333333335,1032
postal_code_K1O,0.0,0.0,3410,-0.1404116333322978,0.1404116333322978,2086,0.0,0.0,2477,2657.6666666666665,1324
postal_code_H6P,0.0,0.0,2135,0.03529926809287537,0.03529926809287537,3098,0.0,0.0,2744,2659.0,963
postal_code_K6D,0.0,0.0,3284,-0.11964253785113155,0.11964253785113155,2298,0.0,0.0,2395,2659.0,986
postal_code_M1U,0.0,0.0,2865,0.15843331716955464,0.15843331716955464,1907,0.0,0.0,3207,2659.6666666666665,1300
postal_code_J5B,0.0,0.0,3082,0.14712138287783164,0.14712138287783164,2037,0.0,0.0,2863,2660.6666666666665,1045
postal_code_K1A,0.0,0.0,3348,-0.12778105726867975,0.12778105726867975,2215,0.0,0.0,2422,2661.6666666666665,1133
postal_code_C7T,0.0,0.0,2288,-0.09308136425835949,0.09308136425835949,2578,0.0,0.0,3126,2664.0,838
postal_code_H8Q,0.0,0.0,2167,0.023846340307335036,0.023846340307335036,3198,0.0,0.0,2631,2665.3333333333335,1031
postal_code_C6A,0.0,0.0,2313,-0.08848625172725058,0.08848625172725058,2621,0.0,0.0,3063,2665.6666666666665,750
postal_code_J8J,0.0,0.0,3356,-0.16329355499891252,0.16329355499891252,1846,0.0,0.0,2795,2665.6666666666665,1510
postal_code_C6W,0.0,0.0,2322,-0.08513110983199808,0.08513110983199808,2652,0.0,0.0,3025,2666.3333333333335,703
postal_code_K5R,0.0,0.0,3320,-0.12201477463948163,0.12201477463948163,2276,0.0,0.0,2403,2666.3333333333335,1044
postal_code_C7G,0.0,0.0,2320,-0.08620074541837773,0.08620074541837773,2641,0.0,0.0,3039,2666.6666666666665,719
postal_code_H5G,0.0,0.0,2246,-0.04015988361679612,0.04015988361679612,3050,0.0,0.0,2707,2667.6666666666665,804
postal_code_B5E,0.0,0.0,3057,-0.06466288545705072,0.06466288545705072,2827,0.0,0.0,2129,2671.0,928
postal_code_H2H,0.0,0.0,2216,-0.03255573477618777,0.03255573477618777,3121,0.0,0.0,2678,2671.6666666666665,905
postal_code_J7C,0.0,0.0,3135,-0.13891207443340223,0.13891207443340223,2100,0.0,0.0,2785,2673.3333333333335,1035
postal_code_K4V,0.0,0.0,3250,-0.10866855909474685,0.10866855909474685,2419,0.0,0.0,2353,2674.0,897
postal_code_B4P,0.0,0.0,3405,-0.11688330656385937,0.11688330656385937,2331,0.0,0.0,2293,2676.3333333333335,1112
postal_code_K7D,0.0,0.0,2787,-0.08410745531321104,0.08410745531321104,2664,0.0,0.0,2579,2676.6666666666665,208
postal_code_G3E,0.0,0.0,2532,0.04560734147796315,0.04560734147796315,3000,0.0,0.0,2499,2677.0,501
postal_code_J6Y,0.0,0.0,3131,-0.133435335404043,0.133435335404043,2145,0.0,0.0,2756,2677.3333333333335,986
postal_code_M1P,0.0,0.0,2861,-0.15409828249901067,0.15409828249901067,1962,0.0,0.0,3211,2678.0,1249
postal_code_K1F,0.0,0.0,3377,-0.12577937850221368,0.12577937850221368,2240,0.0,0.0,2418,2678.3333333333335,1137
postal_code_H2P,0.0,0.0,2214,-0.024435280454900864,0.024435280454900864,3190,0.0,0.0,2636,2680.0,976
postal_code_J7A,0.0,0.0,3133,-0.13297620180563252,0.13297620180563252,2154,0.0,0.0,2754,2680.3333333333335,979
postal_code_J3C,0.0,0.0,3223,-0.15168444387313448,0.15168444387313448,1987,0.0,0.0,2833,2681.0,1236
postal_code_J5E,0.0,0.0,3085,0.13945883419175387,0.13945883419175387,2097,0.0,0.0,2861,2681.0,988
postal_code_E4J,0.0,0.0,2611,-0.12541753009315437,0.12541753009315437,2244,0.0,0.0,3189,2681.3333333333335,945
postal_code_K4K,0.0,0.0,3239,0.10481253960383392,0.10481253960383392,2464,0.0,0.0,2359,2687.3333333333335,880
postal_code_L8S,0.0,0.0,3006,-0.16144421949690244,0.16144421949690244,1874,0.0,0.0,3182,2687.3333333333335,1308
postal_code_J1O,0.0,0.0,3151,-0.12440226450871562,0.12440226450871562,2256,0.0,0.0,2658,2688.3333333333335,895
postal_code_L4W,0.0,0.0,2720,-0.13002535114186242,0.13002535114186242,2192,0.0,0.0,3155,2689.0,963
postal_code_K6N,0.0,0.0,3293,0.11037356628682315,0.11037356628682315,2394,0.0,0.0,2386,2691.0,907
postal_code_B4N,0.0,0.0,3399,-0.11102561536957546,0.11102561536957546,2387,0.0,0.0,2291,2692.3333333333335,1108
postal_code_H1V,0.0,0.0,1968,-0.01619603265067412,0.01619603265067412,3266,0.0,0.0,2845,2693.0,1298
postal_code_L2G,0.0,0.0,2702,0.05963103767601983,0.05963103767601983,2883,0.0,0.0,2504,2696.3333333333335,379
postal_code_G2K,0.0,0.0,2560,-0.04778794052549401,0.04778794052549401,2988,0.0,0.0,2542,2696.6666666666665,446
postal_code_J8V,0.0,0.0,3367,-0.13786226878337177,0.13786226878337177,2109,0.0,0.0,2615,2697.0,1258
postal_code_B5W,0.0,0.0,3215,-0.0779239595105986,0.0779239595105986,2725,0.0,0.0,2156,2698.6666666666665,1059
postal_code_J3Q,0.0,0.0,3190,-0.14013837592158263,0.14013837592158263,2088,0.0,0.0,2823,2700.3333333333335,1102
postal_code_J3U,0.0,0.0,3194,0.14462746831559817,0.14462746831559817,2056,0.0,0.0,2851,2700.3333333333335,1138
postal_code_E5B,0.0,0.0,2574,0.1313403859019219,0.1313403859019219,2180,0.0,0.0,3351,2701.6666666666665,1171
postal_code_E7T,0.0,0.0,2618,-0.12082241345338174,0.12082241345338174,2289,0.0,0.0,3198,2701.6666666666665,909
postal_code_C8D,0.0,0.0,2294,-0.08275037533880843,0.08275037533880843,2681,0.0,0.0,3134,2703.0,840
postal_code_L1B,0.0,0.0,2814,0.08084163684193801,0.08084163684193801,2703,0.0,0.0,2593,2703.3333333333335,221
postal_code_H6A,0.0,0.0,2121,-0.01264983817233454,0.01264983817233454,3303,0.0,0.0,2690,2704.6666666666665,1182
postal_code_G1N,0.0,0.0,2489,-0.11007191224745566,0.11007191224745566,2400,0.0,0.0,3227,2705.3333333333335,827
postal_code_J4K,0.0,0.0,3163,-0.14088778133608823,0.14088778133608823,2082,0.0,0.0,2876,2707.0,1081
postal_code_E7F,0.0,0.0,2639,-0.13705618250194634,0.13705618250194634,2117,0.0,0.0,3369,2708.3333333333335,1252
postal_code_H8K,0.0,0.0,2182,0.012238228517194038,0.012238228517194038,3309,0.0,0.0,2637,2709.3333333333335,1127
postal_code_B4J,0.0,0.0,3275,-0.0961179429987616,0.0961179429987616,2543,0.0,0.0,2314,2710.6666666666665,961
postal_code_L9F,0.0,0.0,2973,0.15011642694583988,0.15011642694583988,2006,0.0,0.0,3156,2711.6666666666665,1150
postal_code_E5R,0.0,0.0,2589,0.12638120551647805,0.12638120551647805,2230,0.0,0.0,3316,2711.6666666666665,1086
postal_code_H1C,0.0,0.0,1996,-0.0163847699085666,0.0163847699085666,3260,0.0,0.0,2882,2712.6666666666665,1264
postal_code_H9P,0.0,0.0,2284,0.026283329405443725,0.026283329405443725,3175,0.0,0.0,2680,2713.0,891
postal_code_K9U,0.0,0.0,2830,0.07925341736606253,0.07925341736606253,2714,0.0,0.0,2597,2713.6666666666665,233
postal_code_E3Q,0.0,0.0,2599,-0.0922854840489413,0.0922854840489413,2586,0.0,0.0,2963,2716.0,377
postal_code_H4G,0.0,0.0,2267,-0.02678286200172061,0.02678286200172061,3172,0.0,0.0,2709,2716.0,905
postal_code_H9V,0.0,0.0,3168,-0.11894995858428148,0.11894995858428148,2306,0.0,0.0,2676,2716.6666666666665,862
postal_code_K1S,0.0,0.0,3414,0.12368473380787591,0.12368473380787591,2263,0.0,0.0,2475,2717.3333333333335,1151
postal_code_L6W,0.0,0.0,2958,-0.15624657115379464,0.15624657115379464,1938,0.0,0.0,3258,2718.0,1320
postal_code_J5V,0.0,0.0,3054,-0.11750474932717733,0.11750474932717733,2323,0.0,0.0,2780,2719.0,731
postal_code_G2N,0.0,0.0,2563,0.04009018604114262,0.04009018604114262,3051,0.0,0.0,2543,2719.0,508
postal_code_K3O,0.0,0.0,3268,-0.09849931070336979,0.09849931070336979,2518,0.0,0.0,2373,2719.6666666666665,895
postal_code_H4A,0.0,0.0,2237,-0.020564481635744862,0.020564481635744862,3229,0.0,0.0,2700,2722.0,992
postal_code_G2E,0.0,0.0,2554,0.03555417893064174,0.03555417893064174,3094,0.0,0.0,2529,2725.6666666666665,565
postal_code_J5Z,0.0,0.0,3058,-0.11570094356382454,0.11570094356382454,2345,0.0,0.0,2776,2726.3333333333335,713
postal_code_G2S,0.0,0.0,2546,0.03251900537510978,0.03251900537510978,3123,0.0,0.0,2518,2729.0,605
postal_code_G2C,0.0,0.0,2552,0.03304634506540255,0.03304634506540255,3114,0.0,0.0,2522,2729.3333333333335,592
postal_code_G2J,0.0,0.0,2559,-0.03560627544031135,0.03560627544031135,3092,0.0,0.0,2541,2730.6666666666665,551
postal_code_K5Q,0.0,0.0,3319,-0.10382188027964884,0.10382188027964884,2469,0.0,0.0,2404,2730.6666666666665,915
postal_code_H6B,0.0,0.0,2122,-0.0040422570656592225,0.0040422570656592225,3385,0.0,0.0,2689,2732.0,1263
postal_code_J4H,0.0,0.0,3206,-0.1371123914094531,0.1371123914094531,2116,0.0,0.0,2878,2733.3333333333335,1090
postal_code_C7Q,0.0,0.0,2286,0.06053792621520514,0.06053792621520514,2870,0.0,0.0,3045,2733.6666666666665,759
postal_code_M3H,0.0,0.0,2905,-0.1575339679076265,0.1575339679076265,1924,0.0,0.0,3378,2735.6666666666665,1454
postal_code_J8P,0.0,0.0,3362,-0.1441420980262598,0.1441420980262598,2061,0.0,0.0,2789,2737.3333333333335,1301
postal_code_J6E,0.0,0.0,3063,-0.11135030360859971,0.11135030360859971,2381,0.0,0.0,2771,2738.3333333333335,682
postal_code_K8D,0.0,0.0,2764,0.05883101252826869,0.05883101252826869,2892,0.0,0.0,2559,2738.3333333333335,333
postal_code_J4Q,0.0,0.0,3071,-0.12209628086321693,0.12209628086321693,2274,0.0,0.0,2871,2738.6666666666665,797
postal_code_L9Q,0.0,0.0,2886,-0.13175207439687178,0.13175207439687178,2171,0.0,0.0,3162,2739.6666666666665,991
postal_code_L9O,0.0,0.0,2884,-0.1315615374787769,0.1315615374787769,2173,0.0,0.0,3164,2740.3333333333335,991
postal_code_L8G,0.0,0.0,3041,-0.1553953317799471,0.1553953317799471,1943,0.0,0.0,3240,2741.3333333333335,1297
postal_code_B3R,0.0,0.0,2805,0.03574999369687192,0.03574999369687192,3089,0.0,0.0,2334,2742.6666666666665,755
postal_code_L8E,0.0,0.0,3039,-0.15688731338252243,0.15688731338252243,1930,0.0,0.0,3260,2743.0,1330
postal_code_H6V,0.0,0.0,2117,0.005491194869890908,0.005491194869890908,3372,0.0,0.0,2740,2743.0,1255
postal_code_L3B,0.0,0.0,2674,-0.037207897253437275,0.037207897253437275,3073,0.0,0.0,2488,2745.0,585
postal_code_J5I,0.0,0.0,3089,-0.1207554406190786,0.1207554406190786,2290,0.0,0.0,2858,2745.6666666666665,799
postal_code_K6R,0.0,0.0,3298,0.09444961014429412,0.09444961014429412,2556,0.0,0.0,2384,2746.0,914
postal_code_L5Q,0.0,0.0,2976,-0.1469720223455327,0.1469720223455327,2039,0.0,0.0,3224,2746.3333333333335,1185
postal_code_M3V,0.0,0.0,2919,-0.154832822889205,0.154832822889205,1955,0.0,0.0,3365,2746.3333333333335,1410
postal_code_B2C,0.0,0.0,2921,-0.03628484326561013,0.03628484326561013,3087,0.0,0.0,2236,2748.0,851
postal_code_K9Q,0.0,0.0,2850,0.06877797904116477,0.06877797904116477,2796,0.0,0.0,2601,2749.0,249
postal_code_K5U,0.0,0.0,3323,0.09722536513024851,0.09722536513024851,2528,0.0,0.0,2400,2750.3333333333335,923
postal_code_H5U,0.0,0.0,2213,0.008523538868628099,0.008523538868628099,3344,0.0,0.0,2695,2750.6666666666665,1131
postal_code_E1B,0.0,0.0,2366,-0.049665869197921084,0.049665869197921084,2967,0.0,0.0,2921,2751.3333333333335,601
postal_code_L5J,0.0,0.0,2733,0.12150571416525265,0.12150571416525265,2280,0.0,0.0,3245,2752.6666666666665,965
postal_code_L4E,0.0,0.0,2749,0.04820917886698649,0.04820917886698649,2985,0.0,0.0,2530,2754.6666666666665,455
postal_code_C6R,0.0,0.0,2318,-0.060850415726911605,0.060850415726911605,2865,0.0,0.0,3081,2754.6666666666665,763
postal_code_E3O,0.0,0.0,2597,-0.08009956076090187,0.08009956076090187,2707,0.0,0.0,2961,2755.0,364
postal_code_H3D,0.0,0.0,2211,0.009754803251992785,0.009754803251992785,3331,0.0,0.0,2729,2757.0,1120
postal_code_E5T,0.0,0.0,2590,-0.11384260391233951,0.11384260391233951,2366,0.0,0.0,3317,2757.6666666666665,951
postal_code_E2Y,0.0,0.0,2350,-0.05411266170085071,0.05411266170085071,2928,0.0,0.0,2999,2759.0,649
postal_code_E7S,0.0,0.0,2627,-0.10581012954983451,0.10581012954983451,2455,0.0,0.0,3197,2759.6666666666665,742
postal_code_E5K,0.0,0.0,2583,-0.11051565690636234,0.11051565690636234,2393,0.0,0.0,3304,2760.0,911
postal_code_M2P,0.0,0.0,2934,-0.1442659124681356,0.1442659124681356,2058,0.0,0.0,3288,2760.0,1230
postal_code_J5R,0.0,0.0,3050,0.1091343026007283,0.1091343026007283,2413,0.0,0.0,2817,2760.0,637
postal_code_K1Y,0.0,0.0,3418,-0.1103621519804647,0.1103621519804647,2395,0.0,0.0,2470,2761.0,1023
postal_code_E1T,0.0,0.0,2357,-0.04491004292241072,0.04491004292241072,3007,0.0,0.0,2919,2761.0,650
postal_code_K4U,0.0,0.0,3249,-0.08235661290011423,0.08235661290011423,2686,0.0,0.0,2354,2763.0,895
postal_code_L7L,0.0,0.0,2996,-0.1483434995454653,0.1483434995454653,2020,0.0,0.0,3275,2763.6666666666665,1255
postal_code_J9L,0.0,0.0,3335,0.0974949476812396,0.0974949476812396,2526,0.0,0.0,2434,2765.0,901
postal_code_G3K,0.0,0.0,2538,0.01900438249877404,0.01900438249877404,3244,0.0,0.0,2513,2765.0,731
postal_code_B3H,0.0,0.0,2750,-0.020513090903682318,0.020513090903682318,3230,0.0,0.0,2319,2766.3333333333335,911
postal_code_G1U,0.0,0.0,2520,-0.09621668840223466,0.09621668840223466,2542,0.0,0.0,3237,2766.3333333333335,717
postal_code_E5H,0.0,0.0,2570,-0.10777216371591587,0.10777216371591587,2432,0.0,0.0,3299,2767.0,867
postal_code_E2E,0.0,0.0,2338,-0.039868454637530984,0.039868454637530984,3052,0.0,0.0,2911,2767.0,714
postal_code_K4T,0.0,0.0,3248,-0.08104440788463226,0.08104440788463226,2700,0.0,0.0,2355,2767.6666666666665,893
postal_code_M2L,0.0,0.0,2930,-0.13112414366528038,0.13112414366528038,2182,0.0,0.0,3193,2768.3333333333335,1011
postal_code_E7K,0.0,0.0,2621,-0.11638095581478405,0.11638095581478405,2339,0.0,0.0,3358,2772.6666666666665,1019
postal_code_M3Y,0.0,0.0,2922,-0.14720142964265187,0.14720142964265187,2035,0.0,0.0,3362,2773.0,1327
postal_code_C6T,0.0,0.0,2309,-0.050555800605323685,0.050555800605323685,2956,0.0,0.0,3056,2773.6666666666665,747
postal_code_M3C,0.0,0.0,2927,-0.14781952242907914,0.14781952242907914,2027,0.0,0.0,3382,2778.6666666666665,1355
postal_code_C8O,0.0,0.0,2301,-0.05589412660858116,0.05589412660858116,2915,0.0,0.0,3120,2778.6666666666665,819
postal_code_M2Y,0.0,0.0,2943,-0.1492531783952406,0.1492531783952406,2014,0.0,0.0,3385,2780.6666666666665,1371
postal_code_E4V,0.0,0.0,2571,-0.10791146103061086,0.10791146103061086,2427,0.0,0.0,3346,2781.3333333333335,919
postal_code_E9X,0.0,0.0,2486,-0.0922831947948405,0.0922831947948405,2587,0.0,0.0,3285,2786.0,799
postal_code_E6R,0.0,0.0,2654,-0.12043257657125644,0.12043257657125644,2293,0.0,0.0,3412,2786.3333333333335,1119
postal_code_J3B,0.0,0.0,3222,0.11902404160695196,0.11902404160695196,2303,0.0,0.0,2834,2786.3333333333335,919
postal_code_E4E,0.0,0.0,2609,-0.09069253055876235,0.09069253055876235,2602,0.0,0.0,3153,2788.0,551
postal_code_L6Z,0.0,0.0,2960,0.13695255665133185,0.13695255665133185,2118,0.0,0.0,3287,2788.3333333333335,1169
postal_code_M1J,0.0,0.0,2876,-0.12185750590227108,0.12185750590227108,2277,0.0,0.0,3217,2790.0,940
postal_code_E2T,0.0,0.0,2347,0.04332338358725701,0.04332338358725701,3028,0.0,0.0,2996,2790.3333333333335,681
postal_code_E6A,0.0,0.0,2617,-0.11015820841870126,0.11015820841870126,2398,0.0,0.0,3356,2790.3333333333335,958
postal_code_B4O,0.0,0.0,3400,-0.08242630440055121,0.08242630440055121,2685,0.0,0.0,2292,2792.3333333333335,1108
postal_code_L1J,0.0,0.0,2822,0.04879474461328782,0.04879474461328782,2975,0.0,0.0,2586,2794.3333333333335,389
postal_code_C6C,0.0,0.0,2315,-0.04566609163620686,0.04566609163620686,2999,0.0,0.0,3071,2795.0,756
postal_code_C8K,0.0,0.0,2298,-0.051998819389571994,0.051998819389571994,2946,0.0,0.0,3145,2796.3333333333335,847
postal_code_L4P,0.0,0.0,2734,-0.030673360572543884,0.030673360572543884,3138,0.0,0.0,2520,2797.3333333333335,618
postal_code_L5W,0.0,0.0,2982,-0.13146900302545672,0.13146900302545672,2176,0.0,0.0,3236,2798.0,1060
postal_code_K9Z,0.0,0.0,2812,-0.04735986227527293,0.04735986227527293,2992,0.0,0.0,2594,2799.3333333333335,398
postal_code_E8X,0.0,0.0,2503,-0.07719113248547635,0.07719113248547635,2731,0.0,0.0,3171,2801.6666666666665,668
postal_code_E9A,0.0,0.0,2506,-0.07810090293226495,0.07810090293226495,2722,0.0,0.0,3179,2802.3333333333335,673
postal_code_L8Y,0.0,0.0,3012,0.1269906031362654,0.1269906031362654,2223,0.0,0.0,3177,2804.0,954
postal_code_M1B,0.0,0.0,2896,0.11700259153768307,0.11700259153768307,2329,0.0,0.0,3187,2804.0,858
postal_code_K2J,0.0,0.0,3381,-0.09336420405840429,0.09336420405840429,2571,0.0,0.0,2462,2804.6666666666665,919
postal_code_L2B,0.0,0.0,2697,0.021932413019043997,0.021932413019043997,3211,0.0,0.0,2507,2805.0,704
postal_code_J6X,0.0,0.0,3130,-0.09707752162446218,0.09707752162446218,2530,0.0,0.0,2757,2805.6666666666665,600
postal_code_J4M,0.0,0.0,3068,0.10282262948525095,0.10282262948525095,2480,0.0,0.0,2874,2807.3333333333335,588
postal_code_C6N,0.0,0.0,2316,-0.04211345163625,0.04211345163625,3038,0.0,0.0,3075,2809.6666666666665,759
postal_code_C7X,0.0,0.0,2291,-0.04413417688162529,0.04413417688162529,3015,0.0,0.0,3132,2812.6666666666665,841
postal_code_C6Z,0.0,0.0,2325,-0.03652096951595328,0.03652096951595328,3082,0.0,0.0,3033,2813.3333333333335,757
postal_code_J9C,0.0,0.0,3374,0.08738469905626843,0.08738469905626843,2626,0.0,0.0,2442,2814.0,932
postal_code_M3R,0.0,0.0,2915,0.1318474750978071,0.1318474750978071,2167,0.0,0.0,3368,2816.6666666666665,1201
postal_code_J1M,0.0,0.0,3175,-0.08929048436189455,0.08929048436189455,2618,0.0,0.0,2660,2817.6666666666665,557
postal_code_L7N,0.0,0.0,3009,-0.13148366229484953,0.13148366229484953,2175,0.0,0.0,3273,2819.0,1098
postal_code_J2R,0.0,0.0,3213,-0.10985916175595128,0.10985916175595128,2404,0.0,0.0,2841,2819.3333333333335,809
postal_code_C9Q,0.0,0.0,2360,-0.02639379315113567,0.02639379315113567,3174,0.0,0.0,2925,2819.6666666666665,814
postal_code_J2B,0.0,0.0,3150,0.09440082419084188,0.09440082419084188,2557,0.0,0.0,2752,2819.6666666666665,593
postal_code_J8E,0.0,0.0,3232,-0.10755766042600921,0.10755766042600921,2437,0.0,0.0,2798,2822.3333333333335,795
postal_code_L3P,0.0,0.0,2711,-0.02141169009187919,0.02141169009187919,3216,0.0,0.0,2544,2823.6666666666665,672
postal_code_J9D,0.0,0.0,3365,0.08401740992116237,0.08401740992116237,2666,0.0,0.0,2441,2824.0,924
postal_code_K1D,0.0,0.0,3375,0.08299293126034796,0.08299293126034796,2678,0.0,0.0,2420,2824.3333333333335,955
postal_code_K2K,0.0,0.0,3382,0.08713024743489994,0.08713024743489994,2630,0.0,0.0,2461,2824.3333333333335,921
postal_code_J8O,0.0,0.0,3361,-0.11711305758531727,0.11711305758531727,2326,0.0,0.0,2790,2825.6666666666665,1035
postal_code_L7F,0.0,0.0,2967,-0.12611017826785337,0.12611017826785337,2236,0.0,0.0,3281,2828.0,1045
postal_code_K7W,0.0,0.0,2795,0.03183307650513956,0.03183307650513956,3131,0.0,0.0,2562,2829.3333333333335,569
postal_code_J6A,0.0,0.0,3059,-0.0846992076566827,0.0846992076566827,2655,0.0,0.0,2775,2829.6666666666665,404
postal_code_E9I,0.0,0.0,2511,0.06810404367203682,0.06810404367203682,2799,0.0,0.0,3184,2831.3333333333335,673
postal_code_B2J,0.0,0.0,2900,-0.006516704961456252,0.006516704961456252,3365,0.0,0.0,2230,2831.6666666666665,1135
postal_code_L1O,0.0,0.0,2827,0.026696036470658602,0.026696036470658602,3173,0.0,0.0,2500,2833.3333333333335,673
postal_code_M3L,0.0,0.0,2909,-0.12744634562176188,0.12744634562176188,2220,0.0,0.0,3373,2834.0,1153
postal_code_E7I,0.0,0.0,2620,0.09919277823404368,0.09919277823404368,2513,0.0,0.0,3371,2834.6666666666665,858
postal_code_J2M,0.0,0.0,3160,-0.10048303531391203,0.10048303531391203,2498,0.0,0.0,2846,2834.6666666666665,662
postal_code_L5O,0.0,0.0,2949,-0.11762989170647602,0.11762989170647602,2321,0.0,0.0,3241,2837.0,920
postal_code_C9R,0.0,0.0,2361,-0.020622450676198778,0.020622450676198778,3227,0.0,0.0,2926,2838.0,866
postal_code_E4C,0.0,0.0,2607,-0.05470424784799705,0.05470424784799705,2926,0.0,0.0,2982,2838.3333333333335,375
postal_code_L9S,0.0,0.0,2888,-0.10438988876000657,0.10438988876000657,2466,0.0,0.0,3161,2838.3333333333335,695
postal_code_L4H,0.0,0.0,2752,-0.020218760273916832,0.020218760273916832,3235,0.0,0.0,2528,2838.3333333333335,707
postal_code_J4U,0.0,0.0,3075,0.09323278606867577,0.09323278606867577,2575,0.0,0.0,2867,2839.0,500
postal_code_E5J,0.0,0.0,2582,-0.08682464173204743,0.08682464173204743,2633,0.0,0.0,3303,2839.3333333333335,721
postal_code_L7U,0.0,0.0,3029,-0.1269288459325811,0.1269288459325811,2224,0.0,0.0,3266,2839.6666666666665,1042
postal_code_J4Y,0.0,0.0,3069,-0.09264986031333447,0.09264986031333447,2584,0.0,0.0,2866,2839.6666666666665,485
postal_code_K2W,0.0,0.0,3393,0.08280115385672794,0.08280115385672794,2679,0.0,0.0,2454,2842.0,939
postal_code_L5S,0.0,0.0,3422,-0.1790849448842401,0.1790849448842401,1688,0.0,0.0,3422,2844.0,1734
postal_code_C8Z,0.0,0.0,2303,-0.030763674013337402,0.030763674013337402,3137,0.0,0.0,3096,2845.3333333333335,834
postal_code_E3M,0.0,0.0,2596,-0.04781469073292645,0.04781469073292645,2987,0.0,0.0,2956,2846.3333333333335,391
postal_code_B4K,0.0,0.0,3269,-0.04837290872656432,0.04837290872656432,2983,0.0,0.0,2288,2846.6666666666665,981
postal_code_J4I,0.0,0.0,3207,-0.10555927561360756,0.10555927561360756,2458,0.0,0.0,2877,2847.3333333333335,749
postal_code_C7W,0.0,0.0,2290,0.03205498226144976,0.03205498226144976,3128,0.0,0.0,3130,2849.3333333333335,840
postal_code_C5T,0.0,0.0,2310,-0.025075112881968464,0.025075112881968464,3187,0.0,0.0,3057,2851.3333333333335,877
postal_code_K2I,0.0,0.0,3380,0.07954183891085083,0.07954183891085083,2711,0.0,0.0,2463,2851.3333333333335,917
postal_code_J1T,0.0,0.0,3144,0.07283950592104947,0.07283950592104947,2757,0.0,0.0,2655,2852.0,489
postal_code_E2F,0.0,0.0,2339,0.012241186897315647,0.012241186897315647,3308,0.0,0.0,2914,2853.6666666666665,969
postal_code_E3A,0.0,0.0,2351,0.021938955194117097,0.021938955194117097,3210,0.0,0.0,3001,2854.0,859
postal_code_K2D,0.0,0.0,3401,-0.08123456855281916,0.08123456855281916,2697,0.0,0.0,2467,2855.0,934
postal_code_M2Q,0.0,0.0,2935,-0.11569619495585895,0.11569619495585895,2346,0.0,0.0,3289,2856.6666666666665,943
postal_code_J1A,0.0,0.0,3173,-0.07769435678427472,0.07769435678427472,2727,0.0,0.0,2671,2857.0,502
postal_code_K8B,0.0,0.0,2762,-0.016425975774074265,0.016425975774074265,3259,0.0,0.0,2560,2860.3333333333335,699
postal_code_E7U,0.0,0.0,2628,-0.0739212835048762,0.0739212835048762,2754,0.0,0.0,3199,2860.3333333333335,571
postal_code_E3S,0.0,0.0,2601,-0.04410557363622738,0.04410557363622738,3017,0.0,0.0,2966,2861.3333333333335,416
postal_code_E9Q,0.0,0.0,2518,-0.06882201889858955,0.06882201889858955,2794,0.0,0.0,3272,2861.3333333333335,754
postal_code_E8E,0.0,0.0,2635,-0.07513267532148045,0.07513267532148045,2746,0.0,0.0,3206,2862.3333333333335,571
postal_code_B5F,0.0,0.0,3045,-0.0019932662618754224,0.0019932662618754224,3405,0.0,0.0,2139,2863.0,1266
postal_code_L4A,0.0,0.0,2745,0.011450417732505207,0.011450417732505207,3312,0.0,0.0,2534,2863.6666666666665,778
postal_code_K5Z,0.0,0.0,3307,0.05933573106204308,0.05933573106204308,2887,0.0,0.0,2397,2863.6666666666665,910
postal_code_K9X,0.0,0.0,2810,0.02439208138597942,0.02439208138597942,3191,0.0,0.0,2596,2865.6666666666665,595
postal_code_L9Z,0.0,0.0,2895,-0.09515020510459653,0.09515020510459653,2553,0.0,0.0,3157,2868.3333333333335,604
postal_code_L7E,0.0,0.0,2966,-0.11410227789283356,0.11410227789283356,2364,0.0,0.0,3282,2870.6666666666665,918
postal_code_E3U,0.0,0.0,2602,-0.0413429580592243,0.0413429580592243,3042,0.0,0.0,2968,2870.6666666666665,440
postal_code_M2X,0.0,0.0,2942,0.12111518252099693,0.12111518252099693,2285,0.0,0.0,3386,2871.0,1101
postal_code_K1L,0.0,0.0,3407,0.07680104048529929,0.07680104048529929,2734,0.0,0.0,2480,2873.6666666666665,927
postal_code_M4D,0.0,0.0,1902,0.009638963666986943,0.009638963666986943,3332,0.0,0.0,3389,2874.3333333333335,1487
postal_code_J8B,0.0,0.0,3112,0.07864270217851198,0.07864270217851198,2719,0.0,0.0,2800,2877.0,393
postal_code_L6I,0.0,0.0,2992,0.10922558644927693,0.10922558644927693,2411,0.0,0.0,3230,2877.6666666666665,819
postal_code_K9C,0.0,0.0,2836,-0.024301657221660507,0.024301657221660507,3193,0.0,0.0,2608,2879.0,585
postal_code_K7Y,0.0,0.0,2771,0.01092901255746731,0.01092901255746731,3317,0.0,0.0,2561,2883.0,756
postal_code_J4N,0.0,0.0,3137,0.08526199441128947,0.08526199441128947,2650,0.0,0.0,2873,2886.6666666666665,487
postal_code_L6G,0.0,0.0,2990,-0.10727235170984627,0.10727235170984627,2442,0.0,0.0,3231,2887.6666666666665,789
postal_code_J8X,0.0,0.0,3369,-0.062350063916334006,0.062350063916334006,2848,0.0,0.0,2446,2887.6666666666665,923
postal_code_E5M,0.0,0.0,2585,-0.06943711754761905,0.06943711754761905,2789,0.0,0.0,3291,2888.3333333333335,706
postal_code_E2X,0.0,0.0,2349,-0.010321377713707504,0.010321377713707504,3323,0.0,0.0,2998,2890.0,974
postal_code_M1L,0.0,0.0,2857,0.09091132546526991,0.09091132546526991,2601,0.0,0.0,3215,2891.0,614
postal_code_M2U,0.0,0.0,2939,0.1112700042740913,0.1112700042740913,2383,0.0,0.0,3357,2893.0,974
postal_code_J2F,0.0,0.0,3154,0.08326019653184194,0.08326019653184194,2675,0.0,0.0,2850,2893.0,479
postal_code_L4J,0.0,0.0,2754,0.0016324322411187956,0.0016324322411187956,3409,0.0,0.0,2526,2896.3333333333335,883
postal_code_L5Z,0.0,0.0,2983,-0.10246566274471856,0.10246566274471856,2482,0.0,0.0,3234,2899.6666666666665,752
postal_code_E3D,0.0,0.0,2353,-0.009134730631004477,0.009134730631004477,3341,0.0,0.0,3009,2901.0,988
postal_code_J9I,0.0,0.0,3332,-0.05312849234379701,0.05312849234379701,2935,0.0,0.0,2437,2901.3333333333335,895
postal_code_E7W,0.0,0.0,2630,-0.05994199010359337,0.05994199010359337,2879,0.0,0.0,3200,2903.0,570
postal_code_L8C,0.0,0.0,3037,-0.10892566663777886,0.10892566663777886,2415,0.0,0.0,3262,2904.6666666666665,847
postal_code_C7D,0.0,0.0,2329,0.00783898521897164,0.00783898521897164,3350,0.0,0.0,3037,2905.3333333333335,1021
postal_code_J6Z,0.0,0.0,3132,0.06412469254027697,0.06412469254027697,2833,0.0,0.0,2755,2906.6666666666665,377
postal_code_J9Y,0.0,0.0,3346,-0.050425560937664156,0.050425560937664156,2957,0.0,0.0,2424,2909.0,922
postal_code_J9F,0.0,0.0,3341,0.05176367675548767,0.05176367675548767,2948,0.0,0.0,2440,2909.6666666666665,901
postal_code_E8K,0.0,0.0,2593,-0.04850380489028876,0.04850380489028876,2978,0.0,0.0,3160,2910.3333333333335,567
postal_code_K6I,0.0,0.0,3289,0.03920334296098235,0.03920334296098235,3058,0.0,0.0,2390,2912.3333333333335,899
postal_code_E6D,0.0,0.0,2644,-0.08131088746749499,0.08131088746749499,2696,0.0,0.0,3399,2913.0,755
postal_code_K1T,0.0,0.0,3415,0.06201991936526813,0.06201991936526813,2853,0.0,0.0,2474,2914.0,941
postal_code_E6H,0.0,0.0,2647,-0.08146388458434063,0.08146388458434063,2694,0.0,0.0,3404,2915.0,757
postal_code_M1T,0.0,0.0,2855,-0.08268431326246599,0.08268431326246599,2682,0.0,0.0,3208,2915.0,526
postal_code_J6V,0.0,0.0,3128,0.06139558602155932,0.06139558602155932,2859,0.0,0.0,2759,2915.3333333333335,369
postal_code_K6W,0.0,0.0,3303,-0.049755887684213795,0.049755887684213795,2966,0.0,0.0,2483,2917.3333333333335,820
postal_code_B4L,0.0,0.0,3263,-0.02271894133571066,0.02271894133571066,3203,0.0,0.0,2289,2918.3333333333335,974
postal_code_L5H,0.0,0.0,2731,-0.07001447532508955,0.07001447532508955,2781,0.0,0.0,3246,2919.3333333333335,515
postal_code_L7A,0.0,0.0,2962,-0.0992497421170945,0.0992497421170945,2511,0.0,0.0,3286,2919.6666666666665,775
postal_code_J4S,0.0,0.0,3073,0.06573019353783398,0.06573019353783398,2819,0.0,0.0,2869,2920.3333333333335,254
postal_code_K1M,0.0,0.0,3408,-0.05960336654786595,0.05960336654786595,2884,0.0,0.0,2479,2923.6666666666665,929
postal_code_E5D,0.0,0.0,2576,-0.05682579399878414,0.05682579399878414,2905,0.0,0.0,3293,2924.6666666666665,717
postal_code_E7G,0.0,0.0,2619,-0.06946478324277415,0.06946478324277415,2788,0.0,0.0,3370,2925.6666666666665,751
postal_code_L5T,0.0,0.0,2979,0.09371958793307349,0.09371958793307349,2562,0.0,0.0,3238,2926.3333333333335,676
postal_code_K8Z,0.0,0.0,2833,0.00899405262504396,0.00899405262504396,3343,0.0,0.0,2611,2929.0,732
postal_code_E4Y,0.0,0.0,2573,-0.060886458066582945,0.060886458066582945,2864,0.0,0.0,3350,2929.0,777
postal_code_L4S,0.0,0.0,2716,0.023824399531411782,0.023824399531411782,3199,0.0,0.0,2884,2933.0,483
postal_code_G1W,0.0,0.0,2522,0.04109002281510119,0.04109002281510119,3043,0.0,0.0,3242,2935.6666666666665,720
postal_code_J7Q,0.0,0.0,3102,0.0569760307715142,0.0569760307715142,2903,0.0,0.0,2808,2937.6666666666665,294
postal_code_L8I,0.0,0.0,3021,-0.09331963671783913,0.09331963671783913,2573,0.0,0.0,3222,2938.6666666666665,649
postal_code_E7A,0.0,0.0,2661,-0.0680405137169985,0.0680405137169985,2800,0.0,0.0,3361,2940.6666666666665,700
postal_code_L5D,0.0,0.0,2727,0.06251074063430591,0.06251074063430591,2846,0.0,0.0,3250,2941.0,523
postal_code_K4F,0.0,0.0,3256,-0.021973218621963508,0.021973218621963508,3209,0.0,0.0,2361,2942.0,895
postal_code_K1Q,0.0,0.0,3412,-0.05263610200774243,0.05263610200774243,2941,0.0,0.0,2476,2943.0,936
postal_code_E4R,0.0,0.0,2581,0.05665652417504119,0.05665652417504119,2907,0.0,0.0,3343,2943.6666666666665,762
postal_code_H9X,0.0,0.0,3170,0.04711698094538274,0.04711698094538274,2994,0.0,0.0,2674,2946.0,496
postal_code_L8M,0.0,0.0,3000,-0.08499037212790476,0.08499037212790476,2653,0.0,0.0,3186,2946.3333333333335,533
postal_code_M1R,0.0,0.0,2863,-0.07148459480276168,0.07148459480276168,2771,0.0,0.0,3209,2947.6666666666665,438
postal_code_J7V,0.0,0.0,3106,0.05361195845774553,0.05361195845774553,2933,0.0,0.0,2805,2948.0,301
postal_code_J3X,0.0,0.0,3197,-0.06881055040950389,0.06881055040950389,2795,0.0,0.0,2852,2948.0,402
postal_code_E8M,0.0,0.0,2568,-0.0328453324783224,0.0328453324783224,3116,0.0,0.0,3163,2949.0,595
postal_code_K1U,0.0,0.0,3416,0.04988340459093032,0.04988340459093032,2960,0.0,0.0,2473,2949.6666666666665,943
postal_code_J5C,0.0,0.0,3083,-0.05649778718303303,0.05649778718303303,2908,0.0,0.0,2862,2951.0,221
postal_code_J3K,0.0,0.0,3231,-0.06876800707097927,0.06876800707097927,2797,0.0,0.0,2827,2951.6666666666665,434
postal_code_J7W,0.0,0.0,3107,-0.051798402193161175,0.051798402193161175,2947,0.0,0.0,2804,2952.6666666666665,303
postal_code_L7J,0.0,0.0,2970,0.0897703515130961,0.0897703515130961,2612,0.0,0.0,3277,2953.0,665
postal_code_K3M,0.0,0.0,3266,-0.01964220564174392,0.01964220564174392,3239,0.0,0.0,2374,2959.6666666666665,892
postal_code_K5L,0.0,0.0,3314,-0.025859812871612393,0.025859812871612393,3179,0.0,0.0,2409,2967.3333333333335,905
postal_code_M1X,0.0,0.0,2868,-0.06300657786735762,0.06300657786735762,2843,0.0,0.0,3204,2971.6666666666665,361
postal_code_J1U,0.0,0.0,3145,0.03247336516269157,0.03247336516269157,3124,0.0,0.0,2654,2974.3333333333335,491
postal_code_M1K,0.0,0.0,2856,-0.06216376029701454,0.06216376029701454,2852,0.0,0.0,3216,2974.6666666666665,364
postal_code_J6I,0.0,0.0,3091,0.03774674795320198,0.03774674795320198,3071,0.0,0.0,2768,2976.6666666666665,323
postal_code_L5A,0.0,0.0,2723,-0.04986583459905419,0.04986583459905419,2961,0.0,0.0,3252,2978.6666666666665,529
postal_code_E6Q,0.0,0.0,2653,-0.06006999733329038,0.06006999733329038,2876,0.0,0.0,3408,2979.0,755
postal_code_L7G,0.0,0.0,2968,-0.08176460128508077,0.08176460128508077,2691,0.0,0.0,3280,2979.6666666666665,589
postal_code_M2O,0.0,0.0,2933,0.06434587861341559,0.06434587861341559,2831,0.0,0.0,3191,2985.0,360
postal_code_E9R,0.0,0.0,2519,-0.027163610497502485,0.027163610497502485,3163,0.0,0.0,3274,2985.3333333333335,755
postal_code_J6L,0.0,0.0,3118,0.036976530612300905,0.036976530612300905,3077,0.0,0.0,2766,2987.0,352
postal_code_K3A,0.0,0.0,3397,0.029568773252476407,0.029568773252476407,3149,0.0,0.0,2416,2987.3333333333335,981
postal_code_M2R,0.0,0.0,2936,-0.07572750975962915,0.07572750975962915,2741,0.0,0.0,3290,2989.0,549
postal_code_K3D,0.0,0.0,3328,0.0204672639263257,0.0204672639263257,3232,0.0,0.0,2415,2991.6666666666665,913
postal_code_H9R,0.0,0.0,3044,-0.01722756707631129,0.01722756707631129,3254,0.0,0.0,2679,2992.3333333333335,575
postal_code_M3K,0.0,0.0,2908,-0.08119620930964705,0.08119620930964705,2698,0.0,0.0,3375,2993.6666666666665,677
postal_code_K5P,0.0,0.0,3318,0.016208516749626648,0.016208516749626648,3264,0.0,0.0,2405,2995.6666666666665,913
postal_code_J6J,0.0,0.0,3092,-0.030008187419657256,0.030008187419657256,3145,0.0,0.0,2753,2996.6666666666665,392
postal_code_L7K,0.0,0.0,2995,-0.07633565676826932,0.07633565676826932,2739,0.0,0.0,3276,3003.3333333333335,537
postal_code_E6T,0.0,0.0,2656,-0.05288125094528027,0.05288125094528027,2940,0.0,0.0,3415,3003.6666666666665,759
postal_code_J6G,0.0,0.0,3065,0.026227291007776238,0.026227291007776238,3177,0.0,0.0,2770,3004.0,407
postal_code_K4C,0.0,0.0,3257,-0.0032777585684651903,0.0032777585684651903,3393,0.0,0.0,2363,3004.3333333333335,1030
postal_code_J5J,0.0,0.0,3080,0.03627744841896125,0.03627744841896125,3088,0.0,0.0,2857,3008.3333333333335,231
postal_code_K5W,0.0,0.0,3325,0.011744548780858172,0.011744548780858172,3311,0.0,0.0,2398,3011.3333333333335,927
postal_code_M3B,0.0,0.0,2946,-0.08022360586595521,0.08022360586595521,2706,0.0,0.0,3383,3011.6666666666665,677
postal_code_K5B,0.0,0.0,3280,0.005061663590649898,0.005061663590649898,3380,0.0,0.0,2381,3013.6666666666665,999
postal_code_J3A,0.0,0.0,3221,-0.045285004096424095,0.045285004096424095,3004,0.0,0.0,2820,3015.0,401
postal_code_J2S,0.0,0.0,3214,0.04550896129937039,0.04550896129937039,3001,0.0,0.0,2840,3018.3333333333335,374
postal_code_J9Z,0.0,0.0,3347,-0.013514725137105289,0.013514725137105289,3291,0.0,0.0,2423,3020.3333333333335,924
postal_code_E8Z,0.0,0.0,2505,-0.004323919986794149,0.004323919986794149,3384,0.0,0.0,3173,3020.6666666666665,879
postal_code_J7D,0.0,0.0,3136,0.030427357131002673,0.030427357131002673,3142,0.0,0.0,2786,3021.3333333333335,356
postal_code_L8Z,0.0,0.0,3013,-0.05991849648832286,0.05991849648832286,2880,0.0,0.0,3176,3023.0,296
postal_code_M3I,0.0,0.0,2906,-0.06933361620251838,0.06933361620251838,2790,0.0,0.0,3377,3024.3333333333335,587
postal_code_J7P,0.0,0.0,3101,0.02689921711368629,0.02689921711368629,3167,0.0,0.0,2809,3025.6666666666665,358
postal_code_L9J,0.0,0.0,2947,0.04944962094381135,0.04944962094381135,2968,0.0,0.0,3168,3027.6666666666665,221
postal_code_L4Z,0.0,0.0,2713,-0.03266241947949104,0.03266241947949104,3120,0.0,0.0,3253,3028.6666666666665,540
postal_code_J3O,0.0,0.0,3209,-0.03979228803985632,0.03979228803985632,3055,0.0,0.0,2825,3029.6666666666665,384
postal_code_K6H,0.0,0.0,3288,-0.00020569488494161795,0.00020569488494161795,3421,0.0,0.0,2391,3033.3333333333335,1030
postal_code_J2P,0.0,0.0,3187,-0.03687022747168928,0.03687022747168928,3078,0.0,0.0,2843,3036.0,344
postal_code_J7I,0.0,0.0,3094,-0.023648844020417423,0.023648844020417423,3200,0.0,0.0,2814,3036.0,386
postal_code_J7G,0.0,0.0,3115,-0.025748096710126903,0.025748096710126903,3180,0.0,0.0,2816,3037.0,364
postal_code_J5G,0.0,0.0,3087,-0.02683952142143303,0.02683952142143303,3168,0.0,0.0,2859,3038.0,309
postal_code_E6K,0.0,0.0,2650,-0.03885956570789552,0.03885956570789552,3059,0.0,0.0,3407,3038.6666666666665,757
postal_code_M1H,0.0,0.0,2877,-0.04301534900094683,0.04301534900094683,3029,0.0,0.0,3219,3041.6666666666665,342
postal_code_K5T,0.0,0.0,3322,0.0010873995327919537,0.0010873995327919537,3414,0.0,0.0,2401,3045.6666666666665,1013
postal_code_M3F,0.0,0.0,2924,-0.06313212466421281,0.06313212466421281,2837,0.0,0.0,3380,3047.0,543
postal_code_H9Z,0.0,0.0,3172,-0.012774066783691465,0.012774066783691465,3301,0.0,0.0,2672,3048.3333333333335,629
postal_code_L7D,0.0,0.0,2965,0.05526282011543794,0.05526282011543794,2921,0.0,0.0,3283,3056.3333333333335,362
postal_code_L8X,0.0,0.0,3011,0.04745762973293483,0.04745762973293483,2991,0.0,0.0,3178,3060.0,187
postal_code_J6D,0.0,0.0,3062,0.0076266944062344235,0.0076266944062344235,3353,0.0,0.0,2772,3062.3333333333335,581
postal_code_E9M,0.0,0.0,2514,0.0012473882136177976,0.0012473882136177976,3413,0.0,0.0,3263,3063.3333333333335,899
postal_code_L7X,0.0,0.0,3032,0.057964235256693954,0.057964235256693954,2898,0.0,0.0,3265,3065.0,367
postal_code_J4D,0.0,0.0,3202,-0.03324377354813397,0.03324377354813397,3112,0.0,0.0,2881,3065.0,321
postal_code_L5F,0.0,0.0,2729,-0.01977271983671648,0.01977271983671648,3237,0.0,0.0,3248,3071.3333333333335,519
postal_code_L5P,0.0,0.0,2975,0.0449260037985988,0.0449260037985988,3006,0.0,0.0,3239,3073.3333333333335,264
postal_code_J8Y,0.0,0.0,3370,-0.0017151648966606588,0.0017151648966606588,3408,0.0,0.0,2445,3074.3333333333335,963
postal_code_E5F,0.0,0.0,2578,-0.007632321033326013,0.007632321033326013,3352,0.0,0.0,3298,3076.0,774
postal_code_M2H,0.0,0.0,2902,0.030242565182647063,0.030242565182647063,3144,0.0,0.0,3196,3080.6666666666665,294
postal_code_J6M,0.0,0.0,3119,0.006000518023350659,0.006000518023350659,3367,0.0,0.0,2765,3083.6666666666665,602
postal_code_J3Y,0.0,0.0,3188,-0.021232428970616175,0.021232428970616175,3220,0.0,0.0,2853,3087.0,367
postal_code_M2A,0.0,0.0,2871,-0.024359112584869308,0.024359112584869308,3192,0.0,0.0,3201,3088.0,330
postal_code_E4U,0.0,0.0,2591,-0.0064885870061795825,0.0064885870061795825,3366,0.0,0.0,3345,3100.6666666666665,775
postal_code_J7K,0.0,0.0,3096,-0.002643511435891459,0.002643511435891459,3397,0.0,0.0,2812,3101.6666666666665,585
postal_code_J4Z,0.0,0.0,3079,-0.006570335915091454,0.006570335915091454,3363,0.0,0.0,2865,3102.3333333333335,498
postal_code_E7L,0.0,0.0,2622,-0.011141367651317445,0.011141367651317445,3314,0.0,0.0,3381,3105.6666666666665,759
postal_code_J3J,0.0,0.0,3230,0.015648937107909128,0.015648937107909128,3273,0.0,0.0,2828,3110.3333333333335,445
postal_code_L6N,0.0,0.0,2961,-0.028991509218984853,0.028991509218984853,3152,0.0,0.0,3225,3112.6666666666665,264
postal_code_L9M,0.0,0.0,2882,-0.010394426883922784,0.010394426883922784,3321,0.0,0.0,3166,3123.0,439
postal_code_J8K,0.0,0.0,3357,-0.021157487167959253,0.021157487167959253,3224,0.0,0.0,2794,3125.0,563
postal_code_L8J,0.0,0.0,3020,-0.029773523551757396,0.029773523551757396,3147,0.0,0.0,3221,3129.3333333333335,201
postal_code_L8N,0.0,0.0,3001,-0.018660628213123233,0.018660628213123233,3246,0.0,0.0,3185,3144.0,245
postal_code_M1I,0.0,0.0,2866,0.005497891483123186,0.005497891483123186,3371,0.0,0.0,3218,3151.6666666666665,505
postal_code_M3A,0.0,0.0,2945,0.03169108491018461,0.03169108491018461,3132,0.0,0.0,3384,3153.6666666666665,439
postal_code_J2W,0.0,0.0,3218,-2.8284706246811245e-06,2.8284706246811245e-06,3422,0.0,0.0,2838,3159.3333333333335,584
postal_code_L7C,0.0,0.0,2964,-0.018041779983591112,0.018041779983591112,3250,0.0,0.0,3284,3166.0,320
postal_code_L7P,0.0,0.0,3024,0.01770163027219228,0.01770163027219228,3251,0.0,0.0,3271,3182.0,247
postal_code_M3W,0.0,0.0,2920,-0.007245785736210573,0.007245785736210573,3357,0.0,0.0,3364,3213.6666666666665,444
postal_code_M3G,0.0,0.0,2904,0.0055398905988014125,0.0055398905988014125,3370,0.0,0.0,3379,3217.6666666666665,475
postal_code_L7S,0.0,0.0,3027,-0.001526712880862902,0.001526712880862902,3411,0.0,0.0,3268,3235.3333333333335,384
