Feature,LASSO_Coefficient,LASSO_AbsCoeff,LASSO_Rank
postal_code_M7A,2.692348748684371,2.692348748684371,1
postal_code_B2R,2.592023767704575,2.592023767704575,2
postal_code_V5J,2.282887455986215,2.282887455986215,3
postal_code_J6W,2.216847460796396,2.216847460796396,4
postal_code_G3V,2.1837107757062455,2.1837107757062455,5
postal_code_V9A,2.0937374725819815,2.0937374725819815,6
postal_code_M9B,2.067179720314492,2.067179720314492,7
postal_code_T9K,2.0366228672623414,2.0366228672623414,8
postal_code_A3U,2.014680196217463,2.014680196217463,9
postal_code_H3C,1.964719347630177,1.964719347630177,10
postal_code_N9Y,1.8846630350404554,1.8846630350404554,11
postal_code_P4E,1.8805205157985594,1.8805205157985594,12
postal_code_B2U,1.8769353411427492,1.8769353411427492,13
postal_code_P5B,1.7998234210339223,1.7998234210339223,14
postal_code_M7W,1.7550817615778698,1.7550817615778698,15
postal_code_N2H,1.7284295756272139,1.7284295756272139,16
postal_code_M7H,1.6855054855352916,1.6855054855352916,17
postal_code_J3N,1.6835704439924661,1.6835704439924661,18
postal_code_A9P,1.6819482590685122,1.6819482590685122,19
postal_code_G8J,1.6354134954023156,1.6354134954023156,20
postal_code_J7S,1.6170875681265067,1.6170875681265067,21
postal_code_J3F,1.6002308433426948,1.6002308433426948,22
postal_code_R8Y,1.5978185978723407,1.5978185978723407,23
postal_code_L4Q,1.5498063274144043,1.5498063274144043,24
postal_code_K3W,1.5487569022528114,1.5487569022528114,25
postal_code_P7Z,1.5424519623323167,1.5424519623323167,26
postal_code_R6A,1.5394787365049982,1.5394787365049982,27
postal_code_K2F,1.5306480066876986,1.5306480066876986,28
postal_code_G9H,1.5058479999030108,1.5058479999030108,29
postal_code_H2D,1.4821847769866616,1.4821847769866616,30
postal_code_M9X,1.4779844939614137,1.4779844939614137,31
postal_code_M6U,1.4737377235160953,1.4737377235160953,32
postal_code_H7C,1.4512160261376217,1.4512160261376217,33
postal_code_V2T,1.4270787819243307,1.4270787819243307,34
postal_code_B5I,1.4058510397166293,1.4058510397166293,35
postal_code_K4M,1.405567017310534,1.405567017310534,36
postal_code_S9S,1.3930329119364893,1.3930329119364893,37
postal_code_K3J,1.381747411112645,1.381747411112645,38
postal_code_R7P,1.3584063211131212,1.3584063211131212,39
postal_code_M9W,1.3416596427110852,1.3416596427110852,40
postal_code_P1S,1.3404499429914765,1.3404499429914765,41
postal_code_G1L,1.3344263228566906,1.3344263228566906,42
postal_code_B5U,1.3272379111211208,1.3272379111211208,43
postal_code_T2R,1.3005216573198812,1.3005216573198812,44
postal_code_T8F,1.2840256704034418,1.2840256704034418,45
postal_code_K6V,1.2837277687859519,1.2837277687859519,46
postal_code_T6I,1.2619506468215007,1.2619506468215007,47
postal_code_L8Q,1.2214098336999626,1.2214098336999626,48
postal_code_M8S,-1.214457369193092,1.214457369193092,49
postal_code_T4J,1.2100337376126071,1.2100337376126071,50
postal_code_G3T,1.1993684184315836,1.1993684184315836,51
postal_code_T5V,1.1923379056203474,1.1923379056203474,52
postal_code_L4F,1.1900165710325628,1.1900165710325628,53
postal_code_M3S,1.1767311399428533,1.1767311399428533,54
postal_code_V2R,-1.1740938364774323,1.1740938364774323,55
postal_code_H5K,1.1718951244067848,1.1718951244067848,56
postal_code_J6S,1.1692547300994607,1.1692547300994607,57
postal_code_N8V,1.156282323457198,1.156282323457198,58
postal_code_L7Y,1.1534372024723558,1.1534372024723558,59
postal_code_H6Y,1.1522217981154115,1.1522217981154115,60
postal_code_J9K,1.134028615278887,1.134028615278887,61
postal_code_V5D,1.1328109219454305,1.1328109219454305,62
postal_code_M4O,1.1307965357290617,1.1307965357290617,63
postal_code_P3S,1.1307913263332485,1.1307913263332485,64
postal_code_G2X,1.1267174964579536,1.1267174964579536,65
postal_code_H7J,1.119120673809896,1.119120673809896,66
postal_code_T3P,1.1166372298423084,1.1166372298423084,67
postal_code_T9I,1.1156199191427305,1.1156199191427305,68
postal_code_L4U,1.1057948033785956,1.1057948033785956,69
postal_code_L6V,1.1041936468054048,1.1041936468054048,70
postal_code_M6S,1.08458729211027,1.08458729211027,71
postal_code_P4S,1.0781845140131396,1.0781845140131396,72
postal_code_T5T,-1.068449018666263,1.068449018666263,73
postal_code_V3B,1.0564026312299024,1.0564026312299024,74
postal_code_T2O,1.0558026290503606,1.0558026290503606,75
postal_code_P3B,1.0545846931368263,1.0545846931368263,76
postal_code_J5O,1.0482679279028384,1.0482679279028384,77
postal_code_C3O,1.0429439770317341,1.0429439770317341,78
postal_code_L7I,1.0401560449088123,1.0401560449088123,79
postal_code_J5N,-1.0325251740037762,1.0325251740037762,80
postal_code_M6T,-1.028510818197888,1.028510818197888,81
postal_code_N4P,1.0125166324011423,1.0125166324011423,82
postal_code_V8U,1.0123450121926048,1.0123450121926048,83
postal_code_H9S,1.0044361781305207,1.0044361781305207,84
postal_code_M9L,1.0040720920917705,1.0040720920917705,85
postal_code_H3P,1.0008906881024557,1.0008906881024557,86
postal_code_K8C,0.985553190255264,0.985553190255264,87
postal_code_M8B,0.9814411018949878,0.9814411018949878,88
postal_code_T6C,0.9796930373092679,0.9796930373092679,89
postal_code_T7W,0.974147898695747,0.974147898695747,90
postal_code_H6G,0.968294957783266,0.968294957783266,91
postal_code_G2W,0.9681832925376102,0.9681832925376102,92
postal_code_N6V,0.9513732057375998,0.9513732057375998,93
postal_code_M7C,-0.9478123191759015,0.9478123191759015,94
postal_code_V3G,0.9448429538446624,0.9448429538446624,95
postal_code_L9L,0.9352563331742119,0.9352563331742119,96
postal_code_H5J,0.9198633870840457,0.9198633870840457,97
postal_code_V8T,0.9196329073298483,0.9196329073298483,98
postal_code_T1R,0.9142269497025991,0.9142269497025991,99
postal_code_N8I,0.9102015755888463,0.9102015755888463,100
postal_code_P1L,0.9096030296168605,0.9096030296168605,101
postal_code_V9Y,0.9033246239317448,0.9033246239317448,102
postal_code_M6I,0.9025143892063567,0.9025143892063567,103
postal_code_K7E,0.8732674592153865,0.8732674592153865,104
postal_code_N1W,0.8653013017537368,0.8653013017537368,105
postal_code_L1F,0.8649421657897169,0.8649421657897169,106
postal_code_G6Q,0.8622400690373605,0.8622400690373605,107
postal_code_T2C,0.8536380940933074,0.8536380940933074,108
postal_code_M3P,0.8528259417822378,0.8528259417822378,109
postal_code_T1A,0.83789720003786,0.83789720003786,110
postal_code_J6C,0.8369810936437002,0.8369810936437002,111
postal_code_N2I,0.8368897195882942,0.8368897195882942,112
postal_code_V8O,0.8308997389919672,0.8308997389919672,113
postal_code_G4Z,0.8272063840561152,0.8272063840561152,114
postal_code_N7Z,0.8261478936204636,0.8261478936204636,115
postal_code_N4Z,-0.8246763011108571,0.8246763011108571,116
postal_code_N1B,0.8115752572361623,0.8115752572361623,117
postal_code_P6H,0.8096160126485807,0.8096160126485807,118
postal_code_B6K,0.8074047978103622,0.8074047978103622,119
postal_code_K2G,0.7948648831083015,0.7948648831083015,120
postal_code_M4B,0.7882057306891421,0.7882057306891421,121
postal_code_L9N,0.7860849413899105,0.7860849413899105,122
postal_code_R6H,0.7849618935179354,0.7849618935179354,123
postal_code_J2N,0.7820747217002715,0.7820747217002715,124
postal_code_L4N,0.7773745472142424,0.7773745472142424,125
postal_code_P9N,0.7749884345733927,0.7749884345733927,126
postal_code_H4O,0.7729869669835494,0.7729869669835494,127
postal_code_T1P,0.7621955415438705,0.7621955415438705,128
postal_code_H3H,0.7615682395390296,0.7615682395390296,129
claim_type_Vandalism,-0.7584563136733415,0.7584563136733415,130
postal_code_T7J,-0.7576793276603423,0.7576793276603423,131
postal_code_P8K,0.7519339256380444,0.7519339256380444,132
postal_code_P8R,0.7518548744764536,0.7518548744764536,133
postal_code_V2N,-0.7501453616243091,0.7501453616243091,134
postal_code_V2L,-0.745745080934538,0.745745080934538,135
postal_code_V6I,-0.7372610212362787,0.7372610212362787,136
postal_code_G8M,0.7346578131329663,0.7346578131329663,137
postal_code_P5A,0.7256208154009068,0.7256208154009068,138
postal_code_V4S,0.7247075864858709,0.7247075864858709,139
postal_code_K5G,0.7192466825132066,0.7192466825132066,140
postal_code_T6Y,0.7086055887083826,0.7086055887083826,141
postal_code_N9X,0.7034670869651483,0.7034670869651483,142
postal_code_T7Y,0.7033601410396213,0.7033601410396213,143
postal_code_M4P,-0.7014973468052872,0.7014973468052872,144
postal_code_V7X,0.7009617048090951,0.7009617048090951,145
claim_type_Weather,-0.6994838820162215,0.6994838820162215,146
postal_code_M5N,0.6991026644145957,0.6991026644145957,147
postal_code_V6V,-0.6936610393261053,0.6936610393261053,148
postal_code_V8E,-0.6932381356551214,0.6932381356551214,149
postal_code_N2L,0.6880238802717261,0.6880238802717261,150
postal_code_R6D,-0.6811828290403253,0.6811828290403253,151
postal_code_P2U,0.678992810639866,0.678992810639866,152
postal_code_M6H,0.678983064289981,0.678983064289981,153
postal_code_R3B,0.6725620972399763,0.6725620972399763,154
postal_code_V5Q,0.6724737730747135,0.6724737730747135,155
postal_code_L9E,0.6660482926927325,0.6660482926927325,156
postal_code_H6M,0.6610530187212782,0.6610530187212782,157
claim_type_Injury,0.6607042622909087,0.6607042622909087,158
postal_code_R6W,0.6537005088105794,0.6537005088105794,159
postal_code_J3T,0.6519554096821873,0.6519554096821873,160
postal_code_M2F,0.6518266637937395,0.6518266637937395,161
postal_code_V4H,0.6515851321284586,0.6515851321284586,162
claim_type_Glass,-0.6439938360475007,0.6439938360475007,163
postal_code_M4N,-0.6371451568050427,0.6371451568050427,164
postal_code_J5W,-0.6366956579155321,0.6366956579155321,165
postal_code_V8V,0.634713054406826,0.634713054406826,166
postal_code_V1L,0.630891863325787,0.630891863325787,167
postal_code_H7I,0.6298676039684872,0.6298676039684872,168
postal_code_J9R,0.6292393697397982,0.6292393697397982,169
postal_code_N7O,0.6208455323786943,0.6208455323786943,170
postal_code_N5H,0.6204431495139556,0.6204431495139556,171
postal_code_V3M,0.6203730640840828,0.6203730640840828,172
postal_code_N6T,0.6026670013631081,0.6026670013631081,173
postal_code_V3R,0.6008711872954644,0.6008711872954644,174
postal_code_J5Y,0.6006369425306295,0.6006369425306295,175
postal_code_P9H,0.6002741749225695,0.6002741749225695,176
postal_code_G6I,0.5976784379979668,0.5976784379979668,177
postal_code_M5O,0.5966530962645593,0.5966530962645593,178
postal_code_P1C,0.5930719796687067,0.5930719796687067,179
postal_code_T9Z,0.5865344458088034,0.5865344458088034,180
postal_code_K5K,0.5854219397301695,0.5854219397301695,181
postal_code_G1M,0.5832507778895383,0.5832507778895383,182
postal_code_R5T,0.5815087998793866,0.5815087998793866,183
postal_code_H6X,0.5770913797484726,0.5770913797484726,184
postal_code_H3M,0.571217246946702,0.571217246946702,185
postal_code_T3H,0.5692957135049983,0.5692957135049983,186
postal_code_P8W,0.5652950847465732,0.5652950847465732,187
postal_code_H1G,0.5638442069700156,0.5638442069700156,188
postal_code_M7N,0.560844063420682,0.560844063420682,189
postal_code_T9W,0.5542557877125258,0.5542557877125258,190
postal_code_K5A,0.5489734629748224,0.5489734629748224,191
postal_code_N8W,0.547946632451336,0.547946632451336,192
postal_code_T4Y,0.5460152980643203,0.5460152980643203,193
postal_code_P7E,0.5458467073111595,0.5458467073111595,194
postal_code_H7S,0.5450604649446773,0.5450604649446773,195
postal_code_P9L,0.540706919450129,0.540706919450129,196
postal_code_K9M,-0.5331711513722825,0.5331711513722825,197
postal_code_L6X,0.5283126460325152,0.5283126460325152,198
witness_present_Yes,-0.5263887760099161,0.5263887760099161,199
postal_code_N8Q,-0.5165216978907615,0.5165216978907615,200
postal_code_V4J,0.5041782348148457,0.5041782348148457,201
postal_code_J4V,0.5012505608606724,0.5012505608606724,202
postal_code_J4L,0.5011484565346599,0.5011484565346599,203
postal_code_M1O,-0.5010713006598311,0.5010713006598311,204
postal_code_J7B,0.4973963254814567,0.4973963254814567,205
postal_code_M2D,0.4964588013233925,0.4964588013233925,206
postal_code_G1S,-0.48914502703052165,0.48914502703052165,207
postal_code_V3L,0.4885209604975546,0.4885209604975546,208
postal_code_N3V,0.4847970052845542,0.4847970052845542,209
postal_code_P7L,0.48199298750751024,0.48199298750751024,210
postal_code_M4R,0.48193007797688364,0.48193007797688364,211
postal_code_J9P,0.47193121012912115,0.47193121012912115,212
postal_code_V7Y,0.47141382238154667,0.47141382238154667,213
postal_code_V8W,-0.46849001341122926,0.46849001341122926,214
postal_code_P8G,0.4641991392507413,0.4641991392507413,215
postal_code_K4N,0.4575702874119438,0.4575702874119438,216
postal_code_V4W,0.45711890324397525,0.45711890324397525,217
postal_code_G9F,0.4553007143963295,0.4553007143963295,218
postal_code_M1S,-0.4548898942975478,0.4548898942975478,219
postal_code_T4H,0.4543941337750263,0.4543941337750263,220
postal_code_T1N,-0.4438719159558674,0.4438719159558674,221
postal_code_K9Y,0.4423156047396659,0.4423156047396659,222
postal_code_V2K,-0.44036633239650985,0.44036633239650985,223
postal_code_T5D,-0.42650565529818174,0.42650565529818174,224
postal_code_P3L,0.42425840050348174,0.42425840050348174,225
postal_code_T1J,-0.4228391339110087,0.4228391339110087,226
postal_code_V9T,-0.41918542907557954,0.41918542907557954,227
postal_code_B7Q,0.41856948075753586,0.41856948075753586,228
postal_code_E8W,0.4179405289668915,0.4179405289668915,229
postal_code_J2T,0.4133875892230575,0.4133875892230575,230
postal_code_H7O,-0.40953156796148465,0.40953156796148465,231
postal_code_V5M,-0.4054986599821575,0.4054986599821575,232
postal_code_K4B,0.4054701104605597,0.4054701104605597,233
postal_code_V6K,-0.4036578829881703,0.4036578829881703,234
postal_code_G6Z,0.3941689788149815,0.3941689788149815,235
postal_code_J3S,0.39346359732057357,0.39346359732057357,236
postal_code_T2N,-0.39045157016019294,0.39045157016019294,237
postal_code_J6B,0.3900049395121984,0.3900049395121984,238
postal_code_T3Q,0.3882058824658143,0.3882058824658143,239
postal_code_N6D,0.3869206786179548,0.3869206786179548,240
postal_code_M2M,0.38612839667802534,0.38612839667802534,241
postal_code_K3Q,0.3851279952786003,0.3851279952786003,242
postal_code_K7M,-0.38326242632332047,0.38326242632332047,243
postal_code_T1U,-0.37718436186803694,0.37718436186803694,244
postal_code_N4V,-0.37656780531589584,0.37656780531589584,245
postal_code_G8P,0.37099692678865204,0.37099692678865204,246
postal_code_L6Q,-0.36775783317626537,0.36775783317626537,247
postal_code_N5L,-0.36762614354788886,0.36762614354788886,248
postal_code_V2M,0.36621251737466903,0.36621251737466903,249
postal_code_V8L,-0.36336934202562887,0.36336934202562887,250
postal_code_N2E,0.3600979494191876,0.3600979494191876,251
postal_code_P8F,0.3544881177730306,0.3544881177730306,252
postal_code_V3T,0.35009619583993407,0.35009619583993407,253
postal_code_G3U,0.347788874482109,0.347788874482109,254
postal_code_T5W,-0.3449608248835902,0.3449608248835902,255
postal_code_K5E,0.34453674830573294,0.34453674830573294,256
postal_code_G5I,0.34358178206568535,0.34358178206568535,257
postal_code_M2V,0.34118227722390965,0.34118227722390965,258
postal_code_G3S,0.34103238692044363,0.34103238692044363,259
postal_code_B5S,-0.3403589633978236,0.3403589633978236,260
postal_code_K8V,0.33778275794348045,0.33778275794348045,261
postal_code_T3X,0.33477584398717325,0.33477584398717325,262
postal_code_P4W,-0.331211073399545,0.331211073399545,263
claim_amount,0.32683214907474434,0.32683214907474434,264
postal_code_P1P,0.3205678855876703,0.3205678855876703,265
postal_code_V3P,-0.3199159028599581,0.3199159028599581,266
postal_code_T6R,-0.3173833026557143,0.3173833026557143,267
postal_code_K8H,-0.3164716954672511,0.3164716954672511,268
vehicle_use_Personal,-0.3163632386936188,0.3163632386936188,269
postal_code_V3U,-0.31625999745332084,0.31625999745332084,270
postal_code_L4C,-0.3140699148301888,0.3140699148301888,271
postal_code_P9D,0.3097325523217649,0.3097325523217649,272
postal_code_V6X,0.30196480189952885,0.30196480189952885,273
postal_code_V9C,0.3011269533152672,0.3011269533152672,274
postal_code_P4F,-0.30051216048889484,0.30051216048889484,275
postal_code_H9I,0.298400542667152,0.298400542667152,276
postal_code_V2F,0.29734673086987484,0.29734673086987484,277
postal_code_G5Z,0.2960331581031411,0.2960331581031411,278
postal_code_T7F,0.29454185984518255,0.29454185984518255,279
postal_code_P7Y,0.2916393777537216,0.2916393777537216,280
postal_code_G6C,0.2915428206134731,0.2915428206134731,281
postal_code_V4Q,-0.2914305586729624,0.2914305586729624,282
postal_code_J7N,0.2901650657774526,0.2901650657774526,283
postal_code_T4P,-0.2899122261281908,0.2899122261281908,284
postal_code_V1H,-0.28904252376538536,0.28904252376538536,285
postal_code_N3O,-0.28785872814132835,0.28785872814132835,286
postal_code_H3E,0.2856892888239261,0.2856892888239261,287
postal_code_L3L,0.2838022764567074,0.2838022764567074,288
postal_code_J3L,-0.28091409551222496,0.28091409551222496,289
postal_code_P5Z,0.280228560263677,0.280228560263677,290
postal_code_M3X,0.2798194827663862,0.2798194827663862,291
postal_code_M9K,-0.2787421650435052,0.2787421650435052,292
postal_code_N7G,0.276313076419726,0.276313076419726,293
postal_code_V2B,0.274610931850492,0.274610931850492,294
postal_code_M3D,-0.27213753271475954,0.27213753271475954,295
postal_code_M9Z,0.26924069329764666,0.26924069329764666,296
postal_code_P7I,0.2689221613077252,0.2689221613077252,297
postal_code_S8D,0.267839291181394,0.267839291181394,298
postal_code_K9G,0.26741738137473475,0.26741738137473475,299
postal_code_V3K,0.26741360553686605,0.26741360553686605,300
postal_code_T6L,0.26573796815451306,0.26573796815451306,301
previous_claims,0.25848204075966935,0.25848204075966935,302
years_licensed,-0.2565428596651179,0.2565428596651179,303
postal_code_J5P,0.2543260827851508,0.2543260827851508,304
postal_code_N2G,-0.2526880064220892,0.2526880064220892,305
postal_code_V5U,0.2502435311095197,0.2502435311095197,306
postal_code_L3Q,-0.24988267387402266,0.24988267387402266,307
postal_code_J2U,-0.24638171220459398,0.24638171220459398,308
claim_type_Theft,0.24162704875262392,0.24162704875262392,309
postal_code_T6H,-0.2407972151573541,0.2407972151573541,310
postal_code_V1P,-0.23799528030526948,0.23799528030526948,311
postal_code_V5R,-0.23518652365365394,0.23518652365365394,312
postal_code_H5F,0.23499437266590184,0.23499437266590184,313
postal_code_N7A,0.23346501676989445,0.23346501676989445,314
postal_code_N7E,0.23076521346671833,0.23076521346671833,315
postal_code_T1G,-0.23057712191138116,0.23057712191138116,316
postal_code_M2C,-0.22794854440606205,0.22794854440606205,317
postal_code_K6K,0.2265571180194549,0.2265571180194549,318
postal_code_T5K,-0.2249352088572977,0.2249352088572977,319
postal_code_V8Z,0.22327489107071385,0.22327489107071385,320
postal_code_V8I,0.22289325603020071,0.22289325603020071,321
postal_code_K2Q,0.2223718271227591,0.2223718271227591,322
postal_code_T6W,-0.22209754989880615,0.22209754989880615,323
postal_code_N3E,0.21996838331467675,0.21996838331467675,324
postal_code_G4L,0.2196308241116661,0.2196308241116661,325
postal_code_N9P,-0.2164840796561054,0.2164840796561054,326
postal_code_N1K,-0.21438604082535775,0.21438604082535775,327
postal_code_M6G,-0.21435208115133678,0.21435208115133678,328
postal_code_G4P,0.21214102611523186,0.21214102611523186,329
province_MB,-0.21040270788438123,0.21040270788438123,330
police_report_filed_Yes,-0.2072383026473778,0.2072383026473778,331
postal_code_M5W,-0.20640097058160814,0.20640097058160814,332
postal_code_K1J,0.204922428393758,0.204922428393758,333
postal_code_T5H,-0.20298311723632073,0.20298311723632073,334
postal_code_V9W,-0.19799940486853634,0.19799940486853634,335
postal_code_K5N,0.19754755946427507,0.19754755946427507,336
postal_code_L7O,-0.19714834451215532,0.19714834451215532,337
postal_code_L2F,0.19384574720485562,0.19384574720485562,338
postal_code_T1S,0.1917182391653799,0.1917182391653799,339
postal_code_M6E,0.1874145630483119,0.1874145630483119,340
postal_code_G8Q,0.1845721290133663,0.1845721290133663,341
postal_code_P5F,0.1843277752687267,0.1843277752687267,342
postal_code_V7K,-0.181626389452723,0.181626389452723,343
postal_code_T1T,-0.1777314052031452,0.1777314052031452,344
age,0.1759189945034288,0.1759189945034288,345
postal_code_M9T,0.17558299571200378,0.17558299571200378,346
postal_code_L3H,0.17206286963166925,0.17206286963166925,347
postal_code_T6T,-0.17190354377873804,0.17190354377873804,348
claim_to_vehicle_value_ratio,0.16908687133456052,0.16908687133456052,349
postal_code_V9I,-0.16698269138968774,0.16698269138968774,350
postal_code_N8Z,-0.16594987048270263,0.16594987048270263,351
postal_code_M5C,0.16586221082266236,0.16586221082266236,352
postal_code_H5M,0.1657865783687502,0.1657865783687502,353
postal_code_V5O,-0.16456867412590323,0.16456867412590323,354
postal_code_V1N,-0.16248007628990963,0.16248007628990963,355
postal_code_H5V,0.16183949686299484,0.16183949686299484,356
postal_code_K1X,0.16147885592628605,0.16147885592628605,357
postal_code_P4G,-0.15368927113293568,0.15368927113293568,358
postal_code_T2M,0.15233939572505478,0.15233939572505478,359
postal_code_N1H,-0.15196574334580149,0.15196574334580149,360
postal_code_T3A,0.1466133850238273,0.1466133850238273,361
province_SK,-0.14333096057948422,0.14333096057948422,362
postal_code_V3Y,0.14301213189110457,0.14301213189110457,363
postal_code_V6C,0.14268570596551022,0.14268570596551022,364
postal_code_M9O,-0.14182201999641383,0.14182201999641383,365
postal_code_N4W,0.14137543504093708,0.14137543504093708,366
vehicle_brand_Hyundai,-0.13661404377321548,0.13661404377321548,367
vehicle_brand_BMW,-0.1343668891347942,0.1343668891347942,368
postal_code_T7T,-0.1321009264773094,0.1321009264773094,369
postal_code_T5J,0.13112922268492772,0.13112922268492772,370
postal_code_H8L,0.12481010243953625,0.12481010243953625,371
postal_code_T1I,-0.12429541626591618,0.12429541626591618,372
vehicle_brand_Ford,-0.11965218393729,0.11965218393729,373
postal_code_K4J,-0.11809544928143585,0.11809544928143585,374
vehicle_value,-0.11605735436378939,0.11605735436378939,375
postal_code_L5Y,-0.11585093756530038,0.11585093756530038,376
postal_code_G1A,0.11403447493000611,0.11403447493000611,377
postal_code_T6N,0.11345674937185804,0.11345674937185804,378
postal_code_M7Z,0.1128550643884174,0.1128550643884174,379
postal_code_K7S,0.10898424206106413,0.10898424206106413,380
postal_code_G5H,-0.1080309082644314,0.1080309082644314,381
postal_code_V1J,-0.1075735784402076,0.1075735784402076,382
postal_code_P5M,-0.10686817487118565,0.10686817487118565,383
province_AB,-0.10209823290542414,0.10209823290542414,384
postal_code_P2M,0.10136666864613768,0.10136666864613768,385
postal_code_K2R,0.10061100146388736,0.10061100146388736,386
postal_code_N3B,0.10050758056197087,0.10050758056197087,387
postal_code_T2T,0.10047397857185045,0.10047397857185045,388
vehicle_brand_Toyota,-0.10020241567708572,0.10020241567708572,389
province_ON,0.0994587936286824,0.0994587936286824,390
postal_code_K3R,-0.09621375394613473,0.09621375394613473,391
postal_code_L7H,0.09584432549847925,0.09584432549847925,392
postal_code_T3R,0.09541913627478611,0.09541913627478611,393
postal_code_L2K,0.09408678613899847,0.09408678613899847,394
postal_code_L3R,0.08909654184645399,0.08909654184645399,395
vehicle_brand_Mercedes,-0.0859080151808407,0.0859080151808407,396
postal_code_V6J,0.08475284809935718,0.08475284809935718,397
vehicle_brand_Chevrolet,0.083960770770727,0.083960770770727,398
postal_code_T1O,-0.0789743276045732,0.0789743276045732,399
postal_code_P9S,-0.07534871365581111,0.07534871365581111,400
postal_code_M1W,0.07322537140504319,0.07322537140504319,401
province_BC,0.07162223042753958,0.07162223042753958,402
postal_code_N3H,0.07029040503030771,0.07029040503030771,403
postal_code_T9Q,0.06635538571150347,0.06635538571150347,404
postal_code_G7I,0.06406707563034646,0.06406707563034646,405
postal_code_V8R,0.06301771167974757,0.06301771167974757,406
postal_code_G3C,0.06280938593680786,0.06280938593680786,407
province_PE,-0.06096393409385191,0.06096393409385191,408
postal_code_H6F,-0.06074186016228442,0.06074186016228442,409
postal_code_P6F,-0.059136107016986496,0.059136107016986496,410
postal_code_L5X,0.059076309944560555,0.059076309944560555,411
postal_code_J4O,-0.05849700830288884,0.05849700830288884,412
postal_code_J9V,0.05746447381094513,0.05746447381094513,413
postal_code_P7Q,0.05582360856999492,0.05582360856999492,414
postal_code_V6N,0.05514742893510828,0.05514742893510828,415
province_NL,-0.054267276184246406,0.054267276184246406,416
postal_code_M7Q,-0.05169366409323713,0.05169366409323713,417
postal_code_R7O,0.0516665707607494,0.0516665707607494,418
postal_code_L9G,-0.051287154051296524,0.051287154051296524,419
province_QC,0.04921347680824721,0.04921347680824721,420
postal_code_T4X,-0.04791745334032065,0.04791745334032065,421
postal_code_T8T,0.047187002754466634,0.047187002754466634,422
postal_code_P5Q,0.04581050794136436,0.04581050794136436,423
postal_code_L5N,-0.044969432402470644,0.044969432402470644,424
vehicle_brand_Honda,0.04259655136581438,0.04259655136581438,425
postal_code_K4D,-0.03795839381228725,0.03795839381228725,426
postal_code_V3N,-0.03787811180757405,0.03787811180757405,427
postal_code_T7E,-0.03717435829800461,0.03717435829800461,428
postal_code_M1E,0.036882011080676215,0.036882011080676215,429
vehicle_age,0.027725969176359246,0.027725969176359246,430
postal_code_V8S,0.027457622791141414,0.027457622791141414,431
postal_code_K5Y,0.027049062499902174,0.027049062499902174,432
postal_code_V6U,0.026548043721275602,0.026548043721275602,433
postal_code_V2Y,-0.026199825665212426,0.026199825665212426,434
vehicle_brand_Tesla,0.026158205094714088,0.026158205094714088,435
postal_code_J1Y,0.025516054285876937,0.025516054285876937,436
postal_code_J2Y,0.02257759060654409,0.02257759060654409,437
policy_tenure_months,-0.020365326591518695,0.020365326591518695,438
postal_code_P5W,0.020142711578607697,0.020142711578607697,439
postal_code_G8V,-0.0201226421961637,0.0201226421961637,440
postal_code_K2E,0.018461025932821312,0.018461025932821312,441
postal_code_T8E,-0.015814669867349362,0.015814669867349362,442
postal_code_V8Q,-0.01534226561536633,0.01534226561536633,443
province_NB,0.012998371796770086,0.012998371796770086,444
postal_code_V7D,0.012644335415000695,0.012644335415000695,445
gender_Female,-0.012173962645546738,0.012173962645546738,446
postal_code_V3X,0.011691228731885023,0.011691228731885023,447
postal_code_M5I,-0.011161044725446037,0.011161044725446037,448
postal_code_E3I,-0.01019861906469844,0.01019861906469844,449
postal_code_V3H,0.00838490969715338,0.00838490969715338,450
postal_code_J3Z,-0.008367450785500835,0.008367450785500835,451
postal_code_M5R,-0.008136398779435308,0.008136398779435308,452
postal_code_M7R,-0.008009495947060427,0.008009495947060427,453
postal_code_N6H,-0.007785140921494721,0.007785140921494721,454
postal_code_J2K,0.00759583418080427,0.00759583418080427,455
postal_code_H2B,0.0072693053066063724,0.0072693053066063724,456
vehicle_brand_Nissan,0.00676013405799211,0.00676013405799211,457
employment_status_Employed,-0.0059074123370248,0.0059074123370248,458
postal_code_K8N,-0.00560062349247577,0.00560062349247577,459
postal_code_N8L,0.004597843786051912,0.004597843786051912,460
postal_code_P3G,0.004442687985730108,0.004442687985730108,461
postal_code_M8X,0.002640008617971316,0.002640008617971316,462
postal_code_V6B,0.002618066485259122,0.002618066485259122,463
postal_code_K1W,-0.0009278189780615412,0.0009278189780615412,464
postal_code_R2M,-4.7731091206778235e-05,4.7731091206778235e-05,465
postal_code_P4N,0.0,0.0,466
postal_code_P4X,0.0,0.0,467
postal_code_P4O,0.0,0.0,468
postal_code_P6L,0.0,0.0,469
postal_code_P6K,0.0,0.0,470
postal_code_P4P,0.0,0.0,471
postal_code_A7O,0.0,0.0,472
postal_code_P6M,0.0,0.0,473
postal_code_P4V,0.0,0.0,474
postal_code_P4Q,0.0,0.0,475
postal_code_P4R,0.0,0.0,476
postal_code_A7Q,0.0,0.0,477
postal_code_P4U,0.0,0.0,478
postal_code_P4T,0.0,0.0,479
postal_code_P6J,0.0,0.0,480
postal_code_P6E,0.0,0.0,481
postal_code_P6I,0.0,0.0,482
postal_code_A7H,0.0,0.0,483
postal_code_P5L,0.0,0.0,484
postal_code_P6A,0.0,0.0,485
postal_code_P5N,0.0,0.0,486
postal_code_P5O,0.0,0.0,487
postal_code_P4L,0.0,0.0,488
postal_code_P5P,0.0,0.0,489
postal_code_P5Y,0.0,0.0,490
postal_code_P4Y,0.0,0.0,491
postal_code_P5R,0.0,0.0,492
postal_code_P5S,0.0,0.0,493
postal_code_P5T,0.0,0.0,494
postal_code_P5U,0.0,0.0,495
postal_code_P5V,0.0,0.0,496
postal_code_P5X,0.0,0.0,497
postal_code_P5K,0.0,0.0,498
postal_code_P6B,0.0,0.0,499
postal_code_P5J,0.0,0.0,500
postal_code_P5I,0.0,0.0,501
postal_code_P5H,0.0,0.0,502
postal_code_P5G,0.0,0.0,503
postal_code_A7I,0.0,0.0,504
postal_code_P6C,0.0,0.0,505
postal_code_P6D,0.0,0.0,506
postal_code_P5E,0.0,0.0,507
postal_code_P5D,0.0,0.0,508
postal_code_P5C,0.0,0.0,509
postal_code_P6G,0.0,0.0,510
postal_code_A7J,0.0,0.0,511
postal_code_A7K,0.0,0.0,512
postal_code_P4Z,0.0,0.0,513
postal_code_A7G,0.0,0.0,514
postal_code_P4M,0.0,0.0,515
postal_code_B8F,0.0,0.0,516
postal_code_P4K,0.0,0.0,517
postal_code_P1R,0.0,0.0,518
postal_code_P1T,0.0,0.0,519
postal_code_P1U,0.0,0.0,520
postal_code_P1V,0.0,0.0,521
postal_code_P1W,0.0,0.0,522
postal_code_P1X,0.0,0.0,523
postal_code_P1Y,0.0,0.0,524
postal_code_P1Z,0.0,0.0,525
postal_code_P2A,0.0,0.0,526
postal_code_P2B,0.0,0.0,527
postal_code_P2C,0.0,0.0,528
postal_code_P2D,0.0,0.0,529
postal_code_P2E,0.0,0.0,530
postal_code_P2F,0.0,0.0,531
postal_code_P2G,0.0,0.0,532
postal_code_P2H,0.0,0.0,533
postal_code_P2I,0.0,0.0,534
postal_code_P2J,0.0,0.0,535
postal_code_P2K,0.0,0.0,536
postal_code_P2L,0.0,0.0,537
postal_code_A8C,0.0,0.0,538
postal_code_P1Q,0.0,0.0,539
postal_code_P4J,0.0,0.0,540
postal_code_A8D,0.0,0.0,541
postal_code_N9W,0.0,0.0,542
postal_code_A8H,0.0,0.0,543
postal_code_A8G,0.0,0.0,544
postal_code_N9Z,0.0,0.0,545
postal_code_P1A,0.0,0.0,546
postal_code_P1B,0.0,0.0,547
postal_code_A8F,0.0,0.0,548
postal_code_P1D,0.0,0.0,549
postal_code_P1E,0.0,0.0,550
postal_code_P1F,0.0,0.0,551
postal_code_P1G,0.0,0.0,552
postal_code_P1H,0.0,0.0,553
postal_code_P1I,0.0,0.0,554
postal_code_P1J,0.0,0.0,555
postal_code_P1K,0.0,0.0,556
postal_code_A8E,0.0,0.0,557
postal_code_P1M,0.0,0.0,558
postal_code_P1N,0.0,0.0,559
postal_code_P1O,0.0,0.0,560
postal_code_P2N,0.0,0.0,561
postal_code_P2O,0.0,0.0,562
postal_code_P2P,0.0,0.0,563
postal_code_P2Q,0.0,0.0,564
postal_code_P3O,0.0,0.0,565
postal_code_P3P,0.0,0.0,566
postal_code_P3Q,0.0,0.0,567
postal_code_P3R,0.0,0.0,568
postal_code_A7X,0.0,0.0,569
postal_code_P3T,0.0,0.0,570
postal_code_P3U,0.0,0.0,571
postal_code_P3V,0.0,0.0,572
postal_code_P3W,0.0,0.0,573
postal_code_P3X,0.0,0.0,574
postal_code_P3Y,0.0,0.0,575
postal_code_P3Z,0.0,0.0,576
postal_code_P4A,0.0,0.0,577
postal_code_P4B,0.0,0.0,578
postal_code_P4C,0.0,0.0,579
postal_code_P4D,0.0,0.0,580
postal_code_A7S,0.0,0.0,581
postal_code_A7R,0.0,0.0,582
postal_code_P4I,0.0,0.0,583
postal_code_P3N,0.0,0.0,584
postal_code_P3M,0.0,0.0,585
postal_code_A7Y,0.0,0.0,586
postal_code_P2Z,0.0,0.0,587
postal_code_P2R,0.0,0.0,588
postal_code_P2S,0.0,0.0,589
postal_code_P2T,0.0,0.0,590
postal_code_A8B,0.0,0.0,591
postal_code_P2V,0.0,0.0,592
postal_code_P2W,0.0,0.0,593
postal_code_P2X,0.0,0.0,594
postal_code_P2Y,0.0,0.0,595
postal_code_P3A,0.0,0.0,596
postal_code_P3K,0.0,0.0,597
postal_code_A8A,0.0,0.0,598
postal_code_P3C,0.0,0.0,599
postal_code_P3D,0.0,0.0,600
postal_code_P3E,0.0,0.0,601
postal_code_P3F,0.0,0.0,602
postal_code_P6N,0.0,0.0,603
postal_code_P3I,0.0,0.0,604
postal_code_P3J,0.0,0.0,605
postal_code_P3H,0.0,0.0,606
postal_code_P7R,0.0,0.0,607
postal_code_P6O,0.0,0.0,608
postal_code_R2S,0.0,0.0,609
postal_code_R2I,0.0,0.0,610
postal_code_R2J,0.0,0.0,611
postal_code_R2K,0.0,0.0,612
postal_code_R2L,0.0,0.0,613
postal_code_R2N,0.0,0.0,614
postal_code_R2O,0.0,0.0,615
postal_code_R2P,0.0,0.0,616
postal_code_R2Q,0.0,0.0,617
postal_code_R2R,0.0,0.0,618
postal_code_R2T,0.0,0.0,619
postal_code_R3F,0.0,0.0,620
postal_code_R2U,0.0,0.0,621
postal_code_R2V,0.0,0.0,622
postal_code_R2W,0.0,0.0,623
postal_code_R2X,0.0,0.0,624
postal_code_R2Y,0.0,0.0,625
postal_code_R2Z,0.0,0.0,626
postal_code_R3A,0.0,0.0,627
postal_code_A6O,0.0,0.0,628
postal_code_R3C,0.0,0.0,629
postal_code_R2H,0.0,0.0,630
postal_code_R2G,0.0,0.0,631
postal_code_R2F,0.0,0.0,632
postal_code_R2E,0.0,0.0,633
postal_code_R1I,0.0,0.0,634
postal_code_R1J,0.0,0.0,635
postal_code_R1K,0.0,0.0,636
postal_code_R1M,0.0,0.0,637
postal_code_R1N,0.0,0.0,638
postal_code_R1O,0.0,0.0,639
postal_code_R1P,0.0,0.0,640
postal_code_R1R,0.0,0.0,641
postal_code_R1S,0.0,0.0,642
postal_code_R1T,0.0,0.0,643
postal_code_R1V,0.0,0.0,644
postal_code_R1W,0.0,0.0,645
postal_code_R1X,0.0,0.0,646
postal_code_R1Y,0.0,0.0,647
postal_code_R1Z,0.0,0.0,648
postal_code_R2A,0.0,0.0,649
postal_code_R2B,0.0,0.0,650
postal_code_R2C,0.0,0.0,651
postal_code_R2D,0.0,0.0,652
postal_code_R3D,0.0,0.0,653
postal_code_R3G,0.0,0.0,654
postal_code_P6P,0.0,0.0,655
postal_code_R4Q,0.0,0.0,656
postal_code_R4H,0.0,0.0,657
postal_code_R4I,0.0,0.0,658
postal_code_R4J,0.0,0.0,659
postal_code_R4K,0.0,0.0,660
postal_code_R4L,0.0,0.0,661
postal_code_R4M,0.0,0.0,662
postal_code_R4N,0.0,0.0,663
postal_code_R4O,0.0,0.0,664
postal_code_R4P,0.0,0.0,665
postal_code_R4R,0.0,0.0,666
postal_code_R3H,0.0,0.0,667
postal_code_R4S,0.0,0.0,668
postal_code_R4T,0.0,0.0,669
postal_code_R4U,0.0,0.0,670
postal_code_R4V,0.0,0.0,671
postal_code_R4W,0.0,0.0,672
postal_code_R4X,0.0,0.0,673
postal_code_R4Y,0.0,0.0,674
postal_code_R4Z,0.0,0.0,675
postal_code_R5A,0.0,0.0,676
postal_code_R4G,0.0,0.0,677
postal_code_R4F,0.0,0.0,678
postal_code_R4D,0.0,0.0,679
postal_code_R4C,0.0,0.0,680
postal_code_R3I,0.0,0.0,681
postal_code_R3J,0.0,0.0,682
postal_code_R3K,0.0,0.0,683
postal_code_R3L,0.0,0.0,684
postal_code_R3M,0.0,0.0,685
postal_code_R3N,0.0,0.0,686
postal_code_R3O,0.0,0.0,687
postal_code_R3Q,0.0,0.0,688
postal_code_R3R,0.0,0.0,689
postal_code_R3S,0.0,0.0,690
postal_code_R3T,0.0,0.0,691
postal_code_R3U,0.0,0.0,692
postal_code_R3V,0.0,0.0,693
postal_code_R3W,0.0,0.0,694
postal_code_R3X,0.0,0.0,695
postal_code_R3Y,0.0,0.0,696
postal_code_R3Z,0.0,0.0,697
postal_code_R4A,0.0,0.0,698
postal_code_R4B,0.0,0.0,699
postal_code_R1H,0.0,0.0,700
postal_code_R1G,0.0,0.0,701
postal_code_R1F,0.0,0.0,702
postal_code_P7X,0.0,0.0,703
postal_code_P7N,0.0,0.0,704
postal_code_P7O,0.0,0.0,705
postal_code_P7P,0.0,0.0,706
postal_code_N9U,0.0,0.0,707
postal_code_P7S,0.0,0.0,708
postal_code_P7T,0.0,0.0,709
postal_code_P7U,0.0,0.0,710
postal_code_P7V,0.0,0.0,711
postal_code_P7W,0.0,0.0,712
postal_code_A7C,0.0,0.0,713
postal_code_R1E,0.0,0.0,714
postal_code_A7B,0.0,0.0,715
postal_code_P8A,0.0,0.0,716
postal_code_P8B,0.0,0.0,717
postal_code_P8C,0.0,0.0,718
postal_code_P8D,0.0,0.0,719
postal_code_P8E,0.0,0.0,720
postal_code_A7A,0.0,0.0,721
postal_code_A6Z,0.0,0.0,722
postal_code_P8H,0.0,0.0,723
postal_code_P7M,0.0,0.0,724
postal_code_A7D,0.0,0.0,725
postal_code_P7K,0.0,0.0,726
postal_code_P7J,0.0,0.0,727
postal_code_P6Q,0.0,0.0,728
postal_code_P6R,0.0,0.0,729
postal_code_P6S,0.0,0.0,730
postal_code_P6T,0.0,0.0,731
postal_code_P6U,0.0,0.0,732
postal_code_P6V,0.0,0.0,733
postal_code_P6W,0.0,0.0,734
postal_code_P6X,0.0,0.0,735
postal_code_P6Y,0.0,0.0,736
postal_code_P6Z,0.0,0.0,737
postal_code_P7A,0.0,0.0,738
postal_code_P7B,0.0,0.0,739
postal_code_P7C,0.0,0.0,740
postal_code_P7D,0.0,0.0,741
postal_code_A7F,0.0,0.0,742
postal_code_P7F,0.0,0.0,743
postal_code_P7G,0.0,0.0,744
postal_code_P7H,0.0,0.0,745
postal_code_A7E,0.0,0.0,746
postal_code_P8I,0.0,0.0,747
postal_code_P8J,0.0,0.0,748
postal_code_A6Y,0.0,0.0,749
postal_code_A6S,0.0,0.0,750
postal_code_P9K,0.0,0.0,751
postal_code_A6Q,0.0,0.0,752
postal_code_P9M,0.0,0.0,753
postal_code_A6P,0.0,0.0,754
postal_code_P9O,0.0,0.0,755
postal_code_P9P,0.0,0.0,756
postal_code_P9Q,0.0,0.0,757
postal_code_P9R,0.0,0.0,758
postal_code_P9T,0.0,0.0,759
postal_code_P9U,0.0,0.0,760
postal_code_P9V,0.0,0.0,761
postal_code_P9W,0.0,0.0,762
postal_code_P9X,0.0,0.0,763
postal_code_P9Y,0.0,0.0,764
postal_code_P9Z,0.0,0.0,765
postal_code_R1A,0.0,0.0,766
postal_code_R1B,0.0,0.0,767
postal_code_R1C,0.0,0.0,768
postal_code_R1D,0.0,0.0,769
postal_code_P9I,0.0,0.0,770
postal_code_P9G,0.0,0.0,771
postal_code_P8L,0.0,0.0,772
postal_code_P9F,0.0,0.0,773
postal_code_P8M,0.0,0.0,774
postal_code_P8N,0.0,0.0,775
postal_code_P8O,0.0,0.0,776
postal_code_P8P,0.0,0.0,777
postal_code_P8Q,0.0,0.0,778
postal_code_A6X,0.0,0.0,779
postal_code_P8S,0.0,0.0,780
postal_code_P8T,0.0,0.0,781
postal_code_P8U,0.0,0.0,782
postal_code_P8V,0.0,0.0,783
postal_code_A6V,0.0,0.0,784
postal_code_P8X,0.0,0.0,785
postal_code_P8Y,0.0,0.0,786
postal_code_P8Z,0.0,0.0,787
postal_code_P9A,0.0,0.0,788
postal_code_P9B,0.0,0.0,789
postal_code_P9C,0.0,0.0,790
postal_code_A6T,0.0,0.0,791
postal_code_P9E,0.0,0.0,792
postal_code_N9V,0.0,0.0,793
postal_code_N8H,0.0,0.0,794
postal_code_N9T,0.0,0.0,795
postal_code_B1D,0.0,0.0,796
postal_code_M8U,0.0,0.0,797
postal_code_M8V,0.0,0.0,798
postal_code_M8W,0.0,0.0,799
postal_code_M8Y,0.0,0.0,800
postal_code_M8Z,0.0,0.0,801
postal_code_M9A,0.0,0.0,802
postal_code_B1C,0.0,0.0,803
postal_code_M9C,0.0,0.0,804
postal_code_M9D,0.0,0.0,805
postal_code_M9E,0.0,0.0,806
postal_code_M9F,0.0,0.0,807
postal_code_M9G,0.0,0.0,808
postal_code_M9H,0.0,0.0,809
postal_code_M9I,0.0,0.0,810
postal_code_M9J,0.0,0.0,811
postal_code_B1A,0.0,0.0,812
postal_code_A9Y,0.0,0.0,813
postal_code_M9M,0.0,0.0,814
postal_code_M9N,0.0,0.0,815
postal_code_M8T,0.0,0.0,816
postal_code_M8R,0.0,0.0,817
postal_code_M9Q,0.0,0.0,818
postal_code_M8Q,0.0,0.0,819
postal_code_B1F,0.0,0.0,820
postal_code_M7X,0.0,0.0,821
postal_code_M7Y,0.0,0.0,822
postal_code_M8A,0.0,0.0,823
postal_code_B1E,0.0,0.0,824
postal_code_M8C,0.0,0.0,825
postal_code_M8D,0.0,0.0,826
postal_code_M8E,0.0,0.0,827
postal_code_M8F,0.0,0.0,828
postal_code_M8G,0.0,0.0,829
postal_code_M8H,0.0,0.0,830
postal_code_M8I,0.0,0.0,831
postal_code_M8J,0.0,0.0,832
postal_code_M8K,0.0,0.0,833
postal_code_M8L,0.0,0.0,834
postal_code_M8M,0.0,0.0,835
postal_code_M8N,0.0,0.0,836
postal_code_M8O,0.0,0.0,837
postal_code_M8P,0.0,0.0,838
postal_code_M9P,0.0,0.0,839
postal_code_M9R,0.0,0.0,840
postal_code_N9S,0.0,0.0,841
postal_code_N1Q,0.0,0.0,842
postal_code_N1S,0.0,0.0,843
postal_code_N1T,0.0,0.0,844
postal_code_N1U,0.0,0.0,845
postal_code_N1V,0.0,0.0,846
postal_code_A9R,0.0,0.0,847
postal_code_N1X,0.0,0.0,848
postal_code_N1Y,0.0,0.0,849
postal_code_N1Z,0.0,0.0,850
postal_code_N2A,0.0,0.0,851
postal_code_N2B,0.0,0.0,852
postal_code_N2C,0.0,0.0,853
postal_code_N2D,0.0,0.0,854
postal_code_A9Q,0.0,0.0,855
postal_code_N2F,0.0,0.0,856
postal_code_A9L,0.0,0.0,857
postal_code_A9K,0.0,0.0,858
postal_code_A9J,0.0,0.0,859
postal_code_N2J,0.0,0.0,860
postal_code_N2K,0.0,0.0,861
postal_code_N1R,0.0,0.0,862
postal_code_N1P,0.0,0.0,863
postal_code_M9S,0.0,0.0,864
postal_code_N1O,0.0,0.0,865
postal_code_M9U,0.0,0.0,866
postal_code_M9V,0.0,0.0,867
postal_code_A9X,0.0,0.0,868
postal_code_A9W,0.0,0.0,869
postal_code_M9Y,0.0,0.0,870
postal_code_A9V,0.0,0.0,871
postal_code_N1A,0.0,0.0,872
postal_code_A9U,0.0,0.0,873
postal_code_N1C,0.0,0.0,874
postal_code_N1D,0.0,0.0,875
postal_code_N1E,0.0,0.0,876
postal_code_N1F,0.0,0.0,877
postal_code_N1G,0.0,0.0,878
postal_code_N1I,0.0,0.0,879
postal_code_N1J,0.0,0.0,880
postal_code_A9T,0.0,0.0,881
postal_code_N1L,0.0,0.0,882
postal_code_N1M,0.0,0.0,883
postal_code_N1N,0.0,0.0,884
postal_code_M7V,0.0,0.0,885
postal_code_M7U,0.0,0.0,886
postal_code_M7T,0.0,0.0,887
postal_code_M4Z,0.0,0.0,888
postal_code_M5B,0.0,0.0,889
postal_code_M5D,0.0,0.0,890
postal_code_M5E,0.0,0.0,891
postal_code_M5F,0.0,0.0,892
postal_code_M5G,0.0,0.0,893
postal_code_M5H,0.0,0.0,894
postal_code_M5J,0.0,0.0,895
postal_code_M5K,0.0,0.0,896
postal_code_M5L,0.0,0.0,897
postal_code_M5M,0.0,0.0,898
postal_code_B1W,0.0,0.0,899
postal_code_B1V,0.0,0.0,900
postal_code_M5P,0.0,0.0,901
postal_code_M5Q,0.0,0.0,902
postal_code_M5S,0.0,0.0,903
postal_code_M5T,0.0,0.0,904
postal_code_M5U,0.0,0.0,905
postal_code_M5V,0.0,0.0,906
postal_code_B1U,0.0,0.0,907
postal_code_M5A,0.0,0.0,908
postal_code_M4Y,0.0,0.0,909
postal_code_M7S,0.0,0.0,910
postal_code_M4X,0.0,0.0,911
postal_code_M4E,0.0,0.0,912
postal_code_M4F,0.0,0.0,913
postal_code_M4G,0.0,0.0,914
postal_code_M4H,0.0,0.0,915
postal_code_M4I,0.0,0.0,916
postal_code_M4J,0.0,0.0,917
postal_code_M4K,0.0,0.0,918
postal_code_M4L,0.0,0.0,919
postal_code_M4M,0.0,0.0,920
postal_code_B2A,0.0,0.0,921
postal_code_B1Z,0.0,0.0,922
postal_code_B1Y,0.0,0.0,923
postal_code_M4Q,0.0,0.0,924
postal_code_B1X,0.0,0.0,925
postal_code_M4S,0.0,0.0,926
postal_code_M4T,0.0,0.0,927
postal_code_M4U,0.0,0.0,928
postal_code_M4V,0.0,0.0,929
postal_code_M4W,0.0,0.0,930
postal_code_M5X,0.0,0.0,931
postal_code_M5Y,0.0,0.0,932
postal_code_M5Z,0.0,0.0,933
postal_code_M6A,0.0,0.0,934
postal_code_M6X,0.0,0.0,935
postal_code_M6Y,0.0,0.0,936
postal_code_M6Z,0.0,0.0,937
postal_code_B1K,0.0,0.0,938
postal_code_M7B,0.0,0.0,939
postal_code_B1J,0.0,0.0,940
postal_code_M7D,0.0,0.0,941
postal_code_M7E,0.0,0.0,942
postal_code_M7F,0.0,0.0,943
postal_code_M7G,0.0,0.0,944
postal_code_B1I,0.0,0.0,945
postal_code_M7I,0.0,0.0,946
postal_code_M7J,0.0,0.0,947
postal_code_M7K,0.0,0.0,948
postal_code_M7L,0.0,0.0,949
postal_code_M7M,0.0,0.0,950
postal_code_B1G,0.0,0.0,951
postal_code_M7O,0.0,0.0,952
postal_code_M7P,0.0,0.0,953
postal_code_M6W,0.0,0.0,954
postal_code_M6V,0.0,0.0,955
postal_code_B1L,0.0,0.0,956
postal_code_M6J,0.0,0.0,957
postal_code_M6B,0.0,0.0,958
postal_code_M6C,0.0,0.0,959
postal_code_M6D,0.0,0.0,960
postal_code_B1T,0.0,0.0,961
postal_code_M6F,0.0,0.0,962
postal_code_B1S,0.0,0.0,963
postal_code_B1R,0.0,0.0,964
postal_code_B1Q,0.0,0.0,965
postal_code_M6K,0.0,0.0,966
postal_code_B1M,0.0,0.0,967
postal_code_M6L,0.0,0.0,968
postal_code_M6M,0.0,0.0,969
postal_code_M6N,0.0,0.0,970
postal_code_M6O,0.0,0.0,971
postal_code_M6P,0.0,0.0,972
postal_code_M6Q,0.0,0.0,973
postal_code_M6R,0.0,0.0,974
postal_code_B1O,0.0,0.0,975
postal_code_A9H,0.0,0.0,976
postal_code_N2M,0.0,0.0,977
postal_code_N2N,0.0,0.0,978
postal_code_N7C,0.0,0.0,979
postal_code_A8T,0.0,0.0,980
postal_code_N7F,0.0,0.0,981
postal_code_A8R,0.0,0.0,982
postal_code_N7H,0.0,0.0,983
postal_code_N7I,0.0,0.0,984
postal_code_N7J,0.0,0.0,985
postal_code_N7K,0.0,0.0,986
postal_code_N7L,0.0,0.0,987
postal_code_N7M,0.0,0.0,988
postal_code_N7N,0.0,0.0,989
postal_code_A8Q,0.0,0.0,990
postal_code_N7P,0.0,0.0,991
postal_code_N7Q,0.0,0.0,992
postal_code_N7R,0.0,0.0,993
postal_code_N7S,0.0,0.0,994
postal_code_N7T,0.0,0.0,995
postal_code_N7U,0.0,0.0,996
postal_code_N7V,0.0,0.0,997
postal_code_N7W,0.0,0.0,998
postal_code_N7D,0.0,0.0,999
postal_code_N7B,0.0,0.0,1000
postal_code_A8Y,0.0,0.0,1001
postal_code_A8U,0.0,0.0,1002
postal_code_N6G,0.0,0.0,1003
postal_code_N6I,0.0,0.0,1004
postal_code_N6J,0.0,0.0,1005
postal_code_N6K,0.0,0.0,1006
postal_code_N6L,0.0,0.0,1007
postal_code_N6M,0.0,0.0,1008
postal_code_N6N,0.0,0.0,1009
postal_code_N6O,0.0,0.0,1010
postal_code_N6P,0.0,0.0,1011
postal_code_N6Q,0.0,0.0,1012
postal_code_N6R,0.0,0.0,1013
postal_code_N6S,0.0,0.0,1014
postal_code_A8X,0.0,0.0,1015
postal_code_N6U,0.0,0.0,1016
postal_code_A8V,0.0,0.0,1017
postal_code_N6W,0.0,0.0,1018
postal_code_N6X,0.0,0.0,1019
postal_code_N6Y,0.0,0.0,1020
postal_code_N6Z,0.0,0.0,1021
postal_code_N7X,0.0,0.0,1022
postal_code_N7Y,0.0,0.0,1023
postal_code_A8P,0.0,0.0,1024
postal_code_N8A,0.0,0.0,1025
postal_code_N8Y,0.0,0.0,1026
postal_code_N9A,0.0,0.0,1027
postal_code_N9B,0.0,0.0,1028
postal_code_N9C,0.0,0.0,1029
postal_code_N9D,0.0,0.0,1030
postal_code_N9E,0.0,0.0,1031
postal_code_N9F,0.0,0.0,1032
postal_code_N9G,0.0,0.0,1033
postal_code_N9H,0.0,0.0,1034
postal_code_N9I,0.0,0.0,1035
postal_code_N9J,0.0,0.0,1036
postal_code_N9K,0.0,0.0,1037
postal_code_N9L,0.0,0.0,1038
postal_code_N9M,0.0,0.0,1039
postal_code_N9N,0.0,0.0,1040
postal_code_N9O,0.0,0.0,1041
postal_code_A8J,0.0,0.0,1042
postal_code_N9Q,0.0,0.0,1043
postal_code_N9R,0.0,0.0,1044
postal_code_N8X,0.0,0.0,1045
postal_code_A8L,0.0,0.0,1046
postal_code_A8M,0.0,0.0,1047
postal_code_N8J,0.0,0.0,1048
postal_code_N8B,0.0,0.0,1049
postal_code_N8C,0.0,0.0,1050
postal_code_N8D,0.0,0.0,1051
postal_code_N8E,0.0,0.0,1052
postal_code_N8F,0.0,0.0,1053
postal_code_N8G,0.0,0.0,1054
postal_code_R5C,0.0,0.0,1055
postal_code_A8O,0.0,0.0,1056
postal_code_N8K,0.0,0.0,1057
postal_code_N8U,0.0,0.0,1058
postal_code_N8M,0.0,0.0,1059
postal_code_N8N,0.0,0.0,1060
postal_code_N8O,0.0,0.0,1061
postal_code_N8P,0.0,0.0,1062
postal_code_A8N,0.0,0.0,1063
postal_code_N8R,0.0,0.0,1064
postal_code_N8S,0.0,0.0,1065
postal_code_N8T,0.0,0.0,1066
postal_code_N6E,0.0,0.0,1067
postal_code_N6C,0.0,0.0,1068
postal_code_N2O,0.0,0.0,1069
postal_code_N3M,0.0,0.0,1070
postal_code_A9F,0.0,0.0,1071
postal_code_N3P,0.0,0.0,1072
postal_code_N3Q,0.0,0.0,1073
postal_code_N3R,0.0,0.0,1074
postal_code_N3S,0.0,0.0,1075
postal_code_N3T,0.0,0.0,1076
postal_code_N3U,0.0,0.0,1077
postal_code_A9E,0.0,0.0,1078
postal_code_N3W,0.0,0.0,1079
postal_code_N3X,0.0,0.0,1080
postal_code_N3Y,0.0,0.0,1081
postal_code_N3Z,0.0,0.0,1082
postal_code_N4A,0.0,0.0,1083
postal_code_N4B,0.0,0.0,1084
postal_code_N4C,0.0,0.0,1085
postal_code_N4D,0.0,0.0,1086
postal_code_N4E,0.0,0.0,1087
postal_code_N4F,0.0,0.0,1088
postal_code_N4G,0.0,0.0,1089
postal_code_N3N,0.0,0.0,1090
postal_code_N3L,0.0,0.0,1091
postal_code_N6B,0.0,0.0,1092
postal_code_N3K,0.0,0.0,1093
postal_code_N2P,0.0,0.0,1094
postal_code_N2Q,0.0,0.0,1095
postal_code_N2R,0.0,0.0,1096
postal_code_N2S,0.0,0.0,1097
postal_code_N2T,0.0,0.0,1098
postal_code_N2U,0.0,0.0,1099
postal_code_N2V,0.0,0.0,1100
postal_code_N2W,0.0,0.0,1101
postal_code_N2X,0.0,0.0,1102
postal_code_N2Y,0.0,0.0,1103
postal_code_N2Z,0.0,0.0,1104
postal_code_N3A,0.0,0.0,1105
postal_code_N3C,0.0,0.0,1106
postal_code_N3D,0.0,0.0,1107
postal_code_A9G,0.0,0.0,1108
postal_code_N3F,0.0,0.0,1109
postal_code_N3G,0.0,0.0,1110
postal_code_N3I,0.0,0.0,1111
postal_code_N3J,0.0,0.0,1112
postal_code_N4H,0.0,0.0,1113
postal_code_N4I,0.0,0.0,1114
postal_code_N4J,0.0,0.0,1115
postal_code_N4K,0.0,0.0,1116
postal_code_N5I,0.0,0.0,1117
postal_code_N5J,0.0,0.0,1118
postal_code_N5K,0.0,0.0,1119
postal_code_A8Z,0.0,0.0,1120
postal_code_N5M,0.0,0.0,1121
postal_code_N5N,0.0,0.0,1122
postal_code_N5O,0.0,0.0,1123
postal_code_N5P,0.0,0.0,1124
postal_code_N5Q,0.0,0.0,1125
postal_code_N5R,0.0,0.0,1126
postal_code_N5S,0.0,0.0,1127
postal_code_N5T,0.0,0.0,1128
postal_code_N5U,0.0,0.0,1129
postal_code_N5V,0.0,0.0,1130
postal_code_N5W,0.0,0.0,1131
postal_code_N5X,0.0,0.0,1132
postal_code_N5Y,0.0,0.0,1133
postal_code_N5Z,0.0,0.0,1134
postal_code_N6A,0.0,0.0,1135
postal_code_A9A,0.0,0.0,1136
postal_code_N5G,0.0,0.0,1137
postal_code_N5F,0.0,0.0,1138
postal_code_N4T,0.0,0.0,1139
postal_code_N4L,0.0,0.0,1140
postal_code_N4M,0.0,0.0,1141
postal_code_N4N,0.0,0.0,1142
postal_code_N4O,0.0,0.0,1143
postal_code_A9D,0.0,0.0,1144
postal_code_N4Q,0.0,0.0,1145
postal_code_N4R,0.0,0.0,1146
postal_code_N4S,0.0,0.0,1147
postal_code_N4U,0.0,0.0,1148
postal_code_N5E,0.0,0.0,1149
postal_code_A9C,0.0,0.0,1150
postal_code_N4X,0.0,0.0,1151
postal_code_N4Y,0.0,0.0,1152
postal_code_A9B,0.0,0.0,1153
postal_code_N5A,0.0,0.0,1154
postal_code_N5B,0.0,0.0,1155
postal_code_N5C,0.0,0.0,1156
postal_code_N5D,0.0,0.0,1157
postal_code_R5B,0.0,0.0,1158
postal_code_R6L,0.0,0.0,1159
postal_code_R5D,0.0,0.0,1160
postal_code_T8Y,0.0,0.0,1161
postal_code_T8O,0.0,0.0,1162
postal_code_T8P,0.0,0.0,1163
postal_code_T8Q,0.0,0.0,1164
postal_code_T8R,0.0,0.0,1165
postal_code_T8S,0.0,0.0,1166
postal_code_T8U,0.0,0.0,1167
postal_code_T8V,0.0,0.0,1168
postal_code_T8W,0.0,0.0,1169
postal_code_T8X,0.0,0.0,1170
postal_code_T8Z,0.0,0.0,1171
postal_code_T7N,0.0,0.0,1172
postal_code_T9A,0.0,0.0,1173
postal_code_T9B,0.0,0.0,1174
postal_code_T9C,0.0,0.0,1175
postal_code_T9D,0.0,0.0,1176
postal_code_T9E,0.0,0.0,1177
postal_code_T9F,0.0,0.0,1178
postal_code_T9G,0.0,0.0,1179
postal_code_T9H,0.0,0.0,1180
postal_code_A3L,0.0,0.0,1181
postal_code_T8N,0.0,0.0,1182
postal_code_T8M,0.0,0.0,1183
postal_code_T8L,0.0,0.0,1184
postal_code_T8K,0.0,0.0,1185
postal_code_T7P,0.0,0.0,1186
postal_code_T7Q,0.0,0.0,1187
postal_code_T7R,0.0,0.0,1188
postal_code_T7S,0.0,0.0,1189
postal_code_T7U,0.0,0.0,1190
postal_code_T7V,0.0,0.0,1191
postal_code_A3R,0.0,0.0,1192
postal_code_T7X,0.0,0.0,1193
postal_code_A3Q,0.0,0.0,1194
postal_code_T7Z,0.0,0.0,1195
postal_code_T8A,0.0,0.0,1196
postal_code_T8B,0.0,0.0,1197
postal_code_T8C,0.0,0.0,1198
postal_code_T8D,0.0,0.0,1199
postal_code_A3P,0.0,0.0,1200
postal_code_T8G,0.0,0.0,1201
postal_code_T8H,0.0,0.0,1202
postal_code_T8I,0.0,0.0,1203
postal_code_T8J,0.0,0.0,1204
postal_code_T9J,0.0,0.0,1205
postal_code_A3J,0.0,0.0,1206
postal_code_T9L,0.0,0.0,1207
postal_code_V1K,0.0,0.0,1208
postal_code_V1M,0.0,0.0,1209
postal_code_V1O,0.0,0.0,1210
postal_code_A3B,0.0,0.0,1211
postal_code_V1Q,0.0,0.0,1212
postal_code_V1R,0.0,0.0,1213
postal_code_V1S,0.0,0.0,1214
postal_code_V1T,0.0,0.0,1215
postal_code_V1U,0.0,0.0,1216
postal_code_V1V,0.0,0.0,1217
postal_code_V1W,0.0,0.0,1218
postal_code_V1X,0.0,0.0,1219
postal_code_V1Y,0.0,0.0,1220
postal_code_V1Z,0.0,0.0,1221
postal_code_V2A,0.0,0.0,1222
postal_code_A2Z,0.0,0.0,1223
postal_code_V2C,0.0,0.0,1224
postal_code_V2D,0.0,0.0,1225
postal_code_V2E,0.0,0.0,1226
postal_code_A2Y,0.0,0.0,1227
postal_code_A3C,0.0,0.0,1228
postal_code_V1I,0.0,0.0,1229
postal_code_T9M,0.0,0.0,1230
postal_code_A3E,0.0,0.0,1231
postal_code_T9N,0.0,0.0,1232
postal_code_T9O,0.0,0.0,1233
postal_code_T9P,0.0,0.0,1234
postal_code_T9R,0.0,0.0,1235
postal_code_T9S,0.0,0.0,1236
postal_code_T9T,0.0,0.0,1237
postal_code_T9U,0.0,0.0,1238
postal_code_T9V,0.0,0.0,1239
postal_code_A3I,0.0,0.0,1240
postal_code_T9X,0.0,0.0,1241
postal_code_T9Y,0.0,0.0,1242
postal_code_A3G,0.0,0.0,1243
postal_code_V1A,0.0,0.0,1244
postal_code_V1B,0.0,0.0,1245
postal_code_V1C,0.0,0.0,1246
postal_code_V1D,0.0,0.0,1247
postal_code_V1E,0.0,0.0,1248
postal_code_V1F,0.0,0.0,1249
postal_code_V1G,0.0,0.0,1250
postal_code_T7O,0.0,0.0,1251
postal_code_T7M,0.0,0.0,1252
postal_code_V2H,0.0,0.0,1253
postal_code_T5C,0.0,0.0,1254
postal_code_T4S,0.0,0.0,1255
postal_code_T4T,0.0,0.0,1256
postal_code_T4U,0.0,0.0,1257
postal_code_T4V,0.0,0.0,1258
postal_code_T4W,0.0,0.0,1259
postal_code_A4S,0.0,0.0,1260
postal_code_T4Z,0.0,0.0,1261
postal_code_T5A,0.0,0.0,1262
postal_code_T5B,0.0,0.0,1263
postal_code_A4R,0.0,0.0,1264
postal_code_T7L,0.0,0.0,1265
postal_code_T5E,0.0,0.0,1266
postal_code_T5F,0.0,0.0,1267
postal_code_T5G,0.0,0.0,1268
postal_code_A4Q,0.0,0.0,1269
postal_code_T5I,0.0,0.0,1270
postal_code_A4P,0.0,0.0,1271
postal_code_T5L,0.0,0.0,1272
postal_code_T5M,0.0,0.0,1273
postal_code_T5N,0.0,0.0,1274
postal_code_T4R,0.0,0.0,1275
postal_code_T4Q,0.0,0.0,1276
postal_code_A4U,0.0,0.0,1277
postal_code_T4O,0.0,0.0,1278
postal_code_T3V,0.0,0.0,1279
postal_code_T3W,0.0,0.0,1280
postal_code_A4X,0.0,0.0,1281
postal_code_T3Y,0.0,0.0,1282
postal_code_T3Z,0.0,0.0,1283
postal_code_T4A,0.0,0.0,1284
postal_code_T4B,0.0,0.0,1285
postal_code_T4C,0.0,0.0,1286
postal_code_T4D,0.0,0.0,1287
postal_code_T4E,0.0,0.0,1288
postal_code_T4F,0.0,0.0,1289
postal_code_T4G,0.0,0.0,1290
postal_code_A4W,0.0,0.0,1291
postal_code_T4I,0.0,0.0,1292
postal_code_A4V,0.0,0.0,1293
postal_code_T4K,0.0,0.0,1294
postal_code_T4L,0.0,0.0,1295
postal_code_T4M,0.0,0.0,1296
postal_code_T4N,0.0,0.0,1297
postal_code_T5O,0.0,0.0,1298
postal_code_T5P,0.0,0.0,1299
postal_code_T5Q,0.0,0.0,1300
postal_code_T6O,0.0,0.0,1301
postal_code_T6Q,0.0,0.0,1302
postal_code_A4B,0.0,0.0,1303
postal_code_T6S,0.0,0.0,1304
postal_code_T6U,0.0,0.0,1305
postal_code_T6V,0.0,0.0,1306
postal_code_A3X,0.0,0.0,1307
postal_code_T6X,0.0,0.0,1308
postal_code_A3W,0.0,0.0,1309
postal_code_T6Z,0.0,0.0,1310
postal_code_T7A,0.0,0.0,1311
postal_code_T7B,0.0,0.0,1312
postal_code_T7C,0.0,0.0,1313
postal_code_T7D,0.0,0.0,1314
postal_code_A3V,0.0,0.0,1315
postal_code_T7G,0.0,0.0,1316
postal_code_T7H,0.0,0.0,1317
postal_code_T7I,0.0,0.0,1318
postal_code_A3S,0.0,0.0,1319
postal_code_T7K,0.0,0.0,1320
postal_code_T6P,0.0,0.0,1321
postal_code_T6M,0.0,0.0,1322
postal_code_T5R,0.0,0.0,1323
postal_code_A4C,0.0,0.0,1324
postal_code_T5S,0.0,0.0,1325
postal_code_A4N,0.0,0.0,1326
postal_code_T5U,0.0,0.0,1327
postal_code_A4M,0.0,0.0,1328
postal_code_A4L,0.0,0.0,1329
postal_code_T5X,0.0,0.0,1330
postal_code_T5Y,0.0,0.0,1331
postal_code_T5Z,0.0,0.0,1332
postal_code_T6A,0.0,0.0,1333
postal_code_T6B,0.0,0.0,1334
postal_code_A4K,0.0,0.0,1335
postal_code_T6D,0.0,0.0,1336
postal_code_T6E,0.0,0.0,1337
postal_code_T6F,0.0,0.0,1338
postal_code_T6G,0.0,0.0,1339
postal_code_A4F,0.0,0.0,1340
postal_code_A4D,0.0,0.0,1341
postal_code_T6J,0.0,0.0,1342
postal_code_T6K,0.0,0.0,1343
postal_code_V2G,0.0,0.0,1344
postal_code_V2I,0.0,0.0,1345
postal_code_T3T,0.0,0.0,1346
postal_code_V7R,0.0,0.0,1347
postal_code_V7I,0.0,0.0,1348
postal_code_V7J,0.0,0.0,1349
postal_code_A1N,0.0,0.0,1350
postal_code_V7L,0.0,0.0,1351
postal_code_V7M,0.0,0.0,1352
postal_code_V7N,0.0,0.0,1353
postal_code_V7O,0.0,0.0,1354
postal_code_V7P,0.0,0.0,1355
postal_code_V7Q,0.0,0.0,1356
postal_code_V7S,0.0,0.0,1357
postal_code_V6F,0.0,0.0,1358
postal_code_V7T,0.0,0.0,1359
postal_code_V7U,0.0,0.0,1360
postal_code_V7V,0.0,0.0,1361
postal_code_V7W,0.0,0.0,1362
postal_code_A1M,0.0,0.0,1363
postal_code_A1J,0.0,0.0,1364
postal_code_V7Z,0.0,0.0,1365
postal_code_V8A,0.0,0.0,1366
postal_code_V8B,0.0,0.0,1367
postal_code_V7H,0.0,0.0,1368
postal_code_V7G,0.0,0.0,1369
postal_code_V7F,0.0,0.0,1370
postal_code_V7E,0.0,0.0,1371
postal_code_V6H,0.0,0.0,1372
postal_code_A1S,0.0,0.0,1373
postal_code_A1R,0.0,0.0,1374
postal_code_V6L,0.0,0.0,1375
postal_code_V6M,0.0,0.0,1376
postal_code_V6O,0.0,0.0,1377
postal_code_V6P,0.0,0.0,1378
postal_code_V6Q,0.0,0.0,1379
postal_code_V6R,0.0,0.0,1380
postal_code_V6S,0.0,0.0,1381
postal_code_V6T,0.0,0.0,1382
postal_code_A1Q,0.0,0.0,1383
postal_code_V6W,0.0,0.0,1384
postal_code_A1O,0.0,0.0,1385
postal_code_V6Y,0.0,0.0,1386
postal_code_V6Z,0.0,0.0,1387
postal_code_V7A,0.0,0.0,1388
postal_code_V7B,0.0,0.0,1389
postal_code_V7C,0.0,0.0,1390
postal_code_V8C,0.0,0.0,1391
postal_code_V8D,0.0,0.0,1392
postal_code_A1G,0.0,0.0,1393
postal_code_V9K,0.0,0.0,1394
postal_code_V9M,0.0,0.0,1395
postal_code_V9N,0.0,0.0,1396
postal_code_V9O,0.0,0.0,1397
postal_code_V9P,0.0,0.0,1398
postal_code_V9Q,0.0,0.0,1399
postal_code_V9R,0.0,0.0,1400
postal_code_V9S,0.0,0.0,1401
postal_code_V9U,0.0,0.0,1402
postal_code_V9V,0.0,0.0,1403
postal_code_V9X,0.0,0.0,1404
postal_code_V9Z,0.0,0.0,1405
employment_status_Unemployed,0.0,0.0,1406
vehicle_brand_Kia,0.0,0.0,1407
vehicle_use_Business,0.0,0.0,1408
gender_Other,0.0,0.0,1409
claim_type_Collision,0.0,0.0,1410
gender_Male,0.0,0.0,1411
police_report_filed_No,0.0,0.0,1412
witness_present_No,0.0,0.0,1413
postal_code_V9L,0.0,0.0,1414
postal_code_V9J,0.0,0.0,1415
postal_code_V8F,0.0,0.0,1416
postal_code_V9H,0.0,0.0,1417
postal_code_V8G,0.0,0.0,1418
postal_code_V8H,0.0,0.0,1419
postal_code_A1F,0.0,0.0,1420
postal_code_V8J,0.0,0.0,1421
postal_code_V8K,0.0,0.0,1422
postal_code_A1E,0.0,0.0,1423
postal_code_V8M,0.0,0.0,1424
postal_code_V8N,0.0,0.0,1425
postal_code_A1C,0.0,0.0,1426
postal_code_V8P,0.0,0.0,1427
postal_code_A1A,0.0,0.0,1428
postal_code_V8X,0.0,0.0,1429
postal_code_V8Y,0.0,0.0,1430
province_NS,0.0,0.0,1431
postal_code_V9B,0.0,0.0,1432
postal_code_V9D,0.0,0.0,1433
postal_code_V9E,0.0,0.0,1434
postal_code_V9F,0.0,0.0,1435
postal_code_V9G,0.0,0.0,1436
postal_code_V6G,0.0,0.0,1437
postal_code_V6E,0.0,0.0,1438
postal_code_V2J,0.0,0.0,1439
postal_code_A2G,0.0,0.0,1440
postal_code_V3J,0.0,0.0,1441
postal_code_A2L,0.0,0.0,1442
postal_code_A2K,0.0,0.0,1443
postal_code_A2J,0.0,0.0,1444
postal_code_V3O,0.0,0.0,1445
postal_code_A2I,0.0,0.0,1446
postal_code_V3Q,0.0,0.0,1447
postal_code_A2H,0.0,0.0,1448
postal_code_V3S,0.0,0.0,1449
postal_code_A2F,0.0,0.0,1450
postal_code_V6D,0.0,0.0,1451
postal_code_V3V,0.0,0.0,1452
postal_code_V3W,0.0,0.0,1453
postal_code_V3Z,0.0,0.0,1454
postal_code_V4A,0.0,0.0,1455
postal_code_V4B,0.0,0.0,1456
postal_code_V4C,0.0,0.0,1457
postal_code_V4D,0.0,0.0,1458
postal_code_V4E,0.0,0.0,1459
postal_code_V4F,0.0,0.0,1460
postal_code_V3I,0.0,0.0,1461
postal_code_A2M,0.0,0.0,1462
postal_code_V3F,0.0,0.0,1463
postal_code_V3E,0.0,0.0,1464
postal_code_A2X,0.0,0.0,1465
postal_code_A2U,0.0,0.0,1466
postal_code_A2T,0.0,0.0,1467
postal_code_A2S,0.0,0.0,1468
postal_code_V2O,0.0,0.0,1469
postal_code_V2P,0.0,0.0,1470
postal_code_V2Q,0.0,0.0,1471
postal_code_A2Q,0.0,0.0,1472
postal_code_V2S,0.0,0.0,1473
postal_code_A2P,0.0,0.0,1474
postal_code_V2U,0.0,0.0,1475
postal_code_V2V,0.0,0.0,1476
postal_code_V2W,0.0,0.0,1477
postal_code_V2X,0.0,0.0,1478
postal_code_V2Z,0.0,0.0,1479
postal_code_V3A,0.0,0.0,1480
postal_code_A2O,0.0,0.0,1481
postal_code_V3C,0.0,0.0,1482
postal_code_V3D,0.0,0.0,1483
postal_code_V4G,0.0,0.0,1484
postal_code_A2E,0.0,0.0,1485
postal_code_V4I,0.0,0.0,1486
postal_code_V5F,0.0,0.0,1487
postal_code_V5H,0.0,0.0,1488
postal_code_V5I,0.0,0.0,1489
postal_code_A1Y,0.0,0.0,1490
postal_code_V5K,0.0,0.0,1491
postal_code_V5L,0.0,0.0,1492
postal_code_A1X,0.0,0.0,1493
postal_code_V5N,0.0,0.0,1494
postal_code_V5P,0.0,0.0,1495
postal_code_A1W,0.0,0.0,1496
postal_code_A1V,0.0,0.0,1497
postal_code_V5S,0.0,0.0,1498
postal_code_V5T,0.0,0.0,1499
postal_code_A1U,0.0,0.0,1500
postal_code_V5V,0.0,0.0,1501
postal_code_V5W,0.0,0.0,1502
postal_code_V5X,0.0,0.0,1503
postal_code_V5Y,0.0,0.0,1504
postal_code_V5Z,0.0,0.0,1505
postal_code_V6A,0.0,0.0,1506
postal_code_V5G,0.0,0.0,1507
postal_code_V5E,0.0,0.0,1508
postal_code_A2D,0.0,0.0,1509
postal_code_A1Z,0.0,0.0,1510
postal_code_V4K,0.0,0.0,1511
postal_code_V4L,0.0,0.0,1512
postal_code_V4M,0.0,0.0,1513
postal_code_V4N,0.0,0.0,1514
postal_code_V4O,0.0,0.0,1515
postal_code_V4P,0.0,0.0,1516
postal_code_A2C,0.0,0.0,1517
postal_code_V4R,0.0,0.0,1518
postal_code_A2B,0.0,0.0,1519
postal_code_V4T,0.0,0.0,1520
postal_code_V4U,0.0,0.0,1521
postal_code_V4V,0.0,0.0,1522
postal_code_A2A,0.0,0.0,1523
postal_code_V4X,0.0,0.0,1524
postal_code_V4Y,0.0,0.0,1525
postal_code_V4Z,0.0,0.0,1526
postal_code_V5A,0.0,0.0,1527
postal_code_V5B,0.0,0.0,1528
postal_code_V5C,0.0,0.0,1529
postal_code_T3U,0.0,0.0,1530
postal_code_T3S,0.0,0.0,1531
postal_code_R5E,0.0,0.0,1532
postal_code_S1Q,0.0,0.0,1533
postal_code_S1E,0.0,0.0,1534
postal_code_S1F,0.0,0.0,1535
postal_code_S1G,0.0,0.0,1536
postal_code_S1H,0.0,0.0,1537
postal_code_S1I,0.0,0.0,1538
postal_code_S1K,0.0,0.0,1539
postal_code_S1N,0.0,0.0,1540
postal_code_S1O,0.0,0.0,1541
postal_code_S1P,0.0,0.0,1542
postal_code_S1S,0.0,0.0,1543
postal_code_R9A,0.0,0.0,1544
postal_code_S1T,0.0,0.0,1545
postal_code_S1U,0.0,0.0,1546
postal_code_S1V,0.0,0.0,1547
postal_code_S1W,0.0,0.0,1548
postal_code_S1X,0.0,0.0,1549
postal_code_S1Y,0.0,0.0,1550
postal_code_S1Z,0.0,0.0,1551
postal_code_S2A,0.0,0.0,1552
postal_code_S2B,0.0,0.0,1553
postal_code_S1D,0.0,0.0,1554
postal_code_S1C,0.0,0.0,1555
postal_code_S1B,0.0,0.0,1556
postal_code_R9Z,0.0,0.0,1557
postal_code_R9D,0.0,0.0,1558
postal_code_R9E,0.0,0.0,1559
postal_code_R9F,0.0,0.0,1560
postal_code_R9G,0.0,0.0,1561
postal_code_R9H,0.0,0.0,1562
postal_code_R9I,0.0,0.0,1563
postal_code_R9J,0.0,0.0,1564
postal_code_R9K,0.0,0.0,1565
postal_code_R9M,0.0,0.0,1566
postal_code_R9N,0.0,0.0,1567
postal_code_R9O,0.0,0.0,1568
postal_code_R9P,0.0,0.0,1569
postal_code_R9Q,0.0,0.0,1570
postal_code_R9R,0.0,0.0,1571
postal_code_R9S,0.0,0.0,1572
postal_code_R9T,0.0,0.0,1573
postal_code_R9U,0.0,0.0,1574
postal_code_R9W,0.0,0.0,1575
postal_code_R9Y,0.0,0.0,1576
postal_code_S2C,0.0,0.0,1577
postal_code_S2D,0.0,0.0,1578
postal_code_S2E,0.0,0.0,1579
postal_code_S3E,0.0,0.0,1580
postal_code_S3G,0.0,0.0,1581
postal_code_S3H,0.0,0.0,1582
postal_code_S3J,0.0,0.0,1583
postal_code_S3N,0.0,0.0,1584
postal_code_S3O,0.0,0.0,1585
postal_code_S3P,0.0,0.0,1586
postal_code_S3Q,0.0,0.0,1587
postal_code_S3R,0.0,0.0,1588
postal_code_S3S,0.0,0.0,1589
postal_code_S3T,0.0,0.0,1590
postal_code_S3U,0.0,0.0,1591
postal_code_S3V,0.0,0.0,1592
postal_code_S3W,0.0,0.0,1593
postal_code_S3X,0.0,0.0,1594
postal_code_S4A,0.0,0.0,1595
postal_code_S4B,0.0,0.0,1596
postal_code_S4C,0.0,0.0,1597
postal_code_S4D,0.0,0.0,1598
postal_code_S4E,0.0,0.0,1599
postal_code_S3F,0.0,0.0,1600
postal_code_S3C,0.0,0.0,1601
postal_code_S2F,0.0,0.0,1602
postal_code_S3B,0.0,0.0,1603
postal_code_S2G,0.0,0.0,1604
postal_code_S2H,0.0,0.0,1605
postal_code_S2I,0.0,0.0,1606
postal_code_S2K,0.0,0.0,1607
postal_code_S2L,0.0,0.0,1608
postal_code_S2M,0.0,0.0,1609
postal_code_S2N,0.0,0.0,1610
postal_code_S2O,0.0,0.0,1611
postal_code_S2P,0.0,0.0,1612
postal_code_S2Q,0.0,0.0,1613
postal_code_S2R,0.0,0.0,1614
postal_code_S2S,0.0,0.0,1615
postal_code_S2T,0.0,0.0,1616
postal_code_S2U,0.0,0.0,1617
postal_code_S2V,0.0,0.0,1618
postal_code_S2W,0.0,0.0,1619
postal_code_S2X,0.0,0.0,1620
postal_code_S2Y,0.0,0.0,1621
postal_code_S2Z,0.0,0.0,1622
postal_code_R9C,0.0,0.0,1623
postal_code_R8Z,0.0,0.0,1624
postal_code_S4G,0.0,0.0,1625
postal_code_R6M,0.0,0.0,1626
postal_code_A6K,0.0,0.0,1627
postal_code_R6E,0.0,0.0,1628
postal_code_R6F,0.0,0.0,1629
postal_code_R6G,0.0,0.0,1630
postal_code_A6I,0.0,0.0,1631
postal_code_R6I,0.0,0.0,1632
postal_code_R6J,0.0,0.0,1633
postal_code_R6K,0.0,0.0,1634
postal_code_M4C,0.0,0.0,1635
postal_code_R6N,0.0,0.0,1636
postal_code_A6F,0.0,0.0,1637
postal_code_R6O,0.0,0.0,1638
postal_code_R6P,0.0,0.0,1639
postal_code_R6Q,0.0,0.0,1640
postal_code_R6R,0.0,0.0,1641
postal_code_R6S,0.0,0.0,1642
postal_code_R6T,0.0,0.0,1643
postal_code_R6U,0.0,0.0,1644
postal_code_A6H,0.0,0.0,1645
postal_code_R6X,0.0,0.0,1646
postal_code_R6C,0.0,0.0,1647
postal_code_R6B,0.0,0.0,1648
postal_code_A6M,0.0,0.0,1649
postal_code_R5Z,0.0,0.0,1650
postal_code_R5G,0.0,0.0,1651
postal_code_R5H,0.0,0.0,1652
postal_code_R5I,0.0,0.0,1653
postal_code_R5J,0.0,0.0,1654
postal_code_R5K,0.0,0.0,1655
postal_code_R5L,0.0,0.0,1656
postal_code_R5M,0.0,0.0,1657
postal_code_R5N,0.0,0.0,1658
postal_code_R5O,0.0,0.0,1659
postal_code_R5P,0.0,0.0,1660
postal_code_R5Q,0.0,0.0,1661
postal_code_R5R,0.0,0.0,1662
postal_code_R5S,0.0,0.0,1663
postal_code_A6N,0.0,0.0,1664
postal_code_R5U,0.0,0.0,1665
postal_code_R5V,0.0,0.0,1666
postal_code_R5W,0.0,0.0,1667
postal_code_R5X,0.0,0.0,1668
postal_code_R5Y,0.0,0.0,1669
postal_code_R6Y,0.0,0.0,1670
postal_code_R6Z,0.0,0.0,1671
postal_code_R7A,0.0,0.0,1672
postal_code_R8B,0.0,0.0,1673
postal_code_R8D,0.0,0.0,1674
postal_code_R8F,0.0,0.0,1675
postal_code_R8G,0.0,0.0,1676
postal_code_R8I,0.0,0.0,1677
postal_code_R8J,0.0,0.0,1678
postal_code_R8K,0.0,0.0,1679
postal_code_R8L,0.0,0.0,1680
postal_code_R8M,0.0,0.0,1681
postal_code_R8N,0.0,0.0,1682
postal_code_R8O,0.0,0.0,1683
postal_code_R8P,0.0,0.0,1684
postal_code_R8Q,0.0,0.0,1685
postal_code_R8R,0.0,0.0,1686
postal_code_R8S,0.0,0.0,1687
postal_code_R8T,0.0,0.0,1688
postal_code_R8U,0.0,0.0,1689
postal_code_R8V,0.0,0.0,1690
postal_code_R8W,0.0,0.0,1691
postal_code_R8X,0.0,0.0,1692
postal_code_R8C,0.0,0.0,1693
postal_code_R8A,0.0,0.0,1694
postal_code_R7B,0.0,0.0,1695
postal_code_R7Y,0.0,0.0,1696
postal_code_R7C,0.0,0.0,1697
postal_code_R7D,0.0,0.0,1698
postal_code_R7E,0.0,0.0,1699
postal_code_R7F,0.0,0.0,1700
postal_code_R7G,0.0,0.0,1701
postal_code_R7H,0.0,0.0,1702
postal_code_R7I,0.0,0.0,1703
postal_code_R7J,0.0,0.0,1704
postal_code_R7K,0.0,0.0,1705
postal_code_R7L,0.0,0.0,1706
postal_code_R7M,0.0,0.0,1707
postal_code_R7N,0.0,0.0,1708
postal_code_A6G,0.0,0.0,1709
postal_code_R7R,0.0,0.0,1710
postal_code_R7T,0.0,0.0,1711
postal_code_R7U,0.0,0.0,1712
postal_code_R7V,0.0,0.0,1713
postal_code_R7W,0.0,0.0,1714
postal_code_R7X,0.0,0.0,1715
postal_code_S4F,0.0,0.0,1716
postal_code_S4H,0.0,0.0,1717
postal_code_A4Y,0.0,0.0,1718
postal_code_A6A,0.0,0.0,1719
postal_code_S9X,0.0,0.0,1720
postal_code_S9Y,0.0,0.0,1721
postal_code_S9Z,0.0,0.0,1722
postal_code_A6B,0.0,0.0,1723
postal_code_T1B,0.0,0.0,1724
postal_code_T1C,0.0,0.0,1725
postal_code_T1D,0.0,0.0,1726
postal_code_T1E,0.0,0.0,1727
postal_code_T1F,0.0,0.0,1728
postal_code_T1H,0.0,0.0,1729
postal_code_S8V,0.0,0.0,1730
postal_code_A5Z,0.0,0.0,1731
postal_code_T1K,0.0,0.0,1732
postal_code_T1L,0.0,0.0,1733
postal_code_T1M,0.0,0.0,1734
postal_code_A5X,0.0,0.0,1735
postal_code_A5W,0.0,0.0,1736
postal_code_T1Q,0.0,0.0,1737
postal_code_A5V,0.0,0.0,1738
postal_code_A5T,0.0,0.0,1739
postal_code_S9W,0.0,0.0,1740
postal_code_S9V,0.0,0.0,1741
postal_code_S9U,0.0,0.0,1742
postal_code_S9T,0.0,0.0,1743
postal_code_S8X,0.0,0.0,1744
postal_code_S8Y,0.0,0.0,1745
postal_code_S8Z,0.0,0.0,1746
postal_code_S9A,0.0,0.0,1747
postal_code_S9D,0.0,0.0,1748
postal_code_S9E,0.0,0.0,1749
postal_code_S9G,0.0,0.0,1750
postal_code_S9H,0.0,0.0,1751
postal_code_S9I,0.0,0.0,1752
postal_code_S9J,0.0,0.0,1753
postal_code_S9K,0.0,0.0,1754
postal_code_S9L,0.0,0.0,1755
postal_code_S9M,0.0,0.0,1756
postal_code_S9N,0.0,0.0,1757
postal_code_S9O,0.0,0.0,1758
postal_code_S9P,0.0,0.0,1759
postal_code_S9Q,0.0,0.0,1760
postal_code_S9R,0.0,0.0,1761
postal_code_A6C,0.0,0.0,1762
postal_code_A5P,0.0,0.0,1763
postal_code_A5N,0.0,0.0,1764
postal_code_T1V,0.0,0.0,1765
postal_code_T2U,0.0,0.0,1766
postal_code_T2W,0.0,0.0,1767
postal_code_T2X,0.0,0.0,1768
postal_code_T2Y,0.0,0.0,1769
postal_code_T2Z,0.0,0.0,1770
postal_code_T3B,0.0,0.0,1771
postal_code_T3C,0.0,0.0,1772
postal_code_T3D,0.0,0.0,1773
postal_code_T3E,0.0,0.0,1774
postal_code_T3F,0.0,0.0,1775
postal_code_T3G,0.0,0.0,1776
postal_code_A5B,0.0,0.0,1777
postal_code_T3I,0.0,0.0,1778
postal_code_T3J,0.0,0.0,1779
postal_code_T3K,0.0,0.0,1780
postal_code_T3L,0.0,0.0,1781
postal_code_T3M,0.0,0.0,1782
postal_code_T3N,0.0,0.0,1783
postal_code_T3O,0.0,0.0,1784
postal_code_A5A,0.0,0.0,1785
postal_code_T2V,0.0,0.0,1786
postal_code_T2S,0.0,0.0,1787
postal_code_T1W,0.0,0.0,1788
postal_code_A5C,0.0,0.0,1789
postal_code_T1X,0.0,0.0,1790
postal_code_T1Y,0.0,0.0,1791
postal_code_T1Z,0.0,0.0,1792
postal_code_T2A,0.0,0.0,1793
postal_code_T2B,0.0,0.0,1794
postal_code_A5J,0.0,0.0,1795
postal_code_T2D,0.0,0.0,1796
postal_code_T2E,0.0,0.0,1797
postal_code_T2F,0.0,0.0,1798
postal_code_T2G,0.0,0.0,1799
postal_code_T2H,0.0,0.0,1800
postal_code_T2I,0.0,0.0,1801
postal_code_T2J,0.0,0.0,1802
postal_code_T2K,0.0,0.0,1803
postal_code_T2L,0.0,0.0,1804
postal_code_A5I,0.0,0.0,1805
postal_code_A5F,0.0,0.0,1806
postal_code_T2P,0.0,0.0,1807
postal_code_T2Q,0.0,0.0,1808
postal_code_S8W,0.0,0.0,1809
postal_code_S8U,0.0,0.0,1810
postal_code_S4J,0.0,0.0,1811
postal_code_S6F,0.0,0.0,1812
postal_code_S5P,0.0,0.0,1813
postal_code_S5Q,0.0,0.0,1814
postal_code_S5T,0.0,0.0,1815
postal_code_S5U,0.0,0.0,1816
postal_code_S5Y,0.0,0.0,1817
postal_code_S5Z,0.0,0.0,1818
postal_code_S6B,0.0,0.0,1819
postal_code_S6D,0.0,0.0,1820
postal_code_S6E,0.0,0.0,1821
postal_code_S6G,0.0,0.0,1822
postal_code_S8T,0.0,0.0,1823
postal_code_S6H,0.0,0.0,1824
postal_code_S6I,0.0,0.0,1825
postal_code_S6J,0.0,0.0,1826
postal_code_S6M,0.0,0.0,1827
postal_code_S6N,0.0,0.0,1828
postal_code_S6O,0.0,0.0,1829
postal_code_S6P,0.0,0.0,1830
postal_code_S6Q,0.0,0.0,1831
postal_code_S6R,0.0,0.0,1832
postal_code_S5O,0.0,0.0,1833
postal_code_S5N,0.0,0.0,1834
postal_code_S5M,0.0,0.0,1835
postal_code_S5L,0.0,0.0,1836
postal_code_S4L,0.0,0.0,1837
postal_code_S4M,0.0,0.0,1838
postal_code_S4N,0.0,0.0,1839
postal_code_S4Q,0.0,0.0,1840
postal_code_S4R,0.0,0.0,1841
postal_code_S4S,0.0,0.0,1842
postal_code_S4T,0.0,0.0,1843
postal_code_S4U,0.0,0.0,1844
postal_code_S4X,0.0,0.0,1845
postal_code_S4Y,0.0,0.0,1846
postal_code_S4Z,0.0,0.0,1847
postal_code_S5B,0.0,0.0,1848
postal_code_S5C,0.0,0.0,1849
postal_code_S5E,0.0,0.0,1850
postal_code_S5G,0.0,0.0,1851
postal_code_S5H,0.0,0.0,1852
postal_code_S5I,0.0,0.0,1853
postal_code_S5J,0.0,0.0,1854
postal_code_S5K,0.0,0.0,1855
postal_code_S6S,0.0,0.0,1856
postal_code_S6T,0.0,0.0,1857
postal_code_S6V,0.0,0.0,1858
postal_code_S7X,0.0,0.0,1859
postal_code_S7Z,0.0,0.0,1860
postal_code_S8A,0.0,0.0,1861
postal_code_S8B,0.0,0.0,1862
postal_code_S8C,0.0,0.0,1863
postal_code_A6D,0.0,0.0,1864
postal_code_S8E,0.0,0.0,1865
postal_code_S8F,0.0,0.0,1866
postal_code_S8G,0.0,0.0,1867
postal_code_S8H,0.0,0.0,1868
postal_code_S8I,0.0,0.0,1869
postal_code_S8J,0.0,0.0,1870
postal_code_S8K,0.0,0.0,1871
postal_code_S8M,0.0,0.0,1872
postal_code_S8N,0.0,0.0,1873
postal_code_S8O,0.0,0.0,1874
postal_code_S8P,0.0,0.0,1875
postal_code_S8Q,0.0,0.0,1876
postal_code_S8R,0.0,0.0,1877
postal_code_S8S,0.0,0.0,1878
postal_code_S7Y,0.0,0.0,1879
postal_code_S7W,0.0,0.0,1880
postal_code_S6X,0.0,0.0,1881
postal_code_S7V,0.0,0.0,1882
postal_code_S6Y,0.0,0.0,1883
postal_code_S6Z,0.0,0.0,1884
postal_code_S7A,0.0,0.0,1885
postal_code_S7C,0.0,0.0,1886
postal_code_S7E,0.0,0.0,1887
postal_code_S7F,0.0,0.0,1888
postal_code_S7G,0.0,0.0,1889
postal_code_S7I,0.0,0.0,1890
postal_code_S7K,0.0,0.0,1891
postal_code_S7L,0.0,0.0,1892
postal_code_S7M,0.0,0.0,1893
postal_code_S7N,0.0,0.0,1894
postal_code_S7O,0.0,0.0,1895
postal_code_S7P,0.0,0.0,1896
postal_code_S7Q,0.0,0.0,1897
postal_code_S7R,0.0,0.0,1898
postal_code_S7S,0.0,0.0,1899
postal_code_S7T,0.0,0.0,1900
postal_code_S7U,0.0,0.0,1901
postal_code_M4D,0.0,0.0,1902
postal_code_M3J,0.0,0.0,1903
postal_code_B2B,0.0,0.0,1904
postal_code_G8U,0.0,0.0,1905
postal_code_G8L,0.0,0.0,1906
postal_code_B7F,0.0,0.0,1907
postal_code_G8N,0.0,0.0,1908
postal_code_G8O,0.0,0.0,1909
postal_code_B7E,0.0,0.0,1910
postal_code_B7D,0.0,0.0,1911
postal_code_G8R,0.0,0.0,1912
postal_code_G8S,0.0,0.0,1913
postal_code_G8T,0.0,0.0,1914
postal_code_G8W,0.0,0.0,1915
postal_code_B7G,0.0,0.0,1916
postal_code_G8X,0.0,0.0,1917
postal_code_G8Y,0.0,0.0,1918
postal_code_G8Z,0.0,0.0,1919
postal_code_G9A,0.0,0.0,1920
postal_code_G9B,0.0,0.0,1921
postal_code_G9C,0.0,0.0,1922
postal_code_G9D,0.0,0.0,1923
postal_code_G9E,0.0,0.0,1924
postal_code_B7C,0.0,0.0,1925
postal_code_G8K,0.0,0.0,1926
postal_code_G8I,0.0,0.0,1927
postal_code_G7L,0.0,0.0,1928
postal_code_G7W,0.0,0.0,1929
postal_code_G7N,0.0,0.0,1930
postal_code_G7O,0.0,0.0,1931
postal_code_G7P,0.0,0.0,1932
postal_code_G7Q,0.0,0.0,1933
postal_code_G7R,0.0,0.0,1934
postal_code_G7S,0.0,0.0,1935
postal_code_G7T,0.0,0.0,1936
postal_code_G7U,0.0,0.0,1937
postal_code_G7V,0.0,0.0,1938
postal_code_G7X,0.0,0.0,1939
postal_code_G8H,0.0,0.0,1940
postal_code_G7Y,0.0,0.0,1941
postal_code_G7Z,0.0,0.0,1942
postal_code_G8A,0.0,0.0,1943
postal_code_G8B,0.0,0.0,1944
postal_code_G8C,0.0,0.0,1945
postal_code_G8D,0.0,0.0,1946
postal_code_G8E,0.0,0.0,1947
postal_code_G8F,0.0,0.0,1948
postal_code_G8G,0.0,0.0,1949
postal_code_G9G,0.0,0.0,1950
postal_code_B7B,0.0,0.0,1951
postal_code_G9I,0.0,0.0,1952
postal_code_H1Q,0.0,0.0,1953
postal_code_H1H,0.0,0.0,1954
postal_code_H1I,0.0,0.0,1955
postal_code_H1J,0.0,0.0,1956
postal_code_H1K,0.0,0.0,1957
postal_code_H1L,0.0,0.0,1958
postal_code_H1M,0.0,0.0,1959
postal_code_H1N,0.0,0.0,1960
postal_code_H1O,0.0,0.0,1961
postal_code_H1P,0.0,0.0,1962
postal_code_H1R,0.0,0.0,1963
postal_code_G9J,0.0,0.0,1964
postal_code_H1S,0.0,0.0,1965
postal_code_H1T,0.0,0.0,1966
postal_code_H1U,0.0,0.0,1967
postal_code_H1V,0.0,0.0,1968
postal_code_H1W,0.0,0.0,1969
postal_code_H1X,0.0,0.0,1970
postal_code_H1Y,0.0,0.0,1971
postal_code_H1Z,0.0,0.0,1972
postal_code_H2A,0.0,0.0,1973
postal_code_B6Y,0.0,0.0,1974
postal_code_H1F,0.0,0.0,1975
postal_code_H1E,0.0,0.0,1976
postal_code_H1D,0.0,0.0,1977
postal_code_G9K,0.0,0.0,1978
postal_code_G9L,0.0,0.0,1979
postal_code_G9M,0.0,0.0,1980
postal_code_G9N,0.0,0.0,1981
postal_code_G9O,0.0,0.0,1982
postal_code_G9P,0.0,0.0,1983
postal_code_G9Q,0.0,0.0,1984
postal_code_G9R,0.0,0.0,1985
postal_code_G9S,0.0,0.0,1986
postal_code_G9T,0.0,0.0,1987
postal_code_G9U,0.0,0.0,1988
postal_code_G9V,0.0,0.0,1989
postal_code_G9W,0.0,0.0,1990
postal_code_G9X,0.0,0.0,1991
postal_code_G9Y,0.0,0.0,1992
postal_code_G9Z,0.0,0.0,1993
postal_code_H1A,0.0,0.0,1994
postal_code_H1B,0.0,0.0,1995
postal_code_H1C,0.0,0.0,1996
postal_code_G7M,0.0,0.0,1997
postal_code_G7K,0.0,0.0,1998
postal_code_B6X,0.0,0.0,1999
postal_code_G5B,0.0,0.0,2000
postal_code_G4S,0.0,0.0,2001
postal_code_G4T,0.0,0.0,2002
postal_code_G4U,0.0,0.0,2003
postal_code_G4V,0.0,0.0,2004
postal_code_G4W,0.0,0.0,2005
postal_code_G4X,0.0,0.0,2006
postal_code_G4Y,0.0,0.0,2007
postal_code_B7O,0.0,0.0,2008
postal_code_G5A,0.0,0.0,2009
postal_code_G5C,0.0,0.0,2010
postal_code_G4Q,0.0,0.0,2011
postal_code_G5D,0.0,0.0,2012
postal_code_G5E,0.0,0.0,2013
postal_code_G5F,0.0,0.0,2014
postal_code_G5G,0.0,0.0,2015
postal_code_B7N,0.0,0.0,2016
postal_code_G5J,0.0,0.0,2017
postal_code_G5K,0.0,0.0,2018
postal_code_G5L,0.0,0.0,2019
postal_code_G5M,0.0,0.0,2020
postal_code_G4R,0.0,0.0,2021
postal_code_B7P,0.0,0.0,2022
postal_code_G7J,0.0,0.0,2023
postal_code_G4D,0.0,0.0,2024
postal_code_B7U,0.0,0.0,2025
postal_code_B7T,0.0,0.0,2026
postal_code_G3W,0.0,0.0,2027
postal_code_G3X,0.0,0.0,2028
postal_code_G3Y,0.0,0.0,2029
postal_code_G3Z,0.0,0.0,2030
postal_code_G4A,0.0,0.0,2031
postal_code_G4B,0.0,0.0,2032
postal_code_G4C,0.0,0.0,2033
postal_code_G4E,0.0,0.0,2034
postal_code_G4O,0.0,0.0,2035
postal_code_G4F,0.0,0.0,2036
postal_code_G4G,0.0,0.0,2037
postal_code_G4H,0.0,0.0,2038
postal_code_G4I,0.0,0.0,2039
postal_code_G4J,0.0,0.0,2040
postal_code_G4K,0.0,0.0,2041
postal_code_B7R,0.0,0.0,2042
postal_code_G4M,0.0,0.0,2043
postal_code_G4N,0.0,0.0,2044
postal_code_G5N,0.0,0.0,2045
postal_code_G5O,0.0,0.0,2046
postal_code_G5P,0.0,0.0,2047
postal_code_G6X,0.0,0.0,2048
postal_code_G6O,0.0,0.0,2049
postal_code_G6P,0.0,0.0,2050
postal_code_B7I,0.0,0.0,2051
postal_code_G6R,0.0,0.0,2052
postal_code_G6S,0.0,0.0,2053
postal_code_G6T,0.0,0.0,2054
postal_code_G6U,0.0,0.0,2055
postal_code_G6V,0.0,0.0,2056
postal_code_G6W,0.0,0.0,2057
postal_code_G6Y,0.0,0.0,2058
postal_code_G5Q,0.0,0.0,2059
postal_code_B7H,0.0,0.0,2060
postal_code_G7A,0.0,0.0,2061
postal_code_G7B,0.0,0.0,2062
postal_code_G7C,0.0,0.0,2063
postal_code_G7D,0.0,0.0,2064
postal_code_G7E,0.0,0.0,2065
postal_code_G7F,0.0,0.0,2066
postal_code_G7G,0.0,0.0,2067
postal_code_G7H,0.0,0.0,2068
postal_code_G6N,0.0,0.0,2069
postal_code_G6M,0.0,0.0,2070
postal_code_G6L,0.0,0.0,2071
postal_code_G6K,0.0,0.0,2072
postal_code_G5R,0.0,0.0,2073
postal_code_G5S,0.0,0.0,2074
postal_code_G5T,0.0,0.0,2075
postal_code_G5U,0.0,0.0,2076
postal_code_G5V,0.0,0.0,2077
postal_code_G5W,0.0,0.0,2078
postal_code_G5X,0.0,0.0,2079
postal_code_G5Y,0.0,0.0,2080
postal_code_B7M,0.0,0.0,2081
postal_code_G6A,0.0,0.0,2082
postal_code_G6B,0.0,0.0,2083
postal_code_B7L,0.0,0.0,2084
postal_code_G6D,0.0,0.0,2085
postal_code_G6E,0.0,0.0,2086
postal_code_G6F,0.0,0.0,2087
postal_code_G6G,0.0,0.0,2088
postal_code_G6H,0.0,0.0,2089
postal_code_B7J,0.0,0.0,2090
postal_code_G6J,0.0,0.0,2091
postal_code_H2C,0.0,0.0,2092
postal_code_H2E,0.0,0.0,2093
postal_code_B7X,0.0,0.0,2094
postal_code_H7H,0.0,0.0,2095
postal_code_B6G,0.0,0.0,2096
postal_code_H6Z,0.0,0.0,2097
postal_code_H7A,0.0,0.0,2098
postal_code_H7B,0.0,0.0,2099
postal_code_B6F,0.0,0.0,2100
postal_code_H7D,0.0,0.0,2101
postal_code_H7E,0.0,0.0,2102
postal_code_H7F,0.0,0.0,2103
postal_code_H7G,0.0,0.0,2104
postal_code_B6E,0.0,0.0,2105
postal_code_H6W,0.0,0.0,2106
postal_code_B6C,0.0,0.0,2107
postal_code_H7K,0.0,0.0,2108
postal_code_H7L,0.0,0.0,2109
postal_code_H7M,0.0,0.0,2110
postal_code_H7N,0.0,0.0,2111
postal_code_B6B,0.0,0.0,2112
postal_code_H7P,0.0,0.0,2113
postal_code_H7Q,0.0,0.0,2114
postal_code_H7R,0.0,0.0,2115
postal_code_B6H,0.0,0.0,2116
postal_code_H6V,0.0,0.0,2117
postal_code_H5X,0.0,0.0,2118
postal_code_H6J,0.0,0.0,2119
postal_code_H5Z,0.0,0.0,2120
postal_code_H6A,0.0,0.0,2121
postal_code_H6B,0.0,0.0,2122
postal_code_H6C,0.0,0.0,2123
postal_code_H6D,0.0,0.0,2124
postal_code_H6E,0.0,0.0,2125
postal_code_B6M,0.0,0.0,2126
postal_code_H6H,0.0,0.0,2127
postal_code_H6I,0.0,0.0,2128
postal_code_H6K,0.0,0.0,2129
postal_code_H6U,0.0,0.0,2130
postal_code_H6L,0.0,0.0,2131
postal_code_B6I,0.0,0.0,2132
postal_code_H6N,0.0,0.0,2133
postal_code_H6O,0.0,0.0,2134
postal_code_H6P,0.0,0.0,2135
postal_code_H6Q,0.0,0.0,2136
postal_code_H6R,0.0,0.0,2137
postal_code_H6S,0.0,0.0,2138
postal_code_H6T,0.0,0.0,2139
postal_code_B6A,0.0,0.0,2140
postal_code_H7T,0.0,0.0,2141
postal_code_H7U,0.0,0.0,2142
postal_code_H9D,0.0,0.0,2143
postal_code_H8U,0.0,0.0,2144
postal_code_H8V,0.0,0.0,2145
postal_code_H8W,0.0,0.0,2146
postal_code_H8X,0.0,0.0,2147
postal_code_H8Y,0.0,0.0,2148
postal_code_H8Z,0.0,0.0,2149
postal_code_H9A,0.0,0.0,2150
postal_code_H9B,0.0,0.0,2151
postal_code_H9C,0.0,0.0,2152
postal_code_H9E,0.0,0.0,2153
postal_code_H7V,0.0,0.0,2154
postal_code_H9F,0.0,0.0,2155
postal_code_H9G,0.0,0.0,2156
postal_code_H9H,0.0,0.0,2157
postal_code_B5Z,0.0,0.0,2158
postal_code_H9J,0.0,0.0,2159
postal_code_H9K,0.0,0.0,2160
postal_code_H9L,0.0,0.0,2161
postal_code_H9M,0.0,0.0,2162
postal_code_H9N,0.0,0.0,2163
postal_code_H8T,0.0,0.0,2164
postal_code_H8S,0.0,0.0,2165
postal_code_H8R,0.0,0.0,2166
postal_code_H8Q,0.0,0.0,2167
postal_code_H7W,0.0,0.0,2168
postal_code_H7X,0.0,0.0,2169
postal_code_H7Y,0.0,0.0,2170
postal_code_H7Z,0.0,0.0,2171
postal_code_H8A,0.0,0.0,2172
postal_code_H8B,0.0,0.0,2173
postal_code_H8C,0.0,0.0,2174
postal_code_H8D,0.0,0.0,2175
postal_code_H8E,0.0,0.0,2176
postal_code_H8F,0.0,0.0,2177
postal_code_H8G,0.0,0.0,2178
postal_code_H8H,0.0,0.0,2179
postal_code_H8I,0.0,0.0,2180
postal_code_H8J,0.0,0.0,2181
postal_code_H8K,0.0,0.0,2182
postal_code_H8M,0.0,0.0,2183
postal_code_H8N,0.0,0.0,2184
postal_code_H8O,0.0,0.0,2185
postal_code_H8P,0.0,0.0,2186
postal_code_H5Y,0.0,0.0,2187
postal_code_H5W,0.0,0.0,2188
postal_code_H2F,0.0,0.0,2189
postal_code_H3N,0.0,0.0,2190
postal_code_B6V,0.0,0.0,2191
postal_code_H3F,0.0,0.0,2192
postal_code_H3G,0.0,0.0,2193
postal_code_B6U,0.0,0.0,2194
postal_code_H3I,0.0,0.0,2195
postal_code_H3J,0.0,0.0,2196
postal_code_H3K,0.0,0.0,2197
postal_code_H3L,0.0,0.0,2198
postal_code_B6T,0.0,0.0,2199
postal_code_H3O,0.0,0.0,2200
postal_code_B6W,0.0,0.0,2201
postal_code_B6S,0.0,0.0,2202
postal_code_H3Q,0.0,0.0,2203
postal_code_H3R,0.0,0.0,2204
postal_code_H3S,0.0,0.0,2205
postal_code_H3T,0.0,0.0,2206
postal_code_H3U,0.0,0.0,2207
postal_code_H3V,0.0,0.0,2208
postal_code_H3W,0.0,0.0,2209
postal_code_H3X,0.0,0.0,2210
postal_code_H3D,0.0,0.0,2211
postal_code_H3B,0.0,0.0,2212
postal_code_H5U,0.0,0.0,2213
postal_code_H2P,0.0,0.0,2214
postal_code_H2G,0.0,0.0,2215
postal_code_H2H,0.0,0.0,2216
postal_code_H2I,0.0,0.0,2217
postal_code_H2J,0.0,0.0,2218
postal_code_H2K,0.0,0.0,2219
postal_code_H2L,0.0,0.0,2220
postal_code_H2M,0.0,0.0,2221
postal_code_H2N,0.0,0.0,2222
postal_code_H2O,0.0,0.0,2223
postal_code_H2Q,0.0,0.0,2224
postal_code_H3A,0.0,0.0,2225
postal_code_H2R,0.0,0.0,2226
postal_code_H2S,0.0,0.0,2227
postal_code_H2T,0.0,0.0,2228
postal_code_H2U,0.0,0.0,2229
postal_code_H2V,0.0,0.0,2230
postal_code_H2W,0.0,0.0,2231
postal_code_H2X,0.0,0.0,2232
postal_code_H2Y,0.0,0.0,2233
postal_code_H2Z,0.0,0.0,2234
postal_code_H3Y,0.0,0.0,2235
postal_code_H3Z,0.0,0.0,2236
postal_code_H4A,0.0,0.0,2237
postal_code_H5I,0.0,0.0,2238
postal_code_H4Z,0.0,0.0,2239
postal_code_H5A,0.0,0.0,2240
postal_code_H5B,0.0,0.0,2241
postal_code_H5C,0.0,0.0,2242
postal_code_H5D,0.0,0.0,2243
postal_code_H5E,0.0,0.0,2244
postal_code_B6Q,0.0,0.0,2245
postal_code_H5G,0.0,0.0,2246
postal_code_H5H,0.0,0.0,2247
postal_code_B6P,0.0,0.0,2248
postal_code_H4B,0.0,0.0,2249
postal_code_B6N,0.0,0.0,2250
postal_code_H5L,0.0,0.0,2251
postal_code_H5N,0.0,0.0,2252
postal_code_H5O,0.0,0.0,2253
postal_code_H5P,0.0,0.0,2254
postal_code_H5Q,0.0,0.0,2255
postal_code_H5R,0.0,0.0,2256
postal_code_H5S,0.0,0.0,2257
postal_code_H5T,0.0,0.0,2258
postal_code_H4Y,0.0,0.0,2259
postal_code_H4X,0.0,0.0,2260
postal_code_H4W,0.0,0.0,2261
postal_code_H4V,0.0,0.0,2262
postal_code_H4C,0.0,0.0,2263
postal_code_H4D,0.0,0.0,2264
postal_code_H4E,0.0,0.0,2265
postal_code_H4F,0.0,0.0,2266
postal_code_H4G,0.0,0.0,2267
postal_code_H4H,0.0,0.0,2268
postal_code_H4I,0.0,0.0,2269
postal_code_H4J,0.0,0.0,2270
postal_code_H4K,0.0,0.0,2271
postal_code_H4L,0.0,0.0,2272
postal_code_H4M,0.0,0.0,2273
postal_code_H4N,0.0,0.0,2274
postal_code_B6R,0.0,0.0,2275
postal_code_H4P,0.0,0.0,2276
postal_code_H4Q,0.0,0.0,2277
postal_code_H4R,0.0,0.0,2278
postal_code_H4S,0.0,0.0,2279
postal_code_H4T,0.0,0.0,2280
postal_code_H4U,0.0,0.0,2281
postal_code_B7W,0.0,0.0,2282
postal_code_G3R,0.0,0.0,2283
postal_code_H9P,0.0,0.0,2284
postal_code_C8F,0.0,0.0,2285
postal_code_C7Q,0.0,0.0,2286
postal_code_C7S,0.0,0.0,2287
postal_code_C7T,0.0,0.0,2288
postal_code_C7V,0.0,0.0,2289
postal_code_C7W,0.0,0.0,2290
postal_code_C7X,0.0,0.0,2291
postal_code_C7Y,0.0,0.0,2292
postal_code_C8C,0.0,0.0,2293
postal_code_C8D,0.0,0.0,2294
postal_code_C8I,0.0,0.0,2295
postal_code_C7N,0.0,0.0,2296
postal_code_C8J,0.0,0.0,2297
postal_code_C8K,0.0,0.0,2298
postal_code_C8M,0.0,0.0,2299
postal_code_C8N,0.0,0.0,2300
postal_code_C8O,0.0,0.0,2301
postal_code_C8U,0.0,0.0,2302
postal_code_C8Z,0.0,0.0,2303
postal_code_C9A,0.0,0.0,2304
postal_code_C9C,0.0,0.0,2305
postal_code_C7O,0.0,0.0,2306
postal_code_C7I,0.0,0.0,2307
postal_code_C5O,0.0,0.0,2308
postal_code_C6T,0.0,0.0,2309
postal_code_C5T,0.0,0.0,2310
postal_code_C5X,0.0,0.0,2311
postal_code_C5Z,0.0,0.0,2312
postal_code_C6A,0.0,0.0,2313
postal_code_C6B,0.0,0.0,2314
postal_code_C6C,0.0,0.0,2315
postal_code_C6N,0.0,0.0,2316
postal_code_C6Q,0.0,0.0,2317
postal_code_C6R,0.0,0.0,2318
postal_code_C6U,0.0,0.0,2319
postal_code_C7G,0.0,0.0,2320
postal_code_C6V,0.0,0.0,2321
postal_code_C6W,0.0,0.0,2322
postal_code_C6X,0.0,0.0,2323
postal_code_C6Y,0.0,0.0,2324
postal_code_C6Z,0.0,0.0,2325
postal_code_C7A,0.0,0.0,2326
postal_code_C7B,0.0,0.0,2327
postal_code_C7C,0.0,0.0,2328
postal_code_C7D,0.0,0.0,2329
postal_code_C9G,0.0,0.0,2330
postal_code_C9H,0.0,0.0,2331
postal_code_C9L,0.0,0.0,2332
postal_code_E2N,0.0,0.0,2333
postal_code_E2A,0.0,0.0,2334
postal_code_E2B,0.0,0.0,2335
postal_code_E2C,0.0,0.0,2336
postal_code_E2D,0.0,0.0,2337
postal_code_E2E,0.0,0.0,2338
postal_code_E2F,0.0,0.0,2339
postal_code_E2G,0.0,0.0,2340
postal_code_E2K,0.0,0.0,2341
postal_code_E2L,0.0,0.0,2342
postal_code_E2P,0.0,0.0,2343
postal_code_C9M,0.0,0.0,2344
postal_code_E2Q,0.0,0.0,2345
postal_code_E2R,0.0,0.0,2346
postal_code_E2T,0.0,0.0,2347
postal_code_E2U,0.0,0.0,2348
postal_code_E2X,0.0,0.0,2349
postal_code_E2Y,0.0,0.0,2350
postal_code_E3A,0.0,0.0,2351
postal_code_E3B,0.0,0.0,2352
postal_code_E3D,0.0,0.0,2353
postal_code_E1Z,0.0,0.0,2354
postal_code_E1Y,0.0,0.0,2355
postal_code_E1X,0.0,0.0,2356
postal_code_E1T,0.0,0.0,2357
postal_code_C9O,0.0,0.0,2358
postal_code_C9P,0.0,0.0,2359
postal_code_C9Q,0.0,0.0,2360
postal_code_C9R,0.0,0.0,2361
postal_code_C9S,0.0,0.0,2362
postal_code_C9U,0.0,0.0,2363
postal_code_C9Y,0.0,0.0,2364
postal_code_C9Z,0.0,0.0,2365
postal_code_E1B,0.0,0.0,2366
postal_code_E1D,0.0,0.0,2367
postal_code_E1E,0.0,0.0,2368
postal_code_E1F,0.0,0.0,2369
postal_code_E1G,0.0,0.0,2370
postal_code_E1H,0.0,0.0,2371
postal_code_E1I,0.0,0.0,2372
postal_code_E1M,0.0,0.0,2373
postal_code_E1O,0.0,0.0,2374
postal_code_E1P,0.0,0.0,2375
postal_code_E1Q,0.0,0.0,2376
postal_code_C5R,0.0,0.0,2377
postal_code_C5N,0.0,0.0,2378
postal_code_E3F,0.0,0.0,2379
postal_code_B9V,0.0,0.0,2380
postal_code_B9J,0.0,0.0,2381
postal_code_B9L,0.0,0.0,2382
postal_code_B9M,0.0,0.0,2383
postal_code_B9N,0.0,0.0,2384
postal_code_B9O,0.0,0.0,2385
postal_code_B9P,0.0,0.0,2386
postal_code_B9S,0.0,0.0,2387
postal_code_B9T,0.0,0.0,2388
postal_code_B9U,0.0,0.0,2389
postal_code_B9W,0.0,0.0,2390
postal_code_B9H,0.0,0.0,2391
postal_code_B9X,0.0,0.0,2392
postal_code_B9Y,0.0,0.0,2393
postal_code_B9Z,0.0,0.0,2394
postal_code_C1A,0.0,0.0,2395
postal_code_C1B,0.0,0.0,2396
postal_code_C1E,0.0,0.0,2397
postal_code_C1G,0.0,0.0,2398
postal_code_C1J,0.0,0.0,2399
postal_code_C1L,0.0,0.0,2400
postal_code_B9I,0.0,0.0,2401
postal_code_B9G,0.0,0.0,2402
postal_code_C5M,0.0,0.0,2403
postal_code_B8Q,0.0,0.0,2404
postal_code_B8H,0.0,0.0,2405
postal_code_B8I,0.0,0.0,2406
postal_code_B8J,0.0,0.0,2407
postal_code_B8K,0.0,0.0,2408
postal_code_B8L,0.0,0.0,2409
postal_code_B8M,0.0,0.0,2410
postal_code_B8N,0.0,0.0,2411
postal_code_B8O,0.0,0.0,2412
postal_code_B8P,0.0,0.0,2413
postal_code_B8R,0.0,0.0,2414
postal_code_B9E,0.0,0.0,2415
postal_code_B8S,0.0,0.0,2416
postal_code_B8T,0.0,0.0,2417
postal_code_B8U,0.0,0.0,2418
postal_code_B8V,0.0,0.0,2419
postal_code_B8W,0.0,0.0,2420
postal_code_B8Y,0.0,0.0,2421
postal_code_B9A,0.0,0.0,2422
postal_code_B9B,0.0,0.0,2423
postal_code_B9D,0.0,0.0,2424
postal_code_C1M,0.0,0.0,2425
postal_code_C1N,0.0,0.0,2426
postal_code_C1R,0.0,0.0,2427
postal_code_C4B,0.0,0.0,2428
postal_code_B8E,0.0,0.0,2429
postal_code_C3P,0.0,0.0,2430
postal_code_C3Q,0.0,0.0,2431
postal_code_C3R,0.0,0.0,2432
postal_code_C3S,0.0,0.0,2433
postal_code_C3V,0.0,0.0,2434
postal_code_C3X,0.0,0.0,2435
postal_code_C3Y,0.0,0.0,2436
postal_code_C3Z,0.0,0.0,2437
postal_code_C4E,0.0,0.0,2438
postal_code_C1U,0.0,0.0,2439
postal_code_C4G,0.0,0.0,2440
postal_code_C4K,0.0,0.0,2441
postal_code_C4P,0.0,0.0,2442
postal_code_C4Q,0.0,0.0,2443
postal_code_C4T,0.0,0.0,2444
postal_code_C5C,0.0,0.0,2445
postal_code_C5E,0.0,0.0,2446
postal_code_C5F,0.0,0.0,2447
postal_code_C5G,0.0,0.0,2448
postal_code_C3N,0.0,0.0,2449
postal_code_C3J,0.0,0.0,2450
postal_code_C3I,0.0,0.0,2451
postal_code_C3H,0.0,0.0,2452
postal_code_C1W,0.0,0.0,2453
postal_code_C1Z,0.0,0.0,2454
postal_code_C2A,0.0,0.0,2455
postal_code_C2C,0.0,0.0,2456
postal_code_C2E,0.0,0.0,2457
postal_code_C2F,0.0,0.0,2458
postal_code_C2I,0.0,0.0,2459
postal_code_C2J,0.0,0.0,2460
postal_code_C2L,0.0,0.0,2461
postal_code_C2M,0.0,0.0,2462
postal_code_C2N,0.0,0.0,2463
postal_code_C2O,0.0,0.0,2464
postal_code_C2Q,0.0,0.0,2465
postal_code_C2T,0.0,0.0,2466
postal_code_C2W,0.0,0.0,2467
postal_code_C3A,0.0,0.0,2468
postal_code_C3B,0.0,0.0,2469
postal_code_C3E,0.0,0.0,2470
postal_code_C3G,0.0,0.0,2471
postal_code_E3E,0.0,0.0,2472
postal_code_E3G,0.0,0.0,2473
postal_code_G3Q,0.0,0.0,2474
postal_code_G1J,0.0,0.0,2475
postal_code_E9Z,0.0,0.0,2476
postal_code_G1B,0.0,0.0,2477
postal_code_G1C,0.0,0.0,2478
postal_code_G1D,0.0,0.0,2479
postal_code_G1E,0.0,0.0,2480
postal_code_G1F,0.0,0.0,2481
postal_code_G1G,0.0,0.0,2482
postal_code_G1H,0.0,0.0,2483
postal_code_G1I,0.0,0.0,2484
postal_code_G1K,0.0,0.0,2485
postal_code_E9X,0.0,0.0,2486
postal_code_B8C,0.0,0.0,2487
postal_code_B8B,0.0,0.0,2488
postal_code_G1N,0.0,0.0,2489
postal_code_G1O,0.0,0.0,2490
postal_code_G1P,0.0,0.0,2491
postal_code_G1Q,0.0,0.0,2492
postal_code_G1R,0.0,0.0,2493
postal_code_B8A,0.0,0.0,2494
postal_code_G1T,0.0,0.0,2495
postal_code_E9Y,0.0,0.0,2496
postal_code_E9V,0.0,0.0,2497
postal_code_E8P,0.0,0.0,2498
postal_code_E9E,0.0,0.0,2499
postal_code_E8R,0.0,0.0,2500
postal_code_E8V,0.0,0.0,2501
postal_code_B8D,0.0,0.0,2502
postal_code_E8X,0.0,0.0,2503
postal_code_E8Y,0.0,0.0,2504
postal_code_E8Z,0.0,0.0,2505
postal_code_E9A,0.0,0.0,2506
postal_code_E9B,0.0,0.0,2507
postal_code_E9C,0.0,0.0,2508
postal_code_E9H,0.0,0.0,2509
postal_code_E9U,0.0,0.0,2510
postal_code_E9I,0.0,0.0,2511
postal_code_E9K,0.0,0.0,2512
postal_code_E9L,0.0,0.0,2513
postal_code_E9M,0.0,0.0,2514
postal_code_E9N,0.0,0.0,2515
postal_code_E9O,0.0,0.0,2516
postal_code_E9P,0.0,0.0,2517
postal_code_E9Q,0.0,0.0,2518
postal_code_E9R,0.0,0.0,2519
postal_code_G1U,0.0,0.0,2520
postal_code_G1V,0.0,0.0,2521
postal_code_G1W,0.0,0.0,2522
postal_code_G3F,0.0,0.0,2523
postal_code_G2V,0.0,0.0,2524
postal_code_B7Z,0.0,0.0,2525
postal_code_B7Y,0.0,0.0,2526
postal_code_G2Y,0.0,0.0,2527
postal_code_G2Z,0.0,0.0,2528
postal_code_G3A,0.0,0.0,2529
postal_code_G3B,0.0,0.0,2530
postal_code_G3D,0.0,0.0,2531
postal_code_G3E,0.0,0.0,2532
postal_code_G3G,0.0,0.0,2533
postal_code_G1X,0.0,0.0,2534
postal_code_G3H,0.0,0.0,2535
postal_code_G3I,0.0,0.0,2536
postal_code_G3J,0.0,0.0,2537
postal_code_G3K,0.0,0.0,2538
postal_code_G3L,0.0,0.0,2539
postal_code_G3M,0.0,0.0,2540
postal_code_G3N,0.0,0.0,2541
postal_code_G3O,0.0,0.0,2542
postal_code_G3P,0.0,0.0,2543
postal_code_G2U,0.0,0.0,2544
postal_code_G2T,0.0,0.0,2545
postal_code_G2S,0.0,0.0,2546
postal_code_G2R,0.0,0.0,2547
postal_code_G1Y,0.0,0.0,2548
postal_code_G1Z,0.0,0.0,2549
postal_code_G2A,0.0,0.0,2550
postal_code_G2B,0.0,0.0,2551
postal_code_G2C,0.0,0.0,2552
postal_code_G2D,0.0,0.0,2553
postal_code_G2E,0.0,0.0,2554
postal_code_G2F,0.0,0.0,2555
postal_code_G2G,0.0,0.0,2556
postal_code_G2H,0.0,0.0,2557
postal_code_G2I,0.0,0.0,2558
postal_code_G2J,0.0,0.0,2559
postal_code_G2K,0.0,0.0,2560
postal_code_G2L,0.0,0.0,2561
postal_code_G2M,0.0,0.0,2562
postal_code_G2N,0.0,0.0,2563
postal_code_G2O,0.0,0.0,2564
postal_code_G2P,0.0,0.0,2565
postal_code_G2Q,0.0,0.0,2566
postal_code_E8Q,0.0,0.0,2567
postal_code_E8M,0.0,0.0,2568
postal_code_E3H,0.0,0.0,2569
postal_code_E5H,0.0,0.0,2570
postal_code_E4V,0.0,0.0,2571
postal_code_E4W,0.0,0.0,2572
postal_code_E4Y,0.0,0.0,2573
postal_code_E5B,0.0,0.0,2574
postal_code_E5C,0.0,0.0,2575
postal_code_E5D,0.0,0.0,2576
postal_code_E5E,0.0,0.0,2577
postal_code_E5F,0.0,0.0,2578
postal_code_E5G,0.0,0.0,2579
postal_code_E5I,0.0,0.0,2580
postal_code_E4R,0.0,0.0,2581
postal_code_E5J,0.0,0.0,2582
postal_code_E5K,0.0,0.0,2583
postal_code_E5L,0.0,0.0,2584
postal_code_E5M,0.0,0.0,2585
postal_code_E5N,0.0,0.0,2586
postal_code_E5P,0.0,0.0,2587
postal_code_E5Q,0.0,0.0,2588
postal_code_E5R,0.0,0.0,2589
postal_code_E5T,0.0,0.0,2590
postal_code_E4U,0.0,0.0,2591
postal_code_E4Q,0.0,0.0,2592
postal_code_E8K,0.0,0.0,2593
postal_code_E3Y,0.0,0.0,2594
postal_code_E3K,0.0,0.0,2595
postal_code_E3M,0.0,0.0,2596
postal_code_E3O,0.0,0.0,2597
postal_code_E3P,0.0,0.0,2598
postal_code_E3Q,0.0,0.0,2599
postal_code_E3R,0.0,0.0,2600
postal_code_E3S,0.0,0.0,2601
postal_code_E3U,0.0,0.0,2602
postal_code_E3X,0.0,0.0,2603
postal_code_E3Z,0.0,0.0,2604
postal_code_E4O,0.0,0.0,2605
postal_code_E4A,0.0,0.0,2606
postal_code_E4C,0.0,0.0,2607
postal_code_E4D,0.0,0.0,2608
postal_code_E4E,0.0,0.0,2609
postal_code_E4F,0.0,0.0,2610
postal_code_E4J,0.0,0.0,2611
postal_code_E4K,0.0,0.0,2612
postal_code_E4L,0.0,0.0,2613
postal_code_E4M,0.0,0.0,2614
postal_code_E5U,0.0,0.0,2615
postal_code_E5V,0.0,0.0,2616
postal_code_E6A,0.0,0.0,2617
postal_code_E7T,0.0,0.0,2618
postal_code_E7G,0.0,0.0,2619
postal_code_E7I,0.0,0.0,2620
postal_code_E7K,0.0,0.0,2621
postal_code_E7L,0.0,0.0,2622
postal_code_E7M,0.0,0.0,2623
postal_code_E7O,0.0,0.0,2624
postal_code_E7Q,0.0,0.0,2625
postal_code_E7R,0.0,0.0,2626
postal_code_E7S,0.0,0.0,2627
postal_code_E7U,0.0,0.0,2628
postal_code_E6B,0.0,0.0,2629
postal_code_E7W,0.0,0.0,2630
postal_code_E7X,0.0,0.0,2631
postal_code_E7Y,0.0,0.0,2632
postal_code_E7Z,0.0,0.0,2633
postal_code_E8C,0.0,0.0,2634
postal_code_E8E,0.0,0.0,2635
postal_code_E8F,0.0,0.0,2636
postal_code_E8G,0.0,0.0,2637
postal_code_E8J,0.0,0.0,2638
postal_code_E7F,0.0,0.0,2639
postal_code_E7D,0.0,0.0,2640
postal_code_E7C,0.0,0.0,2641
postal_code_E7B,0.0,0.0,2642
postal_code_E6C,0.0,0.0,2643
postal_code_E6D,0.0,0.0,2644
postal_code_E6F,0.0,0.0,2645
postal_code_E6G,0.0,0.0,2646
postal_code_E6H,0.0,0.0,2647
postal_code_E6I,0.0,0.0,2648
postal_code_E6J,0.0,0.0,2649
postal_code_E6K,0.0,0.0,2650
postal_code_E6L,0.0,0.0,2651
postal_code_E6M,0.0,0.0,2652
postal_code_E6Q,0.0,0.0,2653
postal_code_E6R,0.0,0.0,2654
postal_code_E6S,0.0,0.0,2655
postal_code_E6T,0.0,0.0,2656
postal_code_E6U,0.0,0.0,2657
postal_code_E6V,0.0,0.0,2658
postal_code_E6X,0.0,0.0,2659
postal_code_E6Y,0.0,0.0,2660
postal_code_E7A,0.0,0.0,2661
postal_code_H9O,0.0,0.0,2662
postal_code_H9Q,0.0,0.0,2663
postal_code_M4A,0.0,0.0,2664
postal_code_L3C,0.0,0.0,2665
postal_code_L2T,0.0,0.0,2666
postal_code_L2U,0.0,0.0,2667
postal_code_L2V,0.0,0.0,2668
postal_code_L2W,0.0,0.0,2669
postal_code_L2X,0.0,0.0,2670
postal_code_L2Y,0.0,0.0,2671
postal_code_L2Z,0.0,0.0,2672
postal_code_L3A,0.0,0.0,2673
postal_code_L3B,0.0,0.0,2674
postal_code_L3D,0.0,0.0,2675
postal_code_L2R,0.0,0.0,2676
postal_code_L3E,0.0,0.0,2677
postal_code_L3F,0.0,0.0,2678
postal_code_L3G,0.0,0.0,2679
postal_code_L3I,0.0,0.0,2680
postal_code_L3J,0.0,0.0,2681
postal_code_L3K,0.0,0.0,2682
postal_code_B3K,0.0,0.0,2683
postal_code_L3M,0.0,0.0,2684
postal_code_L3N,0.0,0.0,2685
postal_code_L2S,0.0,0.0,2686
postal_code_L2Q,0.0,0.0,2687
postal_code_L1S,0.0,0.0,2688
postal_code_L2D,0.0,0.0,2689
postal_code_L1U,0.0,0.0,2690
postal_code_L1V,0.0,0.0,2691
postal_code_L1W,0.0,0.0,2692
postal_code_L1X,0.0,0.0,2693
postal_code_L1Y,0.0,0.0,2694
postal_code_L1Z,0.0,0.0,2695
postal_code_L2A,0.0,0.0,2696
postal_code_L2B,0.0,0.0,2697
postal_code_L2C,0.0,0.0,2698
postal_code_L2E,0.0,0.0,2699
postal_code_L2P,0.0,0.0,2700
postal_code_B3L,0.0,0.0,2701
postal_code_L2G,0.0,0.0,2702
postal_code_L2H,0.0,0.0,2703
postal_code_L2I,0.0,0.0,2704
postal_code_L2J,0.0,0.0,2705
postal_code_L2L,0.0,0.0,2706
postal_code_L2M,0.0,0.0,2707
postal_code_L2N,0.0,0.0,2708
postal_code_L2O,0.0,0.0,2709
postal_code_L3O,0.0,0.0,2710
postal_code_L3P,0.0,0.0,2711
postal_code_B3J,0.0,0.0,2712
postal_code_L4Z,0.0,0.0,2713
postal_code_B3E,0.0,0.0,2714
postal_code_L4R,0.0,0.0,2715
postal_code_L4S,0.0,0.0,2716
postal_code_L4T,0.0,0.0,2717
postal_code_B3D,0.0,0.0,2718
postal_code_L4V,0.0,0.0,2719
postal_code_L4W,0.0,0.0,2720
postal_code_L4X,0.0,0.0,2721
postal_code_L4Y,0.0,0.0,2722
postal_code_L5A,0.0,0.0,2723
postal_code_L3S,0.0,0.0,2724
postal_code_L5B,0.0,0.0,2725
postal_code_L5C,0.0,0.0,2726
postal_code_L5D,0.0,0.0,2727
postal_code_L5E,0.0,0.0,2728
postal_code_L5F,0.0,0.0,2729
postal_code_L5G,0.0,0.0,2730
postal_code_L5H,0.0,0.0,2731
postal_code_L5I,0.0,0.0,2732
postal_code_L5J,0.0,0.0,2733
postal_code_L4P,0.0,0.0,2734
postal_code_L4O,0.0,0.0,2735
postal_code_B3F,0.0,0.0,2736
postal_code_L4M,0.0,0.0,2737
postal_code_L3T,0.0,0.0,2738
postal_code_L3U,0.0,0.0,2739
postal_code_L3V,0.0,0.0,2740
postal_code_L3W,0.0,0.0,2741
postal_code_L3X,0.0,0.0,2742
postal_code_L3Y,0.0,0.0,2743
postal_code_L3Z,0.0,0.0,2744
postal_code_L4A,0.0,0.0,2745
postal_code_L4B,0.0,0.0,2746
postal_code_B3I,0.0,0.0,2747
postal_code_L4D,0.0,0.0,2748
postal_code_L4E,0.0,0.0,2749
postal_code_B3H,0.0,0.0,2750
postal_code_L4G,0.0,0.0,2751
postal_code_L4H,0.0,0.0,2752
postal_code_L4I,0.0,0.0,2753
postal_code_L4J,0.0,0.0,2754
postal_code_L4K,0.0,0.0,2755
postal_code_L4L,0.0,0.0,2756
postal_code_L1T,0.0,0.0,2757
postal_code_L1R,0.0,0.0,2758
postal_code_L5L,0.0,0.0,2759
postal_code_K8J,0.0,0.0,2760
postal_code_K8A,0.0,0.0,2761
postal_code_K8B,0.0,0.0,2762
postal_code_B3T,0.0,0.0,2763
postal_code_K8D,0.0,0.0,2764
postal_code_K8E,0.0,0.0,2765
postal_code_K8F,0.0,0.0,2766
postal_code_K8G,0.0,0.0,2767
postal_code_B3S,0.0,0.0,2768
postal_code_K8I,0.0,0.0,2769
postal_code_K8K,0.0,0.0,2770
postal_code_K7Y,0.0,0.0,2771
postal_code_K8L,0.0,0.0,2772
postal_code_K8M,0.0,0.0,2773
postal_code_K8O,0.0,0.0,2774
postal_code_K8P,0.0,0.0,2775
postal_code_K8Q,0.0,0.0,2776
postal_code_K8R,0.0,0.0,2777
postal_code_K8S,0.0,0.0,2778
postal_code_K8T,0.0,0.0,2779
postal_code_K8U,0.0,0.0,2780
postal_code_K7Z,0.0,0.0,2781
postal_code_K7X,0.0,0.0,2782
postal_code_L1Q,0.0,0.0,2783
postal_code_K7K,0.0,0.0,2784
postal_code_K7B,0.0,0.0,2785
postal_code_K7C,0.0,0.0,2786
postal_code_K7D,0.0,0.0,2787
postal_code_B3V,0.0,0.0,2788
postal_code_K7F,0.0,0.0,2789
postal_code_K7G,0.0,0.0,2790
postal_code_K7H,0.0,0.0,2791
postal_code_K7I,0.0,0.0,2792
postal_code_K7J,0.0,0.0,2793
postal_code_K7L,0.0,0.0,2794
postal_code_K7W,0.0,0.0,2795
postal_code_B3U,0.0,0.0,2796
postal_code_K7N,0.0,0.0,2797
postal_code_K7O,0.0,0.0,2798
postal_code_K7P,0.0,0.0,2799
postal_code_K7Q,0.0,0.0,2800
postal_code_K7R,0.0,0.0,2801
postal_code_K7T,0.0,0.0,2802
postal_code_K7U,0.0,0.0,2803
postal_code_K7V,0.0,0.0,2804
postal_code_B3R,0.0,0.0,2805
postal_code_K8W,0.0,0.0,2806
postal_code_K8X,0.0,0.0,2807
postal_code_B3M,0.0,0.0,2808
postal_code_K9W,0.0,0.0,2809
postal_code_K9X,0.0,0.0,2810
postal_code_B3N,0.0,0.0,2811
postal_code_K9Z,0.0,0.0,2812
postal_code_L1A,0.0,0.0,2813
postal_code_L1B,0.0,0.0,2814
postal_code_L1C,0.0,0.0,2815
postal_code_L1D,0.0,0.0,2816
postal_code_L1E,0.0,0.0,2817
postal_code_L1G,0.0,0.0,2818
postal_code_K8Y,0.0,0.0,2819
postal_code_L1H,0.0,0.0,2820
postal_code_L1I,0.0,0.0,2821
postal_code_L1J,0.0,0.0,2822
postal_code_L1K,0.0,0.0,2823
postal_code_L1L,0.0,0.0,2824
postal_code_L1M,0.0,0.0,2825
postal_code_L1N,0.0,0.0,2826
postal_code_L1O,0.0,0.0,2827
postal_code_L1P,0.0,0.0,2828
postal_code_K9V,0.0,0.0,2829
postal_code_K9U,0.0,0.0,2830
postal_code_K9T,0.0,0.0,2831
postal_code_K9S,0.0,0.0,2832
postal_code_K8Z,0.0,0.0,2833
postal_code_K9A,0.0,0.0,2834
postal_code_K9B,0.0,0.0,2835
postal_code_K9C,0.0,0.0,2836
postal_code_K9D,0.0,0.0,2837
postal_code_K9E,0.0,0.0,2838
postal_code_K9F,0.0,0.0,2839
postal_code_B3Q,0.0,0.0,2840
postal_code_K9H,0.0,0.0,2841
postal_code_K9I,0.0,0.0,2842
postal_code_K9J,0.0,0.0,2843
postal_code_K9K,0.0,0.0,2844
postal_code_K9L,0.0,0.0,2845
postal_code_B3O,0.0,0.0,2846
postal_code_K9N,0.0,0.0,2847
postal_code_K9O,0.0,0.0,2848
postal_code_K9P,0.0,0.0,2849
postal_code_K9Q,0.0,0.0,2850
postal_code_K9R,0.0,0.0,2851
postal_code_L5K,0.0,0.0,2852
postal_code_L5M,0.0,0.0,2853
postal_code_K6Z,0.0,0.0,2854
postal_code_M1T,0.0,0.0,2855
postal_code_M1K,0.0,0.0,2856
postal_code_M1L,0.0,0.0,2857
postal_code_M1M,0.0,0.0,2858
postal_code_M1N,0.0,0.0,2859
postal_code_B2O,0.0,0.0,2860
postal_code_M1P,0.0,0.0,2861
postal_code_M1Q,0.0,0.0,2862
postal_code_M1R,0.0,0.0,2863
postal_code_B2N,0.0,0.0,2864
postal_code_M1U,0.0,0.0,2865
postal_code_M1I,0.0,0.0,2866
postal_code_M1V,0.0,0.0,2867
postal_code_M1X,0.0,0.0,2868
postal_code_M1Y,0.0,0.0,2869
postal_code_M1Z,0.0,0.0,2870
postal_code_M2A,0.0,0.0,2871
postal_code_M2B,0.0,0.0,2872
postal_code_B2M,0.0,0.0,2873
postal_code_B2L,0.0,0.0,2874
postal_code_M2E,0.0,0.0,2875
postal_code_M1J,0.0,0.0,2876
postal_code_M1H,0.0,0.0,2877
postal_code_L9I,0.0,0.0,2878
postal_code_L9T,0.0,0.0,2879
postal_code_L9K,0.0,0.0,2880
postal_code_B2Q,0.0,0.0,2881
postal_code_L9M,0.0,0.0,2882
postal_code_B2P,0.0,0.0,2883
postal_code_L9O,0.0,0.0,2884
postal_code_L9P,0.0,0.0,2885
postal_code_L9Q,0.0,0.0,2886
postal_code_L9R,0.0,0.0,2887
postal_code_L9S,0.0,0.0,2888
postal_code_L9U,0.0,0.0,2889
postal_code_M1G,0.0,0.0,2890
postal_code_L9V,0.0,0.0,2891
postal_code_L9W,0.0,0.0,2892
postal_code_L9X,0.0,0.0,2893
postal_code_L9Y,0.0,0.0,2894
postal_code_L9Z,0.0,0.0,2895
postal_code_M1B,0.0,0.0,2896
postal_code_M1C,0.0,0.0,2897
postal_code_M1D,0.0,0.0,2898
postal_code_M1F,0.0,0.0,2899
postal_code_B2J,0.0,0.0,2900
postal_code_M2G,0.0,0.0,2901
postal_code_M2H,0.0,0.0,2902
postal_code_B2E,0.0,0.0,2903
postal_code_M3G,0.0,0.0,2904
postal_code_M3H,0.0,0.0,2905
postal_code_M3I,0.0,0.0,2906
postal_code_B8G,0.0,0.0,2907
postal_code_M3K,0.0,0.0,2908
postal_code_M3L,0.0,0.0,2909
postal_code_M3M,0.0,0.0,2910
postal_code_M3N,0.0,0.0,2911
postal_code_M3O,0.0,0.0,2912
postal_code_M3Q,0.0,0.0,2913
postal_code_M2I,0.0,0.0,2914
postal_code_M3R,0.0,0.0,2915
postal_code_B2D,0.0,0.0,2916
postal_code_M3T,0.0,0.0,2917
postal_code_M3U,0.0,0.0,2918
postal_code_M3V,0.0,0.0,2919
postal_code_M3W,0.0,0.0,2920
postal_code_B2C,0.0,0.0,2921
postal_code_M3Y,0.0,0.0,2922
postal_code_M3Z,0.0,0.0,2923
postal_code_M3F,0.0,0.0,2924
postal_code_M3E,0.0,0.0,2925
postal_code_B2G,0.0,0.0,2926
postal_code_M3C,0.0,0.0,2927
postal_code_M2J,0.0,0.0,2928
postal_code_M2K,0.0,0.0,2929
postal_code_M2L,0.0,0.0,2930
postal_code_B2I,0.0,0.0,2931
postal_code_M2N,0.0,0.0,2932
postal_code_M2O,0.0,0.0,2933
postal_code_M2P,0.0,0.0,2934
postal_code_M2Q,0.0,0.0,2935
postal_code_M2R,0.0,0.0,2936
postal_code_M2S,0.0,0.0,2937
postal_code_M2T,0.0,0.0,2938
postal_code_M2U,0.0,0.0,2939
postal_code_B2H,0.0,0.0,2940
postal_code_M2W,0.0,0.0,2941
postal_code_M2X,0.0,0.0,2942
postal_code_M2Y,0.0,0.0,2943
postal_code_M2Z,0.0,0.0,2944
postal_code_M3A,0.0,0.0,2945
postal_code_M3B,0.0,0.0,2946
postal_code_L9J,0.0,0.0,2947
postal_code_L9H,0.0,0.0,2948
postal_code_L5O,0.0,0.0,2949
postal_code_L6Y,0.0,0.0,2950
postal_code_L6P,0.0,0.0,2951
postal_code_B3A,0.0,0.0,2952
postal_code_L6R,0.0,0.0,2953
postal_code_L6S,0.0,0.0,2954
postal_code_L6T,0.0,0.0,2955
postal_code_L6U,0.0,0.0,2956
postal_code_B2Z,0.0,0.0,2957
postal_code_L6W,0.0,0.0,2958
postal_code_B2Y,0.0,0.0,2959
postal_code_L6Z,0.0,0.0,2960
postal_code_L6N,0.0,0.0,2961
postal_code_L7A,0.0,0.0,2962
postal_code_L7B,0.0,0.0,2963
postal_code_L7C,0.0,0.0,2964
postal_code_L7D,0.0,0.0,2965
postal_code_L7E,0.0,0.0,2966
postal_code_L7F,0.0,0.0,2967
postal_code_L7G,0.0,0.0,2968
postal_code_B2X,0.0,0.0,2969
postal_code_L7J,0.0,0.0,2970
postal_code_L6O,0.0,0.0,2971
postal_code_L6M,0.0,0.0,2972
postal_code_L9F,0.0,0.0,2973
postal_code_L6A,0.0,0.0,2974
postal_code_L5P,0.0,0.0,2975
postal_code_L5Q,0.0,0.0,2976
postal_code_L5R,0.0,0.0,2977
postal_code_B3B,0.0,0.0,2978
postal_code_L5T,0.0,0.0,2979
postal_code_L5U,0.0,0.0,2980
postal_code_L5V,0.0,0.0,2981
postal_code_L5W,0.0,0.0,2982
postal_code_L5Z,0.0,0.0,2983
postal_code_L6B,0.0,0.0,2984
postal_code_L6L,0.0,0.0,2985
postal_code_L6C,0.0,0.0,2986
postal_code_L6D,0.0,0.0,2987
postal_code_L6E,0.0,0.0,2988
postal_code_L6F,0.0,0.0,2989
postal_code_L6G,0.0,0.0,2990
postal_code_L6H,0.0,0.0,2991
postal_code_L6I,0.0,0.0,2992
postal_code_L6J,0.0,0.0,2993
postal_code_L6K,0.0,0.0,2994
postal_code_L7K,0.0,0.0,2995
postal_code_L7L,0.0,0.0,2996
postal_code_L7M,0.0,0.0,2997
postal_code_L8U,0.0,0.0,2998
postal_code_L8L,0.0,0.0,2999
postal_code_L8M,0.0,0.0,3000
postal_code_L8N,0.0,0.0,3001
postal_code_L8O,0.0,0.0,3002
postal_code_L8P,0.0,0.0,3003
postal_code_B2T,0.0,0.0,3004
postal_code_L8R,0.0,0.0,3005
postal_code_L8S,0.0,0.0,3006
postal_code_L8T,0.0,0.0,3007
postal_code_L8V,0.0,0.0,3008
postal_code_L7N,0.0,0.0,3009
postal_code_L8W,0.0,0.0,3010
postal_code_L8X,0.0,0.0,3011
postal_code_L8Y,0.0,0.0,3012
postal_code_L8Z,0.0,0.0,3013
postal_code_L9A,0.0,0.0,3014
postal_code_L9B,0.0,0.0,3015
postal_code_L9C,0.0,0.0,3016
postal_code_L9D,0.0,0.0,3017
postal_code_B2S,0.0,0.0,3018
postal_code_L8K,0.0,0.0,3019
postal_code_L8J,0.0,0.0,3020
postal_code_L8I,0.0,0.0,3021
postal_code_L8H,0.0,0.0,3022
postal_code_B2W,0.0,0.0,3023
postal_code_L7P,0.0,0.0,3024
postal_code_L7Q,0.0,0.0,3025
postal_code_L7R,0.0,0.0,3026
postal_code_L7S,0.0,0.0,3027
postal_code_L7T,0.0,0.0,3028
postal_code_L7U,0.0,0.0,3029
postal_code_L7V,0.0,0.0,3030
postal_code_L7W,0.0,0.0,3031
postal_code_L7X,0.0,0.0,3032
postal_code_B2V,0.0,0.0,3033
postal_code_L7Z,0.0,0.0,3034
postal_code_L8A,0.0,0.0,3035
postal_code_L8B,0.0,0.0,3036
postal_code_L8C,0.0,0.0,3037
postal_code_L8D,0.0,0.0,3038
postal_code_L8E,0.0,0.0,3039
postal_code_L8F,0.0,0.0,3040
postal_code_L8G,0.0,0.0,3041
postal_code_K7A,0.0,0.0,3042
postal_code_K6Y,0.0,0.0,3043
postal_code_H9R,0.0,0.0,3044
postal_code_B5F,0.0,0.0,3045
postal_code_B5J,0.0,0.0,3046
postal_code_B5H,0.0,0.0,3047
postal_code_B5G,0.0,0.0,3048
postal_code_J5Q,0.0,0.0,3049
postal_code_J5R,0.0,0.0,3050
postal_code_J5S,0.0,0.0,3051
postal_code_J5T,0.0,0.0,3052
postal_code_J5U,0.0,0.0,3053
postal_code_J5V,0.0,0.0,3054
postal_code_J5X,0.0,0.0,3055
postal_code_J5L,0.0,0.0,3056
postal_code_B5E,0.0,0.0,3057
postal_code_J5Z,0.0,0.0,3058
postal_code_J6A,0.0,0.0,3059
postal_code_B5D,0.0,0.0,3060
postal_code_B5C,0.0,0.0,3061
postal_code_J6D,0.0,0.0,3062
postal_code_J6E,0.0,0.0,3063
postal_code_J6F,0.0,0.0,3064
postal_code_J6G,0.0,0.0,3065
postal_code_J5M,0.0,0.0,3066
postal_code_J5K,0.0,0.0,3067
postal_code_J4M,0.0,0.0,3068
postal_code_J4Y,0.0,0.0,3069
postal_code_J4P,0.0,0.0,3070
postal_code_J4Q,0.0,0.0,3071
postal_code_J4R,0.0,0.0,3072
postal_code_J4S,0.0,0.0,3073
postal_code_J4T,0.0,0.0,3074
postal_code_J4U,0.0,0.0,3075
postal_code_B5K,0.0,0.0,3076
postal_code_J4W,0.0,0.0,3077
postal_code_J4X,0.0,0.0,3078
postal_code_J4Z,0.0,0.0,3079
postal_code_J5J,0.0,0.0,3080
postal_code_J5A,0.0,0.0,3081
postal_code_J5B,0.0,0.0,3082
postal_code_J5C,0.0,0.0,3083
postal_code_J5D,0.0,0.0,3084
postal_code_J5E,0.0,0.0,3085
postal_code_J5F,0.0,0.0,3086
postal_code_J5G,0.0,0.0,3087
postal_code_J5H,0.0,0.0,3088
postal_code_J5I,0.0,0.0,3089
postal_code_J6H,0.0,0.0,3090
postal_code_J6I,0.0,0.0,3091
postal_code_J6J,0.0,0.0,3092
postal_code_J7R,0.0,0.0,3093
postal_code_J7I,0.0,0.0,3094
postal_code_J7J,0.0,0.0,3095
postal_code_J7K,0.0,0.0,3096
postal_code_J7L,0.0,0.0,3097
postal_code_J7M,0.0,0.0,3098
postal_code_B4Y,0.0,0.0,3099
postal_code_J7O,0.0,0.0,3100
postal_code_J7P,0.0,0.0,3101
postal_code_J7Q,0.0,0.0,3102
postal_code_B4X,0.0,0.0,3103
postal_code_J6K,0.0,0.0,3104
postal_code_J7T,0.0,0.0,3105
postal_code_J7V,0.0,0.0,3106
postal_code_J7W,0.0,0.0,3107
postal_code_J7X,0.0,0.0,3108
postal_code_J7Y,0.0,0.0,3109
postal_code_J7Z,0.0,0.0,3110
postal_code_J8A,0.0,0.0,3111
postal_code_J8B,0.0,0.0,3112
postal_code_J8C,0.0,0.0,3113
postal_code_J7H,0.0,0.0,3114
postal_code_J7G,0.0,0.0,3115
postal_code_J7F,0.0,0.0,3116
postal_code_J7E,0.0,0.0,3117
postal_code_J6L,0.0,0.0,3118
postal_code_J6M,0.0,0.0,3119
postal_code_J6N,0.0,0.0,3120
postal_code_J6O,0.0,0.0,3121
postal_code_J6P,0.0,0.0,3122
postal_code_J6Q,0.0,0.0,3123
postal_code_J6R,0.0,0.0,3124
postal_code_B5B,0.0,0.0,3125
postal_code_J6T,0.0,0.0,3126
postal_code_J6U,0.0,0.0,3127
postal_code_J6V,0.0,0.0,3128
postal_code_B5A,0.0,0.0,3129
postal_code_J6X,0.0,0.0,3130
postal_code_J6Y,0.0,0.0,3131
postal_code_J6Z,0.0,0.0,3132
postal_code_J7A,0.0,0.0,3133
postal_code_B4Z,0.0,0.0,3134
postal_code_J7C,0.0,0.0,3135
postal_code_J7D,0.0,0.0,3136
postal_code_J4N,0.0,0.0,3137
postal_code_B5M,0.0,0.0,3138
postal_code_J8F,0.0,0.0,3139
postal_code_J2A,0.0,0.0,3140
postal_code_J1Q,0.0,0.0,3141
postal_code_J1R,0.0,0.0,3142
postal_code_J1S,0.0,0.0,3143
postal_code_J1T,0.0,0.0,3144
postal_code_J1U,0.0,0.0,3145
postal_code_J1V,0.0,0.0,3146
postal_code_J1W,0.0,0.0,3147
postal_code_J1X,0.0,0.0,3148
postal_code_J1Z,0.0,0.0,3149
postal_code_J2B,0.0,0.0,3150
postal_code_J1O,0.0,0.0,3151
postal_code_J2C,0.0,0.0,3152
postal_code_J2E,0.0,0.0,3153
postal_code_J2F,0.0,0.0,3154
postal_code_J2G,0.0,0.0,3155
postal_code_J2H,0.0,0.0,3156
postal_code_J2I,0.0,0.0,3157
postal_code_J2J,0.0,0.0,3158
postal_code_J2L,0.0,0.0,3159
postal_code_J2M,0.0,0.0,3160
postal_code_J1P,0.0,0.0,3161
postal_code_J1N,0.0,0.0,3162
postal_code_J4K,0.0,0.0,3163
postal_code_J1B,0.0,0.0,3164
postal_code_B5Y,0.0,0.0,3165
postal_code_H9T,0.0,0.0,3166
postal_code_H9U,0.0,0.0,3167
postal_code_H9V,0.0,0.0,3168
postal_code_H9W,0.0,0.0,3169
postal_code_H9X,0.0,0.0,3170
postal_code_H9Y,0.0,0.0,3171
postal_code_H9Z,0.0,0.0,3172
postal_code_J1A,0.0,0.0,3173
postal_code_J1C,0.0,0.0,3174
postal_code_J1M,0.0,0.0,3175
postal_code_J1D,0.0,0.0,3176
postal_code_J1E,0.0,0.0,3177
postal_code_J1F,0.0,0.0,3178
postal_code_J1G,0.0,0.0,3179
postal_code_J1H,0.0,0.0,3180
postal_code_J1I,0.0,0.0,3181
postal_code_J1J,0.0,0.0,3182
postal_code_J1K,0.0,0.0,3183
postal_code_J1L,0.0,0.0,3184
postal_code_B5X,0.0,0.0,3185
postal_code_J2O,0.0,0.0,3186
postal_code_J2P,0.0,0.0,3187
postal_code_J3Y,0.0,0.0,3188
postal_code_J3P,0.0,0.0,3189
postal_code_J3Q,0.0,0.0,3190
postal_code_J3R,0.0,0.0,3191
postal_code_B5O,0.0,0.0,3192
postal_code_B5N,0.0,0.0,3193
postal_code_J3U,0.0,0.0,3194
postal_code_J3V,0.0,0.0,3195
postal_code_J3W,0.0,0.0,3196
postal_code_J3X,0.0,0.0,3197
postal_code_J4A,0.0,0.0,3198
postal_code_J2Q,0.0,0.0,3199
postal_code_J4B,0.0,0.0,3200
postal_code_J4C,0.0,0.0,3201
postal_code_J4D,0.0,0.0,3202
postal_code_J4E,0.0,0.0,3203
postal_code_J4F,0.0,0.0,3204
postal_code_J4G,0.0,0.0,3205
postal_code_J4H,0.0,0.0,3206
postal_code_J4I,0.0,0.0,3207
postal_code_J4J,0.0,0.0,3208
postal_code_J3O,0.0,0.0,3209
postal_code_B5P,0.0,0.0,3210
postal_code_J3M,0.0,0.0,3211
postal_code_B5Q,0.0,0.0,3212
postal_code_J2R,0.0,0.0,3213
postal_code_J2S,0.0,0.0,3214
postal_code_B5W,0.0,0.0,3215
postal_code_B5T,0.0,0.0,3216
postal_code_J2V,0.0,0.0,3217
postal_code_J2W,0.0,0.0,3218
postal_code_J2X,0.0,0.0,3219
postal_code_J2Z,0.0,0.0,3220
postal_code_J3A,0.0,0.0,3221
postal_code_J3B,0.0,0.0,3222
postal_code_J3C,0.0,0.0,3223
postal_code_J3D,0.0,0.0,3224
postal_code_J3E,0.0,0.0,3225
postal_code_B5R,0.0,0.0,3226
postal_code_J3G,0.0,0.0,3227
postal_code_J3H,0.0,0.0,3228
postal_code_J3I,0.0,0.0,3229
postal_code_J3J,0.0,0.0,3230
postal_code_J3K,0.0,0.0,3231
postal_code_J8E,0.0,0.0,3232
postal_code_J8G,0.0,0.0,3233
postal_code_K6X,0.0,0.0,3234
postal_code_K4Q,0.0,0.0,3235
postal_code_K4G,0.0,0.0,3236
postal_code_K4H,0.0,0.0,3237
postal_code_K4I,0.0,0.0,3238
postal_code_K4K,0.0,0.0,3239
postal_code_K4L,0.0,0.0,3240
postal_code_B4H,0.0,0.0,3241
postal_code_B4F,0.0,0.0,3242
postal_code_K4O,0.0,0.0,3243
postal_code_K4P,0.0,0.0,3244
postal_code_K4R,0.0,0.0,3245
postal_code_K4E,0.0,0.0,3246
postal_code_K4S,0.0,0.0,3247
postal_code_K4T,0.0,0.0,3248
postal_code_K4U,0.0,0.0,3249
postal_code_K4V,0.0,0.0,3250
postal_code_K4W,0.0,0.0,3251
postal_code_K4X,0.0,0.0,3252
postal_code_K4Y,0.0,0.0,3253
postal_code_K4Z,0.0,0.0,3254
postal_code_B4E,0.0,0.0,3255
postal_code_K4F,0.0,0.0,3256
postal_code_K4C,0.0,0.0,3257
postal_code_K3E,0.0,0.0,3258
postal_code_K3P,0.0,0.0,3259
postal_code_K3G,0.0,0.0,3260
postal_code_K3H,0.0,0.0,3261
postal_code_K3I,0.0,0.0,3262
postal_code_B4L,0.0,0.0,3263
postal_code_K3K,0.0,0.0,3264
postal_code_K3L,0.0,0.0,3265
postal_code_K3M,0.0,0.0,3266
postal_code_K3N,0.0,0.0,3267
postal_code_K3O,0.0,0.0,3268
postal_code_B4K,0.0,0.0,3269
postal_code_B4I,0.0,0.0,3270
postal_code_K3S,0.0,0.0,3271
postal_code_K3T,0.0,0.0,3272
postal_code_K3U,0.0,0.0,3273
postal_code_K3V,0.0,0.0,3274
postal_code_B4J,0.0,0.0,3275
postal_code_K3X,0.0,0.0,3276
postal_code_K3Y,0.0,0.0,3277
postal_code_K3Z,0.0,0.0,3278
postal_code_K4A,0.0,0.0,3279
postal_code_K5B,0.0,0.0,3280
postal_code_K5C,0.0,0.0,3281
postal_code_K5D,0.0,0.0,3282
postal_code_K6M,0.0,0.0,3283
postal_code_K6D,0.0,0.0,3284
postal_code_K6E,0.0,0.0,3285
postal_code_K6F,0.0,0.0,3286
postal_code_K6G,0.0,0.0,3287
postal_code_K6H,0.0,0.0,3288
postal_code_K6I,0.0,0.0,3289
postal_code_K6J,0.0,0.0,3290
postal_code_B3X,0.0,0.0,3291
postal_code_K6L,0.0,0.0,3292
postal_code_K6N,0.0,0.0,3293
postal_code_B4D,0.0,0.0,3294
postal_code_K6O,0.0,0.0,3295
postal_code_K6P,0.0,0.0,3296
postal_code_K6Q,0.0,0.0,3297
postal_code_K6R,0.0,0.0,3298
postal_code_K6S,0.0,0.0,3299
postal_code_K6T,0.0,0.0,3300
postal_code_K6U,0.0,0.0,3301
postal_code_B3W,0.0,0.0,3302
postal_code_K6W,0.0,0.0,3303
postal_code_K6C,0.0,0.0,3304
postal_code_K6B,0.0,0.0,3305
postal_code_K6A,0.0,0.0,3306
postal_code_K5Z,0.0,0.0,3307
postal_code_K5F,0.0,0.0,3308
postal_code_B4A,0.0,0.0,3309
postal_code_K5H,0.0,0.0,3310
postal_code_K5I,0.0,0.0,3311
postal_code_K5J,0.0,0.0,3312
postal_code_B3Z,0.0,0.0,3313
postal_code_K5L,0.0,0.0,3314
postal_code_K5M,0.0,0.0,3315
postal_code_B3Y,0.0,0.0,3316
postal_code_K5O,0.0,0.0,3317
postal_code_K5P,0.0,0.0,3318
postal_code_K5Q,0.0,0.0,3319
postal_code_K5R,0.0,0.0,3320
postal_code_K5S,0.0,0.0,3321
postal_code_K5T,0.0,0.0,3322
postal_code_K5U,0.0,0.0,3323
postal_code_K5V,0.0,0.0,3324
postal_code_K5W,0.0,0.0,3325
postal_code_K5X,0.0,0.0,3326
postal_code_K3F,0.0,0.0,3327
postal_code_K3D,0.0,0.0,3328
postal_code_J8H,0.0,0.0,3329
postal_code_J9Q,0.0,0.0,3330
postal_code_J9H,0.0,0.0,3331
postal_code_J9I,0.0,0.0,3332
postal_code_J9J,0.0,0.0,3333
postal_code_B4V,0.0,0.0,3334
postal_code_J9L,0.0,0.0,3335
postal_code_J9M,0.0,0.0,3336
postal_code_J9N,0.0,0.0,3337
postal_code_J9O,0.0,0.0,3338
postal_code_B4T,0.0,0.0,3339
postal_code_B4S,0.0,0.0,3340
postal_code_J9F,0.0,0.0,3341
postal_code_J9S,0.0,0.0,3342
postal_code_J9T,0.0,0.0,3343
postal_code_J9W,0.0,0.0,3344
postal_code_J9X,0.0,0.0,3345
postal_code_J9Y,0.0,0.0,3346
postal_code_J9Z,0.0,0.0,3347
postal_code_K1A,0.0,0.0,3348
postal_code_K1B,0.0,0.0,3349
postal_code_K1C,0.0,0.0,3350
postal_code_J9G,0.0,0.0,3351
postal_code_J9E,0.0,0.0,3352
postal_code_K3C,0.0,0.0,3353
postal_code_J8S,0.0,0.0,3354
postal_code_J8I,0.0,0.0,3355
postal_code_J8J,0.0,0.0,3356
postal_code_J8K,0.0,0.0,3357
postal_code_J8L,0.0,0.0,3358
postal_code_J8M,0.0,0.0,3359
postal_code_J8N,0.0,0.0,3360
postal_code_J8O,0.0,0.0,3361
postal_code_J8P,0.0,0.0,3362
postal_code_J8R,0.0,0.0,3363
postal_code_J8T,0.0,0.0,3364
postal_code_J9D,0.0,0.0,3365
postal_code_J8U,0.0,0.0,3366
postal_code_J8V,0.0,0.0,3367
postal_code_J8W,0.0,0.0,3368
postal_code_J8X,0.0,0.0,3369
postal_code_J8Y,0.0,0.0,3370
postal_code_J8Z,0.0,0.0,3371
postal_code_J9A,0.0,0.0,3372
postal_code_J9B,0.0,0.0,3373
postal_code_J9C,0.0,0.0,3374
postal_code_K1D,0.0,0.0,3375
postal_code_K1E,0.0,0.0,3376
postal_code_K1F,0.0,0.0,3377
postal_code_B4M,0.0,0.0,3378
postal_code_K2H,0.0,0.0,3379
postal_code_K2I,0.0,0.0,3380
postal_code_K2J,0.0,0.0,3381
postal_code_K2K,0.0,0.0,3382
postal_code_K2L,0.0,0.0,3383
postal_code_K2M,0.0,0.0,3384
postal_code_K2N,0.0,0.0,3385
postal_code_K2O,0.0,0.0,3386
postal_code_K2P,0.0,0.0,3387
postal_code_K2S,0.0,0.0,3388
postal_code_K1G,0.0,0.0,3389
postal_code_K2T,0.0,0.0,3390
postal_code_K2U,0.0,0.0,3391
postal_code_K2V,0.0,0.0,3392
postal_code_K2W,0.0,0.0,3393
postal_code_K2X,0.0,0.0,3394
postal_code_K2Y,0.0,0.0,3395
postal_code_K2Z,0.0,0.0,3396
postal_code_K3A,0.0,0.0,3397
postal_code_K3B,0.0,0.0,3398
postal_code_B4N,0.0,0.0,3399
postal_code_B4O,0.0,0.0,3400
postal_code_K2D,0.0,0.0,3401
postal_code_K2C,0.0,0.0,3402
postal_code_K1H,0.0,0.0,3403
postal_code_K1I,0.0,0.0,3404
postal_code_B4P,0.0,0.0,3405
postal_code_K1K,0.0,0.0,3406
postal_code_K1L,0.0,0.0,3407
postal_code_K1M,0.0,0.0,3408
postal_code_K1N,0.0,0.0,3409
postal_code_K1O,0.0,0.0,3410
postal_code_K1P,0.0,0.0,3411
postal_code_K1Q,0.0,0.0,3412
postal_code_K1R,0.0,0.0,3413
postal_code_K1S,0.0,0.0,3414
postal_code_K1T,0.0,0.0,3415
postal_code_K1U,0.0,0.0,3416
postal_code_K1V,0.0,0.0,3417
postal_code_K1Y,0.0,0.0,3418
postal_code_K1Z,0.0,0.0,3419
postal_code_K2A,0.0,0.0,3420
postal_code_K2B,0.0,0.0,3421
postal_code_L5S,0.0,0.0,3422
