Feature,Ridge_Coefficient,Ridge_AbsCoeff,Ridge_Rank
postal_code_M7A,1.2831669670487669,1.2831669670487669,1
postal_code_B2R,1.2025872612420592,1.2025872612420592,2
postal_code_A3U,1.1370010950291598,1.1370010950291598,3
postal_code_B2U,1.120514613776759,1.120514613776759,4
postal_code_M9B,1.119941330355917,1.119941330355917,5
postal_code_M7H,1.0885911567081645,1.0885911567081645,6
postal_code_N2H,1.0693207151739965,1.0693207151739965,7
postal_code_J7S,1.0578831567390206,1.0578831567390206,8
postal_code_L4Q,1.0388300215197106,1.0388300215197106,9
postal_code_P3S,1.0117976974490501,1.0117976974490501,10
postal_code_B5I,1.0053759697818034,1.0053759697818034,11
postal_code_V9A,0.9975103835777998,0.9975103835777998,12
postal_code_B4I,0.9844087372884622,0.9844087372884622,13
postal_code_T9K,0.9821464381326214,0.9821464381326214,14
postal_code_H5K,0.978617920228158,0.978617920228158,15
postal_code_K3J,0.9780046402574695,0.9780046402574695,16
postal_code_S8N,0.9734440846600713,0.9734440846600713,17
postal_code_E5Q,0.9720547607400528,0.9720547607400528,18
postal_code_C3O,0.9557463062997295,0.9557463062997295,19
postal_code_J6P,0.9464954277185007,0.9464954277185007,20
postal_code_A9F,0.9424348357597703,0.9424348357597703,21
postal_code_S5O,0.9331038965160889,0.9331038965160889,22
postal_code_V5J,0.9322212220371014,0.9322212220371014,23
postal_code_N9Y,0.9315578728918245,0.9315578728918245,24
postal_code_B2X,0.9294610415785103,0.9294610415785103,25
postal_code_C5F,0.9240923874811587,0.9240923874811587,26
postal_code_G2L,0.9206847139038253,0.9206847139038253,27
postal_code_B1I,0.9162690100476477,0.9162690100476477,28
postal_code_A6M,0.9156090054133552,0.9156090054133552,29
postal_code_H8I,0.9124713384936792,0.9124713384936792,30
postal_code_K8C,0.911315435000882,0.911315435000882,31
postal_code_G3V,0.9102237082469167,0.9102237082469167,32
postal_code_S7N,0.9081124876391827,0.9081124876391827,33
postal_code_B8U,0.9072215242899759,0.9072215242899759,34
postal_code_B3A,0.9060434260689613,0.9060434260689613,35
postal_code_J8A,0.9036910316023784,0.9036910316023784,36
postal_code_E9E,0.9033964263506287,0.9033964263506287,37
postal_code_C7C,0.8989489935576541,0.8989489935576541,38
postal_code_B7U,0.8931762863009263,0.8931762863009263,39
postal_code_H3C,0.8868885752100801,0.8868885752100801,40
postal_code_E2Q,0.8843373957329578,0.8843373957329578,41
postal_code_P5B,0.8787299656073972,0.8787299656073972,42
postal_code_A9P,0.8761197134822625,0.8761197134822625,43
postal_code_B8V,0.8735615266912287,0.8735615266912287,44
postal_code_P4A,0.867994706020226,0.867994706020226,45
postal_code_S8G,0.8653580344082298,0.8653580344082298,46
postal_code_R3L,0.8627852764116146,0.8627852764116146,47
postal_code_E9Y,0.8623562499240729,0.8623562499240729,48
postal_code_P7Z,0.8596691697716753,0.8596691697716753,49
postal_code_S9L,0.8518929590667379,0.8518929590667379,50
postal_code_E3K,0.8428750606766231,0.8428750606766231,51
postal_code_K3W,0.8427783671916328,0.8427783671916328,52
postal_code_E4L,0.8426397370977383,0.8426397370977383,53
postal_code_J6W,0.8368597254736918,0.8368597254736918,54
postal_code_C7N,0.835938911206729,0.835938911206729,55
postal_code_A3W,0.8321581408888836,0.8321581408888836,56
postal_code_K2F,0.8300429180293224,0.8300429180293224,57
postal_code_G4W,0.8287600055626443,0.8287600055626443,58
postal_code_A2Z,0.8255682503334886,0.8255682503334886,59
postal_code_S9S,0.8243474912369398,0.8243474912369398,60
postal_code_A2J,0.8232412296057269,0.8232412296057269,61
postal_code_R6A,0.8215470752832301,0.8215470752832301,62
postal_code_H4I,0.819154219843609,0.819154219843609,63
postal_code_C7I,0.8176221112672483,0.8176221112672483,64
postal_code_N4J,0.8172199359510265,0.8172199359510265,65
postal_code_A1Y,0.8153276157763862,0.8153276157763862,66
postal_code_E2D,0.8127314227437713,0.8127314227437713,67
postal_code_G8J,0.8082456884053778,0.8082456884053778,68
postal_code_C8F,0.8078517415545616,0.8078517415545616,69
postal_code_P4E,0.7972119584527639,0.7972119584527639,70
postal_code_M7W,0.793467056478569,0.793467056478569,71
postal_code_H2D,0.7929989304683285,0.7929989304683285,72
postal_code_J7Z,0.7910158979270152,0.7910158979270152,73
postal_code_E2K,0.7892586992987269,0.7892586992987269,74
postal_code_C2I,0.7884800013165769,0.7884800013165769,75
postal_code_J5D,0.7877724037871505,0.7877724037871505,76
postal_code_G1L,0.7851300140289819,0.7851300140289819,77
postal_code_R1C,0.7830126274855066,0.7830126274855066,78
postal_code_E5G,0.7722836197988703,0.7722836197988703,79
postal_code_C6B,0.7712757209096125,0.7712757209096125,80
postal_code_N8V,0.7699807905677599,0.7699807905677599,81
postal_code_B7R,0.7604937547188887,0.7604937547188887,82
postal_code_R8Y,0.7474441693314708,0.7474441693314708,83
postal_code_H7C,0.7365927569406825,0.7365927569406825,84
postal_code_H6Y,0.7330993819349034,0.7330993819349034,85
postal_code_B5N,0.7295493433134094,0.7295493433134094,86
postal_code_A2U,0.7220030193177165,0.7220030193177165,87
postal_code_A6Z,0.7163103041175879,0.7163103041175879,88
postal_code_E2P,0.7140197983165432,0.7140197983165432,89
postal_code_H6G,0.7137429586173452,0.7137429586173452,90
postal_code_J3F,0.7107948580982231,0.7107948580982231,91
postal_code_M6U,0.7073307879949277,0.7073307879949277,92
postal_code_L8Q,0.7041688880637158,0.7041688880637158,93
postal_code_G9H,0.7037434110915215,0.7037434110915215,94
postal_code_J5O,0.7025418764956431,0.7025418764956431,95
postal_code_J6C,0.7020904161443567,0.7020904161443567,96
postal_code_P3W,0.6992760002044767,0.6992760002044767,97
postal_code_H5J,0.696746908390796,0.696746908390796,98
postal_code_K2G,0.6853609893609046,0.6853609893609046,99
postal_code_B4A,0.6839338141645458,0.6839338141645458,100
postal_code_G1G,0.6687748188058764,0.6687748188058764,101
postal_code_S5Z,0.6681739723501925,0.6681739723501925,102
postal_code_M6H,0.6676817291333065,0.6676817291333065,103
postal_code_G7Z,0.658169448190114,0.658169448190114,104
postal_code_M4O,0.6555783411059242,0.6555783411059242,105
postal_code_L1D,0.6478343981531361,0.6478343981531361,106
postal_code_R6L,0.6439462953218947,0.6439462953218947,107
postal_code_V2T,0.6408216484956918,0.6408216484956918,108
postal_code_E9Z,0.6404638140741413,0.6404638140741413,109
postal_code_B7J,0.6382862326407883,0.6382862326407883,110
postal_code_L6X,0.635356769392992,0.635356769392992,111
postal_code_C2F,0.634031874637522,0.634031874637522,112
postal_code_M9X,0.6334749437390289,0.6334749437390289,113
postal_code_L9W,0.6325486455876458,0.6325486455876458,114
postal_code_R7Y,0.6312357887157568,0.6312357887157568,115
postal_code_B5U,0.6297665408705718,0.6297665408705718,116
postal_code_R7P,0.6275926991860339,0.6275926991860339,117
postal_code_P1S,0.6144463512830353,0.6144463512830353,118
postal_code_N6E,0.6125443909533745,0.6125443909533745,119
postal_code_B3W,0.6115504416351586,0.6115504416351586,120
postal_code_S4Q,0.6108260037180133,0.6108260037180133,121
postal_code_G4G,0.6100936278953427,0.6100936278953427,122
postal_code_M6S,0.6097071834518653,0.6097071834518653,123
postal_code_L9L,0.6083447267662545,0.6083447267662545,124
postal_code_K6V,0.6081993218254765,0.6081993218254765,125
postal_code_M9W,0.6065514928467657,0.6065514928467657,126
postal_code_M4R,0.6052223032902575,0.6052223032902575,127
postal_code_L7Y,0.6047812227868703,0.6047812227868703,128
postal_code_B8P,0.6046796309609339,0.6046796309609339,129
postal_code_L4U,0.603821150637729,0.603821150637729,130
postal_code_C6U,0.603405216533937,0.603405216533937,131
postal_code_J3S,0.6004551837199922,0.6004551837199922,132
postal_code_R8A,0.59978458987985,0.59978458987985,133
postal_code_V8O,0.5997718301884399,0.5997718301884399,134
postal_code_N3V,0.595018258495541,0.595018258495541,135
postal_code_A3S,0.5940571458148298,0.5940571458148298,136
postal_code_R7B,0.5885662328223078,0.5885662328223078,137
postal_code_E9B,0.5877737479619685,0.5877737479619685,138
postal_code_G2X,0.5872202109396361,0.5872202109396361,139
postal_code_M6I,0.5858148525485211,0.5858148525485211,140
postal_code_E3P,0.5834360765182797,0.5834360765182797,141
postal_code_S6Z,0.5814091497180625,0.5814091497180625,142
postal_code_C8I,0.5801904638472494,0.5801904638472494,143
postal_code_B6P,0.5796341992914591,0.5796341992914591,144
postal_code_A1Z,0.5796267463118994,0.5796267463118994,145
postal_code_C4K,0.5792875261982581,0.5792875261982581,146
postal_code_G6Q,0.5787709928648933,0.5787709928648933,147
postal_code_A6B,0.578225785520385,0.578225785520385,148
postal_code_R4L,0.5780910897737478,0.5780910897737478,149
postal_code_T8F,0.5742942439999726,0.5742942439999726,150
postal_code_R8R,0.5734898362613349,0.5734898362613349,151
postal_code_J9K,0.5720966853004292,0.5720966853004292,152
postal_code_S8D,0.571208214342779,0.571208214342779,153
postal_code_C9L,0.5699696560860887,0.5699696560860887,154
postal_code_E2L,0.5681601251485564,0.5681601251485564,155
postal_code_N1X,0.5680422185096696,0.5680422185096696,156
postal_code_G4Z,0.5676087934418612,0.5676087934418612,157
postal_code_J6S,0.5668815661751706,0.5668815661751706,158
postal_code_R8L,0.5662452834863251,0.5662452834863251,159
postal_code_P7K,0.563914380254171,0.563914380254171,160
postal_code_A4F,0.561315448252458,0.561315448252458,161
postal_code_T1R,0.5599360481937015,0.5599360481937015,162
postal_code_J3N,0.5598300348092742,0.5598300348092742,163
postal_code_K6Q,0.5573335673065575,0.5573335673065575,164
postal_code_T2R,0.5564671468691578,0.5564671468691578,165
postal_code_N7Z,0.55547081466151,0.55547081466151,166
postal_code_T7J,-0.5547381928525298,0.5547381928525298,167
postal_code_L6V,0.5537636369591027,0.5537636369591027,168
postal_code_N8I,0.5535579110732647,0.5535579110732647,169
postal_code_P8R,0.5534563172217091,0.5534563172217091,170
postal_code_G3T,0.5532073770574872,0.5532073770574872,171
postal_code_A9J,0.549706023027897,0.549706023027897,172
postal_code_M4B,0.5489371409610287,0.5489371409610287,173
postal_code_H4O,0.5488727785265299,0.5488727785265299,174
postal_code_G2W,0.5484449204818079,0.5484449204818079,175
postal_code_L3J,0.5482741815501952,0.5482741815501952,176
postal_code_S6P,0.5482057338284966,0.5482057338284966,177
postal_code_E4A,0.5463907410020482,0.5463907410020482,178
postal_code_K4M,0.5462896666308634,0.5462896666308634,179
postal_code_K3T,0.5459938895712578,0.5459938895712578,180
postal_code_A9D,0.5459495303715652,0.5459495303715652,181
postal_code_A2A,0.5432574449939922,0.5432574449939922,182
postal_code_K5K,0.5398877269979152,0.5398877269979152,183
postal_code_H2V,0.5351073292988706,0.5351073292988706,184
postal_code_T3C,0.5312468925301566,0.5312468925301566,185
postal_code_L1F,0.5304745894558421,0.5304745894558421,186
postal_code_H7U,0.5300143214016961,0.5300143214016961,187
postal_code_M5O,0.5293821040970929,0.5293821040970929,188
postal_code_S2T,0.5271468210406458,0.5271468210406458,189
postal_code_M9L,0.5257976085553586,0.5257976085553586,190
postal_code_K5A,0.5247736962173107,0.5247736962173107,191
postal_code_L9E,0.5243798482634459,0.5243798482634459,192
postal_code_N4P,0.5238894803518536,0.5238894803518536,193
postal_code_T4J,0.5232515744602649,0.5232515744602649,194
postal_code_L3O,0.5228843621650254,0.5228843621650254,195
postal_code_C3R,0.5228125863189856,0.5228125863189856,196
postal_code_J3E,0.5220159154793929,0.5220159154793929,197
postal_code_T3Q,0.5175394292828673,0.5175394292828673,198
postal_code_T5V,0.5173884359834178,0.5173884359834178,199
postal_code_M6T,-0.5170303181966942,0.5170303181966942,200
postal_code_S4R,0.5163693452937387,0.5163693452937387,201
postal_code_R9W,0.5099407336849572,0.5099407336849572,202
postal_code_A6S,0.5089301426389308,0.5089301426389308,203
postal_code_H6X,0.5087465300321213,0.5087465300321213,204
postal_code_H7G,0.5065808477202349,0.5065808477202349,205
postal_code_B8G,0.5065684357999582,0.5065684357999582,206
postal_code_R3B,0.5056254638613664,0.5056254638613664,207
postal_code_N5S,0.5047180184511891,0.5047180184511891,208
postal_code_L4F,0.5044904180611958,0.5044904180611958,209
postal_code_H5D,-0.5039294021196092,0.5039294021196092,210
postal_code_H3P,0.5037738528477088,0.5037738528477088,211
postal_code_L7I,0.5016273228571235,0.5016273228571235,212
postal_code_V3B,0.5013125084972267,0.5013125084972267,213
postal_code_B9Y,-0.5005424699496206,0.5005424699496206,214
postal_code_J4A,0.4996421069509777,0.4996421069509777,215
postal_code_R7H,0.4995831529308855,0.4995831529308855,216
postal_code_H3M,0.499495904370449,0.499495904370449,217
postal_code_T9I,0.4983053060638667,0.4983053060638667,218
postal_code_P8F,0.4960192203364882,0.4960192203364882,219
postal_code_E2R,0.4950976918548642,0.4950976918548642,220
postal_code_P9L,0.49192266572824395,0.49192266572824395,221
postal_code_K7E,0.49042372517495,0.49042372517495,222
postal_code_P5J,0.48988398628481533,0.48988398628481533,223
postal_code_R2K,0.48785206030854894,0.48785206030854894,224
postal_code_H6F,-0.486056256857197,0.486056256857197,225
postal_code_N2I,0.48477927821738104,0.48477927821738104,226
postal_code_R7A,0.4846759090634028,0.4846759090634028,227
postal_code_V5D,0.4845990621057825,0.4845990621057825,228
postal_code_H9S,0.48449366576354147,0.48449366576354147,229
postal_code_R7M,0.4834295066729737,0.4834295066729737,230
postal_code_T7W,0.48250852468552746,0.48250852468552746,231
postal_code_B8O,0.4823278286440352,0.4823278286440352,232
postal_code_A6Q,-0.47908256789268205,0.47908256789268205,233
postal_code_G8M,0.4788511033132762,0.4788511033132762,234
postal_code_G9F,0.47873505336675004,0.47873505336675004,235
postal_code_M8B,0.47813808564156235,0.47813808564156235,236
postal_code_R8Q,0.4773941188764824,0.4773941188764824,237
postal_code_T6I,0.4771353116647479,0.4771353116647479,238
postal_code_K5E,0.477025496332943,0.477025496332943,239
postal_code_H7J,0.4756163810586046,0.4756163810586046,240
postal_code_C5N,-0.47448445227203684,0.47448445227203684,241
postal_code_B7Q,0.47331473384949696,0.47331473384949696,242
postal_code_J2N,0.4728487793829933,0.4728487793829933,243
postal_code_V3G,0.4718636214082163,0.4718636214082163,244
postal_code_E8W,0.47126670531019116,0.47126670531019116,245
postal_code_B5O,0.4690185749290951,0.4690185749290951,246
postal_code_P1L,0.468645391826601,0.468645391826601,247
postal_code_R9F,0.4676574944024225,0.4676574944024225,248
postal_code_K9Y,0.4659594842253376,0.4659594842253376,249
postal_code_M3P,0.4654376045763589,0.4654376045763589,250
postal_code_E4Q,0.4642506907506114,0.4642506907506114,251
postal_code_M3D,-0.46416728386217926,0.46416728386217926,252
postal_code_S1U,0.46411331775255027,0.46411331775255027,253
postal_code_B6K,0.4634236312059993,0.4634236312059993,254
postal_code_E1O,0.46341437092172244,0.46341437092172244,255
postal_code_M7E,0.46256112082146994,0.46256112082146994,256
postal_code_K8U,-0.4610643940882492,0.4610643940882492,257
postal_code_P9N,0.4604820488313379,0.4604820488313379,258
postal_code_T7Y,0.46043517706774395,0.46043517706774395,259
postal_code_P6H,0.4599392113182277,0.4599392113182277,260
postal_code_J8C,0.45443263344973167,0.45443263344973167,261
postal_code_G4L,0.45368160336542046,0.45368160336542046,262
postal_code_M3S,0.4535894451596989,0.4535894451596989,263
postal_code_P4S,0.4519963813095957,0.4519963813095957,264
postal_code_P8G,0.451468287351587,0.451468287351587,265
postal_code_L4C,-0.4513967227706796,0.4513967227706796,266
postal_code_B6G,0.4510178589454242,0.4510178589454242,267
postal_code_M7N,0.4478636449555181,0.4478636449555181,268
postal_code_S1T,0.44755165710314176,0.44755165710314176,269
postal_code_J2T,0.4473773946428165,0.4473773946428165,270
postal_code_E5I,-0.44542781335678444,0.44542781335678444,271
postal_code_S3X,0.445083765132936,0.445083765132936,272
postal_code_P9D,0.44466135494433306,0.44466135494433306,273
postal_code_J5N,-0.4444195242885043,0.4444195242885043,274
postal_code_T9Z,0.442473927408627,0.442473927408627,275
postal_code_T3P,0.4419147903948274,0.4419147903948274,276
postal_code_L6O,0.4415910115608965,0.4415910115608965,277
postal_code_E2U,-0.4410805595227593,0.4410805595227593,278
postal_code_P8K,0.4388441334172023,0.4388441334172023,279
postal_code_H5M,0.43809595081528735,0.43809595081528735,280
postal_code_B5S,-0.4377052055687673,0.4377052055687673,281
postal_code_L3H,0.4375779630438375,0.4375779630438375,282
postal_code_H4P,-0.436531591305596,0.436531591305596,283
postal_code_L2Z,0.43615380561725203,0.43615380561725203,284
postal_code_L7R,0.43563389982152473,0.43563389982152473,285
postal_code_H6M,0.43459455054553375,0.43459455054553375,286
postal_code_P8E,0.4342474966046883,0.4342474966046883,287
postal_code_P7E,0.43360766572497844,0.43360766572497844,288
postal_code_S5M,0.43328034773554247,0.43328034773554247,289
postal_code_R6W,0.43249229278491597,0.43249229278491597,290
postal_code_M4J,0.43154636705890054,0.43154636705890054,291
postal_code_G5F,-0.43087761045569684,0.43087761045569684,292
postal_code_V8T,0.42965315225917533,0.42965315225917533,293
postal_code_S8S,0.42961736504072817,0.42961736504072817,294
postal_code_P2U,0.4294273345040335,0.4294273345040335,295
postal_code_G5H,-0.4287878442295164,0.4287878442295164,296
postal_code_B2I,0.426715235681353,0.426715235681353,297
postal_code_E3B,0.42616222621159777,0.42616222621159777,298
postal_code_E6G,0.425929430759993,0.425929430759993,299
postal_code_R4G,0.4252294996946133,0.4252294996946133,300
postal_code_S6G,-0.4245138936923457,0.4245138936923457,301
postal_code_N8Q,-0.4240235984853197,0.4240235984853197,302
postal_code_P7L,0.42400845795507636,0.42400845795507636,303
postal_code_B9X,0.42397497601629613,0.42397497601629613,304
postal_code_C4G,-0.42319194875742916,0.42319194875742916,305
postal_code_R5T,0.4227703136283281,0.4227703136283281,306
postal_code_S8E,0.4224939363525737,0.4224939363525737,307
postal_code_N6T,0.4221996141286983,0.4221996141286983,308
postal_code_A9A,-0.4220503767943544,0.4220503767943544,309
postal_code_S1B,0.42183875168326557,0.42183875168326557,310
postal_code_R7O,0.42146183701111356,0.42146183701111356,311
postal_code_P1C,0.42091731474894734,0.42091731474894734,312
postal_code_R4M,-0.4207764828557191,0.4207764828557191,313
postal_code_N1T,-0.42023594007890214,0.42023594007890214,314
postal_code_R7V,0.4184015822136925,0.4184015822136925,315
postal_code_S7M,0.4183172470484501,0.4183172470484501,316
postal_code_E3H,-0.4178876203967711,0.4178876203967711,317
postal_code_N9X,0.41658508502955843,0.41658508502955843,318
postal_code_N1B,0.4162737888263065,0.4162737888263065,319
postal_code_S2P,0.4158332567861909,0.4158332567861909,320
postal_code_J6B,0.4154984482269265,0.4154984482269265,321
postal_code_P9H,0.41501717189994175,0.41501717189994175,322
postal_code_M8U,-0.4139996555220893,0.4139996555220893,323
postal_code_T3H,0.4138291451096581,0.4138291451096581,324
postal_code_E6Y,0.41345703160014563,0.41345703160014563,325
postal_code_J9P,0.41331204724398984,0.41331204724398984,326
postal_code_V9Y,0.41321186679677185,0.41321186679677185,327
postal_code_N4Z,-0.4131545960692383,0.4131545960692383,328
postal_code_S4G,0.41251479897444726,0.41251479897444726,329
postal_code_G8T,-0.4114041102319036,0.4114041102319036,330
postal_code_J9R,0.410142369182593,0.410142369182593,331
postal_code_A2F,-0.409679503349941,0.409679503349941,332
postal_code_M2D,0.4093404382275345,0.4093404382275345,333
postal_code_J5Y,0.4093010169807536,0.4093010169807536,334
postal_code_M6P,-0.40840613762530364,0.40840613762530364,335
postal_code_K6P,-0.40803507551231016,0.40803507551231016,336
postal_code_G6Z,0.4079511752992015,0.4079511752992015,337
postal_code_S8T,0.40791984047741614,0.40791984047741614,338
postal_code_H3H,0.4078184848619263,0.4078184848619263,339
postal_code_M5N,0.40688234689061326,0.40688234689061326,340
postal_code_A2E,0.4061595202763785,0.4061595202763785,341
postal_code_S6J,0.4052815551757109,0.4052815551757109,342
postal_code_G6C,0.40520147671960827,0.40520147671960827,343
postal_code_L9C,-0.40398286151056745,0.40398286151056745,344
postal_code_A6V,0.40381711199631354,0.40381711199631354,345
postal_code_T2O,0.4034116928663226,0.4034116928663226,346
postal_code_M8O,0.40327084433161425,0.40327084433161425,347
postal_code_T1P,0.40296684114621467,0.40296684114621467,348
postal_code_T6L,0.4027836838908659,0.4027836838908659,349
postal_code_H1G,0.40267163032262493,0.40267163032262493,350
postal_code_K1X,0.40211831854009217,0.40211831854009217,351
postal_code_P3L,0.4019184898299461,0.4019184898299461,352
postal_code_L3L,0.4018485318485098,0.4018485318485098,353
postal_code_N7E,0.4015469769914517,0.4015469769914517,354
postal_code_A7B,-0.40097811210110235,0.40097811210110235,355
postal_code_S4Y,0.4007941886677591,0.4007941886677591,356
postal_code_P5A,0.40029768967278706,0.40029768967278706,357
postal_code_N4V,-0.3999096332067742,0.3999096332067742,358
postal_code_G1V,0.39948004183072167,0.39948004183072167,359
postal_code_R1V,0.3976983117882039,0.3976983117882039,360
postal_code_P3C,-0.3974408347623109,0.3974408347623109,361
postal_code_G5Z,0.3966769066526038,0.3966769066526038,362
postal_code_G5J,0.3959894591856193,0.3959894591856193,363
postal_code_P3B,0.39470374383530077,0.39470374383530077,364
postal_code_N1W,0.3946228763155859,0.3946228763155859,365
postal_code_R7U,-0.3938524733332685,0.3938524733332685,366
postal_code_G2U,-0.393485118885547,0.393485118885547,367
postal_code_R6D,-0.39273190281013287,0.39273190281013287,368
postal_code_J7R,0.3922268869171223,0.3922268869171223,369
postal_code_N8W,0.3920143054357848,0.3920143054357848,370
postal_code_S4M,-0.3919473480139806,0.3919473480139806,371
postal_code_N5H,0.39170899766741946,0.39170899766741946,372
postal_code_T1A,0.3913909187357606,0.3913909187357606,373
postal_code_E3I,-0.3912901388342387,0.3912901388342387,374
postal_code_R2Y,0.3912033740756412,0.3912033740756412,375
postal_code_L1T,-0.39102231985463776,0.39102231985463776,376
postal_code_J9G,-0.39084616079064427,0.39084616079064427,377
postal_code_V5Q,0.39007811441712065,0.39007811441712065,378
postal_code_R5A,-0.38989074396328643,0.38989074396328643,379
postal_code_S6I,0.3898316844076026,0.3898316844076026,380
postal_code_N6V,0.389804575657355,0.389804575657355,381
postal_code_B8N,-0.3894785317353047,0.3894785317353047,382
postal_code_S2E,-0.388570162778696,0.388570162778696,383
postal_code_V8L,-0.38726327471764127,0.38726327471764127,384
postal_code_P8W,0.38704143793170387,0.38704143793170387,385
postal_code_T6C,0.3866693979267582,0.3866693979267582,386
postal_code_T9Q,0.38507538016419846,0.38507538016419846,387
postal_code_L6A,0.3848481690065098,0.3848481690065098,388
postal_code_B3L,-0.38424703409540917,0.38424703409540917,389
postal_code_V2N,-0.3834507146859114,0.3834507146859114,390
postal_code_M3U,-0.38324004980307014,0.38324004980307014,391
postal_code_H9I,0.38272619040794903,0.38272619040794903,392
postal_code_K5M,0.38154044647138846,0.38154044647138846,393
postal_code_M9O,-0.3814371459797383,0.3814371459797383,394
postal_code_R6N,0.38142608061758804,0.38142608061758804,395
postal_code_R2Q,0.3800962311892726,0.3800962311892726,396
postal_code_H9A,0.379746527457894,0.379746527457894,397
postal_code_L4Y,0.37894724889149806,0.37894724889149806,398
postal_code_M9K,-0.37862409331156976,0.37862409331156976,399
postal_code_M1S,-0.3773295822684778,0.3773295822684778,400
postal_code_N7G,0.3766673908304625,0.3766673908304625,401
postal_code_B3D,0.3764554347462378,0.3764554347462378,402
postal_code_N5L,-0.3761982532202017,0.3761982532202017,403
postal_code_P4G,-0.37482774965041604,0.37482774965041604,404
postal_code_N7N,-0.3745740079877124,0.3745740079877124,405
postal_code_V3R,0.3742258654439526,0.3742258654439526,406
postal_code_L3R,0.37334333793938623,0.37334333793938623,407
postal_code_T5E,0.37273120966893153,0.37273120966893153,408
postal_code_V6X,0.37272375132283087,0.37272375132283087,409
postal_code_A9W,0.3716031377961051,0.3716031377961051,410
postal_code_C5Z,-0.37154863163381635,0.37154863163381635,411
postal_code_B1V,-0.37136903818214434,0.37136903818214434,412
postal_code_V1L,0.37132031768204943,0.37132031768204943,413
postal_code_A2O,0.370935361219284,0.370935361219284,414
postal_code_H7I,0.36882097569835925,0.36882097569835925,415
postal_code_L1W,0.3685899616633191,0.3685899616633191,416
postal_code_T6R,-0.3683276675274799,0.3683276675274799,417
postal_code_J4V,0.3678606723650498,0.3678606723650498,418
postal_code_T6Y,0.36777415508954425,0.36777415508954425,419
postal_code_K9M,-0.3672974638173678,0.3672974638173678,420
postal_code_N2L,0.3671215398567865,0.3671215398567865,421
postal_code_A9C,0.3665745103952731,0.3665745103952731,422
postal_code_B1D,-0.36645856561341444,0.36645856561341444,423
postal_code_H2B,0.36631020509899864,0.36631020509899864,424
postal_code_M1Q,-0.3661892710981951,0.3661892710981951,425
postal_code_L2F,0.36586167125818114,0.36586167125818114,426
postal_code_V7E,0.3648496510786945,0.3648496510786945,427
postal_code_M8S,-0.3644915391026211,0.3644915391026211,428
postal_code_T8B,0.36434142435733274,0.36434142435733274,429
postal_code_P9S,-0.3639093064831271,0.3639093064831271,430
postal_code_P5G,-0.36383528813389443,0.36383528813389443,431
postal_code_M5W,-0.3630696440292508,0.3630696440292508,432
postal_code_V8U,0.3624064903927036,0.3624064903927036,433
postal_code_G4P,0.36213636766345075,0.36213636766345075,434
postal_code_M2F,0.3615149517359889,0.3615149517359889,435
postal_code_G1S,-0.3613279179823462,0.3613279179823462,436
postal_code_L7M,-0.3613137622731282,0.3613137622731282,437
postal_code_V6V,-0.36125051415862874,0.36125051415862874,438
postal_code_B9U,-0.3603907467196501,0.3603907467196501,439
postal_code_N4W,0.36021767057762166,0.36021767057762166,440
postal_code_H5R,0.3602143907140885,0.3602143907140885,441
postal_code_R4B,0.35918785173994017,0.35918785173994017,442
postal_code_L3M,-0.35911231061719684,0.35911231061719684,443
postal_code_L4N,0.35890756737347307,0.35890756737347307,444
postal_code_S8R,-0.35885394540405857,0.35885394540405857,445
postal_code_J3I,0.3587040468728525,0.3587040468728525,446
postal_code_T7Q,0.35825177332188113,0.35825177332188113,447
postal_code_M4Y,0.35653431047071565,0.35653431047071565,448
postal_code_V4J,0.356477351290874,0.356477351290874,449
postal_code_V4H,0.35508863758560455,0.35508863758560455,450
postal_code_P4C,-0.35483177758906137,0.35483177758906137,451
postal_code_H1F,0.35461957095222,0.35461957095222,452
postal_code_T2C,0.35442088243186554,0.35442088243186554,453
postal_code_M3O,0.3540581811340446,0.3540581811340446,454
postal_code_K8S,-0.35379084388223675,0.35379084388223675,455
postal_code_M2G,-0.3530596709021276,0.3530596709021276,456
postal_code_P4Z,0.3529169134753373,0.3529169134753373,457
postal_code_P1P,0.3524941239733882,0.3524941239733882,458
postal_code_M4K,-0.3518587447018412,0.3518587447018412,459
postal_code_J5Q,-0.3518416129089417,0.3518416129089417,460
postal_code_K3P,-0.35171769389393487,0.35171769389393487,461
postal_code_P4F,-0.3514349223234915,0.3514349223234915,462
postal_code_G5O,-0.3510050442669369,0.3510050442669369,463
postal_code_L5V,0.35004137656396694,0.35004137656396694,464
postal_code_S2W,-0.34917022523050883,0.34917022523050883,465
postal_code_E8C,-0.3485433877297072,0.3485433877297072,466
postal_code_A1U,0.3477291479651977,0.3477291479651977,467
postal_code_S2X,-0.34747505360455766,0.34747505360455766,468
postal_code_R7C,-0.34745730718601275,0.34745730718601275,469
postal_code_C9M,-0.34694379537140685,0.34694379537140685,470
postal_code_H2J,0.34628913011318213,0.34628913011318213,471
postal_code_N4Y,0.34590984582040135,0.34590984582040135,472
postal_code_N5O,0.34590224224856747,0.34590224224856747,473
postal_code_A9U,0.34589016571637493,0.34589016571637493,474
postal_code_K3Q,0.34578724977495773,0.34578724977495773,475
postal_code_G4F,-0.3457233609252699,0.3457233609252699,476
postal_code_E1I,-0.34554919850295684,0.34554919850295684,477
postal_code_K9E,-0.3454969035549889,0.3454969035549889,478
postal_code_J3P,-0.34546635024123623,0.34546635024123623,479
postal_code_J4L,0.3446529119052526,0.3446529119052526,480
postal_code_C1E,0.3444048643458534,0.3444048643458534,481
postal_code_V7X,0.34420016652244173,0.34420016652244173,482
postal_code_P1F,0.34387548896008185,0.34387548896008185,483
postal_code_E8Q,0.34382817942176774,0.34382817942176774,484
postal_code_G8W,0.3437027417344365,0.3437027417344365,485
postal_code_S8P,0.34358443428308166,0.34358443428308166,486
postal_code_N3O,-0.34351302409323664,0.34351302409323664,487
postal_code_A4M,-0.34335540779807106,0.34335540779807106,488
postal_code_E5E,-0.3433091373634531,0.3433091373634531,489
postal_code_N3S,-0.34293737072585023,0.34293737072585023,490
postal_code_J3T,0.34291229907473236,0.34291229907473236,491
postal_code_G9G,-0.3428869567037994,0.3428869567037994,492
postal_code_H4J,-0.3428214539451682,0.3428214539451682,493
postal_code_K2Q,0.3427328496915024,0.3427328496915024,494
postal_code_J1Y,0.34249775329882964,0.34249775329882964,495
postal_code_P2M,0.342403063232106,0.342403063232106,496
postal_code_M4N,-0.34227138250930794,0.34227138250930794,497
postal_code_T1J,-0.3415919778130797,0.3415919778130797,498
postal_code_M7C,-0.340466436344687,0.340466436344687,499
postal_code_K4N,0.34030407268590657,0.34030407268590657,500
postal_code_V3M,0.3402859708651625,0.3402859708651625,501
postal_code_K8R,-0.340149126946051,0.340149126946051,502
postal_code_B8M,-0.34014754262327246,0.34014754262327246,503
postal_code_L2V,-0.3400161755187731,0.3400161755187731,504
postal_code_N2Q,0.33982976158772804,0.33982976158772804,505
postal_code_G8P,0.33958070069419927,0.33958070069419927,506
postal_code_N9V,0.33916418182173214,0.33916418182173214,507
postal_code_K4B,0.33911830458689685,0.33911830458689685,508
postal_code_M5R,-0.3384183894437564,0.3384183894437564,509
postal_code_K5G,0.33806229661298326,0.33806229661298326,510
postal_code_P6V,0.33802853827616985,0.33802853827616985,511
postal_code_L9N,0.3378857197833957,0.3378857197833957,512
postal_code_V4S,0.33784822242151924,0.33784822242151924,513
postal_code_C9O,-0.3373082295581791,0.3373082295581791,514
postal_code_J7B,0.33691238004569624,0.33691238004569624,515
postal_code_R1E,0.3353282042758911,0.3353282042758911,516
postal_code_K8V,0.3353100850183805,0.3353100850183805,517
postal_code_M2C,-0.33473470349654083,0.33473470349654083,518
postal_code_N2J,0.3346653064766708,0.3346653064766708,519
postal_code_H9O,-0.3335027906188578,0.3335027906188578,520
postal_code_J5W,-0.3334518179076023,0.3334518179076023,521
postal_code_L9R,-0.33335182799631796,0.33335182799631796,522
postal_code_S1F,-0.3332291890543131,0.3332291890543131,523
postal_code_M7V,-0.33300599261576325,0.33300599261576325,524
postal_code_J9O,-0.3317677052544468,0.3317677052544468,525
postal_code_K6J,-0.33168669089712616,0.33168669089712616,526
postal_code_K4P,-0.3314732463656221,0.3314732463656221,527
postal_code_J8W,-0.3311930980775885,0.3311930980775885,528
postal_code_A8N,-0.3308506695022767,0.3308506695022767,529
postal_code_L8U,0.33046497087410936,0.33046497087410936,530
postal_code_H6U,0.33036386935730316,0.33036386935730316,531
postal_code_C7B,-0.33032839782511525,0.33032839782511525,532
postal_code_N4A,-0.3303043450110037,0.3303043450110037,533
postal_code_V5R,-0.33018348826649196,0.33018348826649196,534
postal_code_R3M,0.33015220569614684,0.33015220569614684,535
postal_code_E7M,0.3298221778952886,0.3298221778952886,536
postal_code_V6B,0.3297072253421428,0.3297072253421428,537
postal_code_N7O,0.32962376505529994,0.32962376505529994,538
postal_code_K7U,-0.3295590515389724,0.3295590515389724,539
postal_code_S9N,0.329276944901673,0.329276944901673,540
postal_code_J4G,0.3289953559860764,0.3289953559860764,541
postal_code_S6Q,-0.3280903011276458,0.3280903011276458,542
postal_code_G1P,0.327804242367646,0.327804242367646,543
postal_code_L3K,-0.3277960586241404,0.3277960586241404,544
postal_code_P4P,-0.32762268760504015,0.32762268760504015,545
postal_code_T9B,-0.3274148319315568,0.3274148319315568,546
postal_code_R5Q,-0.3273741111348415,0.3273741111348415,547
postal_code_K4J,-0.3273257954515008,0.3273257954515008,548
postal_code_T6S,-0.32699179693776276,0.32699179693776276,549
postal_code_N9S,-0.32697930792925023,0.32697930792925023,550
postal_code_H4N,0.32674848698143755,0.32674848698143755,551
postal_code_R6K,-0.3266792423058629,0.3266792423058629,552
postal_code_N5R,-0.32648664855904064,0.32648664855904064,553
postal_code_P8S,-0.3262775790546575,0.3262775790546575,554
postal_code_K7A,0.3261267120159574,0.3261267120159574,555
postal_code_M2E,-0.3259090466968289,0.3259090466968289,556
postal_code_P6P,-0.32589077165788155,0.32589077165788155,557
postal_code_L4O,-0.32579361363449333,0.32579361363449333,558
postal_code_P6U,-0.3256737864786704,0.3256737864786704,559
postal_code_M7Y,-0.3254207271129961,0.3254207271129961,560
postal_code_R1M,0.3252133724718632,0.3252133724718632,561
postal_code_T4P,-0.3252105953955109,0.3252105953955109,562
postal_code_P6F,-0.32455555375739437,0.32455555375739437,563
postal_code_M9Q,0.3244596384434419,0.3244596384434419,564
postal_code_E9N,-0.324248414041776,0.324248414041776,565
postal_code_A1V,-0.324168453540965,0.324168453540965,566
postal_code_J2J,0.3240256480809632,0.3240256480809632,567
postal_code_R4U,-0.3239407204897984,0.3239407204897984,568
postal_code_E6U,-0.32376475191011195,0.32376475191011195,569
postal_code_K3X,-0.323603050980652,0.323603050980652,570
postal_code_P5C,0.3234485663924178,0.3234485663924178,571
postal_code_G3U,0.32342845659513125,0.32342845659513125,572
postal_code_L6C,0.3234268283231764,0.3234268283231764,573
postal_code_N8Z,-0.32295642530107815,0.32295642530107815,574
postal_code_G1T,-0.3228839160191786,0.3228839160191786,575
postal_code_C9H,-0.3228078153441877,0.3228078153441877,576
postal_code_H7O,-0.32213691472498157,0.32213691472498157,577
postal_code_G4I,-0.3221248437334845,0.3221248437334845,578
postal_code_M3X,0.3220041784602714,0.3220041784602714,579
postal_code_C6V,-0.3217603589642622,0.3217603589642622,580
postal_code_T5J,0.32139502313916096,0.32139502313916096,581
postal_code_E6B,-0.3213515742673468,0.3213515742673468,582
postal_code_K6K,0.32119745984298104,0.32119745984298104,583
postal_code_G6I,0.3210583887874663,0.3210583887874663,584
postal_code_R4J,-0.320940629876958,0.320940629876958,585
postal_code_G8E,0.3204050506006424,0.3204050506006424,586
postal_code_K5Y,0.32038172498445255,0.32038172498445255,587
postal_code_R5U,0.32020334473052936,0.32020334473052936,588
postal_code_S1D,0.32015468831732435,0.32015468831732435,589
postal_code_J3L,-0.3192936665381575,0.3192936665381575,590
postal_code_N4R,-0.31928892994330077,0.31928892994330077,591
postal_code_G7M,-0.3192669655413711,0.3192669655413711,592
postal_code_L5U,-0.3191574661776471,0.3191574661776471,593
postal_code_M4P,-0.31906646425936064,0.31906646425936064,594
postal_code_B3K,-0.31844242693083696,0.31844242693083696,595
postal_code_B8D,-0.31843643819617984,0.31843643819617984,596
postal_code_L6L,0.3180371812278438,0.3180371812278438,597
postal_code_S5C,-0.3180261663513429,0.3180261663513429,598
postal_code_E7Q,-0.31793563193994434,0.31793563193994434,599
postal_code_R1F,-0.31716836272004356,0.31716836272004356,600
postal_code_P9P,0.31707153698412477,0.31707153698412477,601
postal_code_G9E,-0.31704822066911204,0.31704822066911204,602
postal_code_L5I,0.3169917874558063,0.3169917874558063,603
postal_code_L5C,0.3168673047697748,0.3168673047697748,604
postal_code_J9J,0.3168502308892857,0.3168502308892857,605
postal_code_C1B,-0.3167094126389717,0.3167094126389717,606
postal_code_L9A,-0.3166040512987704,0.3166040512987704,607
postal_code_G2P,0.3165867777388047,0.3165867777388047,608
postal_code_P6Y,-0.31652271908890284,0.31652271908890284,609
postal_code_J3G,0.31625844565171757,0.31625844565171757,610
postal_code_H4V,-0.31572799203633795,0.31572799203633795,611
postal_code_E6S,-0.31549458242195283,0.31549458242195283,612
postal_code_C7Y,-0.31540379289902365,0.31540379289902365,613
postal_code_B8R,0.31505184885673193,0.31505184885673193,614
postal_code_T6T,-0.3149365875493867,0.3149365875493867,615
postal_code_G1M,0.3148832648676611,0.3148832648676611,616
postal_code_P1O,-0.3147081657192005,0.3147081657192005,617
postal_code_V2R,-0.314230565597802,0.314230565597802,618
postal_code_J2A,-0.3141766196872644,0.3141766196872644,619
postal_code_L5Y,-0.31398254284490285,0.31398254284490285,620
postal_code_N6D,0.3138023615934897,0.3138023615934897,621
postal_code_H7H,-0.3134629342550421,0.3134629342550421,622
postal_code_G5N,-0.3133859381292093,0.3133859381292093,623
postal_code_K5S,0.3132989304464336,0.3132989304464336,624
postal_code_N6A,0.3127687057348053,0.3127687057348053,625
postal_code_P5Y,-0.3127640150444826,0.3127640150444826,626
postal_code_S9M,-0.31261758923606053,0.31261758923606053,627
postal_code_T2Z,-0.31256373938445003,0.31256373938445003,628
postal_code_B4T,0.31252263304347233,0.31252263304347233,629
postal_code_K5O,-0.31244068211319,0.31244068211319,630
postal_code_G3Y,-0.3122531832858432,0.3122531832858432,631
postal_code_G2R,-0.3122118508592021,0.3122118508592021,632
postal_code_N2O,0.3121775228385606,0.3121775228385606,633
postal_code_T8J,0.31216671055716105,0.31216671055716105,634
postal_code_G3G,-0.3120396066509607,0.3120396066509607,635
postal_code_N9B,-0.31202327473725616,0.31202327473725616,636
postal_code_L7O,-0.31114571494963883,0.31114571494963883,637
postal_code_N4O,-0.31112401760182995,0.31112401760182995,638
postal_code_J5T,-0.3109740808437576,0.3109740808437576,639
postal_code_P6N,0.3107389030911768,0.3107389030911768,640
postal_code_H4S,0.310580255113254,0.310580255113254,641
postal_code_K8A,-0.31057101776191565,0.31057101776191565,642
postal_code_L5N,-0.31041580376156325,0.31041580376156325,643
postal_code_N9F,-0.31017342610569776,0.31017342610569776,644
postal_code_K8H,-0.3097816780543589,0.3097816780543589,645
postal_code_G2B,-0.30966726780785037,0.30966726780785037,646
postal_code_G6J,-0.30956837456859787,0.30956837456859787,647
postal_code_L7T,-0.30905900475314846,0.30905900475314846,648
postal_code_M2V,0.3088198462341123,0.3088198462341123,649
postal_code_R3J,-0.30872252385441723,0.30872252385441723,650
postal_code_E8Y,-0.3086972228880513,0.3086972228880513,651
postal_code_R3V,0.3079911979665468,0.3079911979665468,652
postal_code_K3R,-0.30752928696062554,0.30752928696062554,653
postal_code_E2G,-0.3074371748419913,0.3074371748419913,654
postal_code_H8L,0.30727659681551234,0.30727659681551234,655
postal_code_B1U,-0.3069461073920269,0.3069461073920269,656
postal_code_M1W,0.3068776299477723,0.3068776299477723,657
postal_code_L9G,-0.30658552409109197,0.30658552409109197,658
postal_code_T5W,-0.3065299733544867,0.3065299733544867,659
postal_code_V6I,-0.30603764657854393,0.30603764657854393,660
postal_code_J1N,-0.3057224387206001,0.3057224387206001,661
postal_code_G5I,0.3052505869656811,0.3052505869656811,662
postal_code_L8P,-0.3052243624236254,0.3052243624236254,663
postal_code_J8Z,-0.30495539169529173,0.30495539169529173,664
postal_code_M6G,-0.3047665389296686,0.3047665389296686,665
postal_code_V8W,-0.30473855939669875,0.30473855939669875,666
postal_code_R5X,0.30439795541134185,0.30439795541134185,667
postal_code_T5A,-0.30438540850865103,0.30438540850865103,668
postal_code_M5E,-0.3043583939686408,0.3043583939686408,669
postal_code_P4T,-0.30431325298123096,0.30431325298123096,670
postal_code_J9N,-0.3041867777891414,0.3041867777891414,671
postal_code_H2U,0.30389751364039586,0.30389751364039586,672
postal_code_A8E,0.3038626489071457,0.3038626489071457,673
postal_code_H3E,0.30383708931416664,0.30383708931416664,674
postal_code_A8L,-0.30381406861961413,0.30381406861961413,675
postal_code_K4Y,-0.30345074739797806,0.30345074739797806,676
postal_code_S7Y,-0.303412336253921,0.303412336253921,677
postal_code_M5A,-0.3032814581671909,0.3032814581671909,678
postal_code_A2I,-0.30297752191093147,0.30297752191093147,679
postal_code_T2I,-0.30276618750863366,0.30276618750863366,680
postal_code_S8B,-0.302747792618769,0.302747792618769,681
postal_code_R6H,0.3027034129708216,0.3027034129708216,682
postal_code_G7D,-0.30257977845343914,0.30257977845343914,683
postal_code_R3T,-0.3024989468589793,0.3024989468589793,684
postal_code_M2B,-0.3023112712874385,0.3023112712874385,685
postal_code_A7H,-0.3022510767974728,0.3022510767974728,686
postal_code_B1W,-0.3020902277910525,0.3020902277910525,687
postal_code_J7N,0.30201847663591985,0.30201847663591985,688
postal_code_P2L,-0.30149157590474907,0.30149157590474907,689
postal_code_H3Q,0.30131191181213196,0.30131191181213196,690
postal_code_N7K,-0.3012337316623557,0.3012337316623557,691
postal_code_M5X,-0.30114425220400254,0.30114425220400254,692
postal_code_B9H,0.3008327624714851,0.3008327624714851,693
postal_code_T8T,0.30059889352623453,0.30059889352623453,694
postal_code_P4U,-0.3005678090596196,0.3005678090596196,695
postal_code_V9G,-0.30044517482076943,0.30044517482076943,696
postal_code_B3Z,-0.30026338582874357,0.30026338582874357,697
postal_code_V1N,-0.3001092572091694,0.3001092572091694,698
postal_code_T1N,-0.3000382857106011,0.3000382857106011,699
postal_code_M8Z,-0.29990462525538614,0.29990462525538614,700
postal_code_J9B,-0.2996378733217992,0.2996378733217992,701
postal_code_T5K,-0.2996349384266502,0.2996349384266502,702
postal_code_B9L,-0.2994696863085961,0.2994696863085961,703
postal_code_R2O,0.298800140666285,0.298800140666285,704
postal_code_K4W,0.2987851469779729,0.2987851469779729,705
postal_code_R7J,-0.29876263963512734,0.29876263963512734,706
postal_code_L5E,-0.2984656693393647,0.2984656693393647,707
postal_code_B3E,0.29836791855990114,0.29836791855990114,708
postal_code_T6H,-0.29829547453804484,0.29829547453804484,709
postal_code_V9V,-0.29810878417759723,0.29810878417759723,710
postal_code_L3U,0.29801478401582987,0.29801478401582987,711
postal_code_M8D,-0.2978329771634944,0.2978329771634944,712
postal_code_V8E,-0.2977625437221215,0.2977625437221215,713
postal_code_E1D,-0.2974696451914882,0.2974696451914882,714
postal_code_G9B,-0.2970370786986498,0.2970370786986498,715
postal_code_A3Q,0.2968420249297594,0.2968420249297594,716
postal_code_L3Q,-0.2967842162297075,0.2967842162297075,717
postal_code_N5J,-0.29647905675436326,0.29647905675436326,718
postal_code_V4N,-0.2963631734604177,0.2963631734604177,719
postal_code_A9K,-0.2958553833579138,0.2958553833579138,720
postal_code_P6D,0.2958283185461487,0.2958283185461487,721
postal_code_B9S,0.29565414005121,0.29565414005121,722
postal_code_L4G,0.29514315510616373,0.29514315510616373,723
postal_code_E5V,0.29502465194032546,0.29502465194032546,724
postal_code_T4Y,0.294887747841814,0.294887747841814,725
postal_code_C1U,0.29457758004099266,0.29457758004099266,726
postal_code_T1I,-0.29454239036891955,0.29454239036891955,727
postal_code_M7R,-0.2944629363556164,0.2944629363556164,728
postal_code_M2M,0.2941406591945237,0.2941406591945237,729
postal_code_L7Z,-0.29405852619970874,0.29405852619970874,730
postal_code_C9Y,-0.2939903244485708,0.2939903244485708,731
postal_code_G9A,-0.29380269554401156,0.29380269554401156,732
postal_code_S6R,0.29372313305733966,0.29372313305733966,733
postal_code_A3G,0.29359780004825253,0.29359780004825253,734
postal_code_J4X,0.29354960182505097,0.29354960182505097,735
postal_code_L6R,-0.292995131321969,0.292995131321969,736
postal_code_N6X,-0.29292138291065684,0.29292138291065684,737
postal_code_M1C,0.29241510229213236,0.29241510229213236,738
postal_code_K1V,-0.29230379142890883,0.29230379142890883,739
postal_code_C5R,-0.2922674601821734,0.2922674601821734,740
postal_code_K5V,-0.2917592024968186,0.2917592024968186,741
postal_code_C3S,-0.2915961923095145,0.2915961923095145,742
postal_code_A8F,-0.2915310677287209,0.2915310677287209,743
postal_code_V2L,-0.2914656524259549,0.2914656524259549,744
postal_code_G9O,-0.29141687347039547,0.29141687347039547,745
postal_code_J7X,-0.291395516644965,0.291395516644965,746
postal_code_G1I,-0.29109855304210597,0.29109855304210597,747
postal_code_J7Y,0.29103228399824693,0.29103228399824693,748
postal_code_T6F,-0.2904960268144056,0.2904960268144056,749
postal_code_S1W,0.2904582074953527,0.2904582074953527,750
postal_code_E8V,-0.2904412829449262,0.2904412829449262,751
postal_code_P2W,-0.29035597919156975,0.29035597919156975,752
postal_code_N6H,-0.28994002186550744,0.28994002186550744,753
postal_code_N2E,0.2898519342684577,0.2898519342684577,754
postal_code_B9V,-0.2897779566945441,0.2897779566945441,755
postal_code_V2M,0.28974611286725127,0.28974611286725127,756
postal_code_B2E,-0.28965607334148236,0.28965607334148236,757
postal_code_S5G,-0.28963848946632187,0.28963848946632187,758
postal_code_V1Y,-0.28950696770488854,0.28950696770488854,759
postal_code_K7L,-0.2893257709241937,0.2893257709241937,760
postal_code_B3X,0.2890900076047563,0.2890900076047563,761
postal_code_R5I,-0.2887680969126894,0.2887680969126894,762
postal_code_M5D,-0.28865558580940837,0.28865558580940837,763
postal_code_P5Q,0.28854144215073535,0.28854144215073535,764
postal_code_J1P,-0.2882995908462401,0.2882995908462401,765
postal_code_V6A,-0.2882962849369914,0.2882962849369914,766
postal_code_L4R,0.28812777221721897,0.28812777221721897,767
postal_code_G7K,0.2879850249691292,0.2879850249691292,768
postal_code_B8L,-0.2879644034640324,0.2879644034640324,769
postal_code_V3P,-0.28792508370981246,0.28792508370981246,770
postal_code_N8R,0.2875874807880165,0.2875874807880165,771
postal_code_P2F,-0.2875028710851585,0.2875028710851585,772
postal_code_T8R,-0.2874741612747177,0.2874741612747177,773
postal_code_T9E,-0.2872824554818621,0.2872824554818621,774
postal_code_G6X,-0.28720038602356573,0.28720038602356573,775
postal_code_V3Y,0.287173624347301,0.287173624347301,776
postal_code_K4D,-0.2870654892064673,0.2870654892064673,777
postal_code_K7Q,-0.28682925615646926,0.28682925615646926,778
postal_code_G2G,0.286502409032953,0.286502409032953,779
postal_code_K1B,-0.2864000227819612,0.2864000227819612,780
postal_code_R6T,0.2862830354608769,0.2862830354608769,781
postal_code_K1H,-0.286222327476155,0.286222327476155,782
postal_code_T6W,-0.28621758154880683,0.28621758154880683,783
postal_code_G1Q,-0.28592678727349075,0.28592678727349075,784
postal_code_K2V,0.28582248145288347,0.28582248145288347,785
postal_code_R6F,0.2854062941267404,0.2854062941267404,786
postal_code_J2I,-0.28532297227309256,0.28532297227309256,787
postal_code_T6B,-0.2849748451439373,0.2849748451439373,788
postal_code_L6S,0.2847375922650086,0.2847375922650086,789
postal_code_G3S,0.2847162988982309,0.2847162988982309,790
postal_code_A8Y,-0.28443178119160983,0.28443178119160983,791
postal_code_A1F,-0.28437845592649685,0.28437845592649685,792
postal_code_T5T,-0.28435360903320694,0.28435360903320694,793
postal_code_E9L,-0.28426719781736537,0.28426719781736537,794
postal_code_N5N,0.28400453778934426,0.28400453778934426,795
postal_code_K5I,-0.28396679675510783,0.28396679675510783,796
postal_code_A7S,-0.2839536239088368,0.2839536239088368,797
postal_code_R5C,0.28389607526271343,0.28389607526271343,798
postal_code_L3E,-0.28369001420012446,0.28369001420012446,799
postal_code_R4W,0.28335496335198873,0.28335496335198873,800
postal_code_G7G,-0.28321538496414367,0.28321538496414367,801
postal_code_R3W,0.2831104324698491,0.2831104324698491,802
postal_code_V1U,-0.28304665061028916,0.28304665061028916,803
postal_code_A8C,-0.28303439003679126,0.28303439003679126,804
postal_code_J5L,-0.2828964514820686,0.2828964514820686,805
postal_code_A3L,-0.2827022399680338,0.2827022399680338,806
postal_code_T1U,-0.2825494126940403,0.2825494126940403,807
postal_code_V6H,-0.2823875082167122,0.2823875082167122,808
postal_code_H7A,-0.2819684661920617,0.2819684661920617,809
postal_code_N2G,-0.2819161606000686,0.2819161606000686,810
postal_code_G3R,-0.2818880474211306,0.2818880474211306,811
postal_code_M5G,-0.2818875761298436,0.2818875761298436,812
postal_code_V7Y,0.28164078366968615,0.28164078366968615,813
postal_code_L6Q,-0.281435174770694,0.281435174770694,814
postal_code_L6H,0.2813545813715268,0.2813545813715268,815
postal_code_K2L,0.28135279631365995,0.28135279631365995,816
postal_code_E6F,0.2813517999497799,0.2813517999497799,817
postal_code_V9T,-0.28109673280878905,0.28109673280878905,818
postal_code_K1W,-0.28094976228939356,0.28094976228939356,819
postal_code_A1Q,0.28076157157268633,0.28076157157268633,820
postal_code_A7A,-0.28069122783536277,0.28069122783536277,821
postal_code_T1O,-0.2804526067247901,0.2804526067247901,822
postal_code_V3H,0.28044754344791417,0.28044754344791417,823
postal_code_P2Z,-0.28003877172272595,0.28003877172272595,824
postal_code_R3U,0.27998842703304244,0.27998842703304244,825
postal_code_G8F,0.27952678416470056,0.27952678416470056,826
postal_code_L1V,-0.27908148961428,0.27908148961428,827
postal_code_B4X,-0.27888518902555315,0.27888518902555315,828
postal_code_M4Z,-0.27860486865663103,0.27860486865663103,829
postal_code_M1E,0.2783420281005478,0.2783420281005478,830
postal_code_N4C,-0.27819717440002373,0.27819717440002373,831
postal_code_G9Y,-0.2780555635648814,0.2780555635648814,832
postal_code_L9I,-0.27787531358141465,0.27787531358141465,833
postal_code_S7E,-0.27769673552459523,0.27769673552459523,834
postal_code_G7L,-0.27763712875555974,0.27763712875555974,835
postal_code_H5P,-0.27754039910225736,0.27754039910225736,836
postal_code_L5X,0.2771070003955851,0.2771070003955851,837
postal_code_V8V,0.2770614193868311,0.2770614193868311,838
postal_code_G8V,-0.27690732632484377,0.27690732632484377,839
postal_code_P8D,-0.27680088761593236,0.27680088761593236,840
postal_code_B7C,-0.2767799097114781,0.2767799097114781,841
postal_code_J4O,-0.2766891058715935,0.2766891058715935,842
postal_code_K3I,0.27668215009823827,0.27668215009823827,843
postal_code_B9A,-0.27663179734977206,0.27663179734977206,844
postal_code_K6G,-0.27624652057699284,0.27624652057699284,845
postal_code_H6S,-0.27617321360153224,0.27617321360153224,846
postal_code_E1F,0.2760997840855983,0.2760997840855983,847
postal_code_G8D,-0.2759840798152555,0.2759840798152555,848
postal_code_P2Q,-0.27587410099832715,0.27587410099832715,849
postal_code_M9A,-0.27559493680518654,0.27559493680518654,850
postal_code_K9N,-0.2755187596739773,0.2755187596739773,851
postal_code_R4A,0.27541450328859884,0.27541450328859884,852
postal_code_N7M,-0.2753601548934705,0.2753601548934705,853
postal_code_N5W,-0.2753509666588381,0.2753509666588381,854
postal_code_M5M,0.2750473966129328,0.2750473966129328,855
postal_code_R8C,-0.2750232120472701,0.2750232120472701,856
postal_code_H2M,-0.2747966716798411,0.2747966716798411,857
postal_code_J3R,-0.2747595956487039,0.2747595956487039,858
postal_code_L1H,0.2745612226389317,0.2745612226389317,859
postal_code_E4M,0.27444732984457226,0.27444732984457226,860
postal_code_R3D,-0.27426044470810257,0.27426044470810257,861
postal_code_K4A,0.2741972574631214,0.2741972574631214,862
postal_code_T5D,-0.2741693326330056,0.2741693326330056,863
postal_code_P5Z,0.2740824115056858,0.2740824115056858,864
postal_code_L2T,-0.273970252669166,0.273970252669166,865
postal_code_J5P,0.27394201735716367,0.27394201735716367,866
postal_code_H7S,0.2738434365506029,0.2738434365506029,867
postal_code_A5Z,-0.27378024123541783,0.27378024123541783,868
postal_code_S1I,-0.27372495381377815,0.27372495381377815,869
postal_code_K9W,-0.2734971681314401,0.2734971681314401,870
postal_code_L3I,-0.2724685225429916,0.2724685225429916,871
postal_code_S9H,-0.2723731221002749,0.2723731221002749,872
postal_code_T9W,0.2723435958845855,0.2723435958845855,873
postal_code_P4N,0.2721279414112036,0.2721279414112036,874
postal_code_S9E,-0.27202411439054036,0.27202411439054036,875
postal_code_B2S,0.27196808925184207,0.27196808925184207,876
postal_code_V4Q,-0.27193541545378647,0.27193541545378647,877
postal_code_K7F,-0.2718955887643228,0.2718955887643228,878
postal_code_J6H,-0.27143265044291953,0.27143265044291953,879
postal_code_M1D,-0.270940699425246,0.270940699425246,880
postal_code_H6C,-0.27089386499890655,0.27089386499890655,881
postal_code_R2Z,-0.2707940966693905,0.2707940966693905,882
postal_code_R1B,-0.27063022473950815,0.27063022473950815,883
postal_code_M5B,0.27053035731482844,0.27053035731482844,884
postal_code_B3O,0.2705140151768246,0.2705140151768246,885
postal_code_J2Y,0.2702944121968229,0.2702944121968229,886
postal_code_J2G,-0.2700093390506529,0.2700093390506529,887
postal_code_R2W,-0.26966214466159333,0.26966214466159333,888
postal_code_R3X,0.269599147570678,0.269599147570678,889
postal_code_R6Y,-0.2694275197692563,0.2694275197692563,890
postal_code_M6V,-0.2688420663175946,0.2688420663175946,891
postal_code_T5Z,-0.26865024140357424,0.26865024140357424,892
postal_code_P5N,0.26864243771730256,0.26864243771730256,893
postal_code_G4V,-0.2686365949429947,0.2686365949429947,894
postal_code_L1M,-0.2684534020873225,0.2684534020873225,895
postal_code_P5S,-0.2683934708442323,0.2683934708442323,896
postal_code_G7Q,-0.2680746688313758,0.2680746688313758,897
postal_code_T4H,0.2680447066617076,0.2680447066617076,898
postal_code_N9T,-0.26797608140419465,0.26797608140419465,899
postal_code_L3Z,-0.2666202449706613,0.2666202449706613,900
postal_code_K7K,-0.2665694245157654,0.2665694245157654,901
postal_code_V9I,-0.2665594107196388,0.2665594107196388,902
postal_code_V3O,-0.2665170240392032,0.2665170240392032,903
postal_code_L1Q,-0.26634504936065284,0.26634504936065284,904
postal_code_V1H,-0.26610193855233405,0.26610193855233405,905
postal_code_K7M,-0.2660748923277655,0.2660748923277655,906
postal_code_H5N,-0.26607379467829223,0.26607379467829223,907
postal_code_H3L,-0.2657008116362908,0.2657008116362908,908
postal_code_J2Q,0.2651532948975173,0.2651532948975173,909
postal_code_M7Q,-0.2650605331886519,0.2650605331886519,910
postal_code_T2N,-0.2649321261931399,0.2649321261931399,911
postal_code_L2M,0.26492259448080907,0.26492259448080907,912
postal_code_L3S,0.264640949296588,0.264640949296588,913
postal_code_N6P,-0.26440993398679596,0.26440993398679596,914
postal_code_N8C,-0.26435684871847803,0.26435684871847803,915
postal_code_J2U,-0.2642015405906044,0.2642015405906044,916
postal_code_S9A,-0.263907685725249,0.263907685725249,917
postal_code_H3Z,0.26346090833815267,0.26346090833815267,918
postal_code_T7R,-0.2632434083126457,0.2632434083126457,919
postal_code_N5A,-0.262772624991929,0.262772624991929,920
postal_code_A4X,-0.2627407728581544,0.2627407728581544,921
postal_code_K1J,0.2627397325519691,0.2627397325519691,922
postal_code_J9M,-0.262724281250088,0.262724281250088,923
postal_code_H7N,-0.26263322398795563,0.26263322398795563,924
postal_code_E5L,-0.26240758587628504,0.26240758587628504,925
postal_code_R5Z,-0.2622904580929683,0.2622904580929683,926
postal_code_L1U,-0.2621822974642535,0.2621822974642535,927
postal_code_A9B,-0.2621568253335927,0.2621568253335927,928
postal_code_M8T,0.2618593812065376,0.2618593812065376,929
postal_code_K6U,-0.26177935237085903,0.26177935237085903,930
postal_code_T7M,-0.26172504919481204,0.26172504919481204,931
postal_code_J9A,-0.2617111537617758,0.2617111537617758,932
postal_code_V8A,-0.26145648098062896,0.26145648098062896,933
postal_code_P9V,-0.2613211731370964,0.2613211731370964,934
postal_code_J4F,-0.261291982815513,0.261291982815513,935
postal_code_T4X,-0.26080332225400255,0.26080332225400255,936
postal_code_K3C,-0.2605413423556792,0.2605413423556792,937
postal_code_P7M,-0.26008815444044525,0.26008815444044525,938
postal_code_M5I,-0.2600782996348944,0.2600782996348944,939
postal_code_P7N,0.2600370374104884,0.2600370374104884,940
postal_code_E8F,-0.2599234456202636,0.2599234456202636,941
postal_code_H2Y,0.2597040054788394,0.2597040054788394,942
postal_code_R3K,-0.2597014231195459,0.2597014231195459,943
postal_code_J5F,-0.25963878825624925,0.25963878825624925,944
postal_code_R4F,-0.2595727996340824,0.2595727996340824,945
postal_code_G9K,-0.25949630667879786,0.25949630667879786,946
postal_code_J8M,-0.2594343422342929,0.2594343422342929,947
postal_code_P2Y,0.2594260041558526,0.2594260041558526,948
postal_code_N3X,0.2594065635538914,0.2594065635538914,949
postal_code_J1I,-0.2591899401220266,0.2591899401220266,950
postal_code_G5R,0.2591622690250613,0.2591622690250613,951
postal_code_K2A,0.2587942693372939,0.2587942693372939,952
postal_code_L7B,-0.25857375862453885,0.25857375862453885,953
postal_code_S8O,-0.2585446408732796,0.2585446408732796,954
postal_code_M1O,-0.25833883990249495,0.25833883990249495,955
postal_code_J1X,-0.25831674523770554,0.25831674523770554,956
postal_code_T8O,-0.25757981929578416,0.25757981929578416,957
postal_code_J6T,-0.2575249370330664,0.2575249370330664,958
postal_code_J3V,0.25746685636131644,0.25746685636131644,959
postal_code_H9Q,-0.25738366984123984,0.25738366984123984,960
postal_code_V8I,0.25731480031702164,0.25731480031702164,961
postal_code_M2N,-0.2573109707783354,0.2573109707783354,962
postal_code_K7H,-0.25728178104330934,0.25728178104330934,963
postal_code_G3B,-0.2569224101250594,0.2569224101250594,964
postal_code_J8R,-0.25688127946199596,0.25688127946199596,965
postal_code_G7S,-0.25683648803266446,0.25683648803266446,966
postal_code_A6F,0.2566173582459684,0.2566173582459684,967
postal_code_P4O,-0.2565274200360675,0.2565274200360675,968
postal_code_P7I,0.2564124632427729,0.2564124632427729,969
postal_code_S6V,-0.2563551563401117,0.2563551563401117,970
postal_code_V9W,-0.25611175699029387,0.25611175699029387,971
postal_code_T5H,-0.25579478771487973,0.25579478771487973,972
postal_code_N9P,-0.2557277673972556,0.2557277673972556,973
postal_code_H6D,-0.2556658181683298,0.2556658181683298,974
postal_code_N5C,0.2555918205984991,0.2555918205984991,975
postal_code_M9Z,0.2554119479120265,0.2554119479120265,976
postal_code_J8N,-0.25537687299744705,0.25537687299744705,977
postal_code_M6X,0.2552396586879921,0.2552396586879921,978
postal_code_M4E,-0.25520994993852736,0.25520994993852736,979
postal_code_K8T,-0.25520364427427045,0.25520364427427045,980
postal_code_V2F,0.2550349255035941,0.2550349255035941,981
postal_code_J9W,-0.25503095702762457,0.25503095702762457,982
postal_code_R9C,0.2548865013005119,0.2548865013005119,983
postal_code_V4E,-0.2548621055446268,0.2548621055446268,984
postal_code_V2K,-0.2545160280126466,0.2545160280126466,985
postal_code_V8Z,0.25428049252590756,0.25428049252590756,986
postal_code_G8L,0.2541522888685364,0.2541522888685364,987
postal_code_J8I,-0.2541383708720958,0.2541383708720958,988
postal_code_G8Q,0.25412864464705576,0.25412864464705576,989
postal_code_N6C,-0.25401266630716024,0.25401266630716024,990
postal_code_R5W,-0.25338778663021777,0.25338778663021777,991
postal_code_M4U,0.2531866153857606,0.2531866153857606,992
postal_code_G9Q,-0.2531784781505174,0.2531784781505174,993
postal_code_C9P,0.25303750851692414,0.25303750851692414,994
postal_code_S9I,-0.25293327524357473,0.25293327524357473,995
postal_code_R3Q,0.25272195614568627,0.25272195614568627,996
postal_code_K5N,0.25259733521516786,0.25259733521516786,997
postal_code_S8Y,0.25248488622313,0.25248488622313,998
postal_code_T6N,0.2524398937876438,0.2524398937876438,999
postal_code_V7R,-0.2524295729799532,0.2524295729799532,1000
postal_code_P8H,-0.2523701320953544,0.2523701320953544,1001
postal_code_J6F,-0.2522286663254725,0.2522286663254725,1002
postal_code_P9W,-0.25204400242041486,0.25204400242041486,1003
postal_code_M1F,-0.2519917361184912,0.2519917361184912,1004
postal_code_M8X,0.25167018711195455,0.25167018711195455,1005
postal_code_S8C,-0.251460353081641,0.251460353081641,1006
postal_code_B5J,-0.25135136711170397,0.25135136711170397,1007
postal_code_H6J,-0.2511768252168915,0.2511768252168915,1008
postal_code_A4S,-0.2510879904870001,0.2510879904870001,1009
postal_code_G9W,-0.2510828168525259,0.2510828168525259,1010
postal_code_S7T,-0.2509998869451085,0.2509998869451085,1011
postal_code_G1C,0.2508094664087198,0.2508094664087198,1012
postal_code_P2K,-0.25075432091540517,0.25075432091540517,1013
postal_code_A8R,-0.25043962665341973,0.25043962665341973,1014
postal_code_A4L,-0.25015288985850187,0.25015288985850187,1015
postal_code_E5P,0.249894281112941,0.249894281112941,1016
postal_code_B3S,0.24972112601495086,0.24972112601495086,1017
postal_code_L9U,-0.2497047023450832,0.2497047023450832,1018
postal_code_B4M,-0.24954565485308117,0.24954565485308117,1019
postal_code_A8Q,-0.24951890792851772,0.24951890792851772,1020
postal_code_E6C,0.2494446515644141,0.2494446515644141,1021
postal_code_H1I,-0.24944057275189993,0.24944057275189993,1022
postal_code_P9Q,-0.2494091761358331,0.2494091761358331,1023
postal_code_G3C,0.24939398244780878,0.24939398244780878,1024
postal_code_E9K,-0.24933130544827273,0.24933130544827273,1025
postal_code_T9T,0.24901760140972998,0.24901760140972998,1026
postal_code_R7L,-0.24872749213923423,0.24872749213923423,1027
postal_code_B8Y,-0.24853600863570724,0.24853600863570724,1028
postal_code_J7F,-0.2484774537389836,0.2484774537389836,1029
postal_code_B5Y,-0.248453526824398,0.248453526824398,1030
postal_code_R4D,-0.2483029814106296,0.2483029814106296,1031
postal_code_N6G,-0.2482888688466748,0.2482888688466748,1032
postal_code_G5X,-0.2482770257818908,0.2482770257818908,1033
postal_code_G3D,-0.24814921556794922,0.24814921556794922,1034
postal_code_E4K,-0.24768142793220874,0.24768142793220874,1035
postal_code_S6F,0.24749341002102973,0.24749341002102973,1036
postal_code_K4E,-0.2474131552172942,0.2474131552172942,1037
postal_code_A6O,-0.2473087110292033,0.2473087110292033,1038
postal_code_N3E,0.2472013322413321,0.2472013322413321,1039
postal_code_T1G,-0.2471432216691098,0.2471432216691098,1040
postal_code_N5V,0.24706434303054522,0.24706434303054522,1041
postal_code_J3Z,-0.24704598498378597,0.24704598498378597,1042
postal_code_B1R,0.24695286791444124,0.24695286791444124,1043
postal_code_G7U,-0.2469120368756123,0.2469120368756123,1044
postal_code_H8H,0.24687424571790065,0.24687424571790065,1045
postal_code_H6Q,-0.24635928694669965,0.24635928694669965,1046
postal_code_P7A,-0.24601124878074468,0.24601124878074468,1047
postal_code_G2O,-0.24579004680979386,0.24579004680979386,1048
postal_code_S8Q,-0.24560802242852103,0.24560802242852103,1049
postal_code_R8X,-0.24530066900695505,0.24530066900695505,1050
postal_code_K7B,-0.2452719350787375,0.2452719350787375,1051
postal_code_B7I,0.24525480388812249,0.24525480388812249,1052
postal_code_L9B,-0.24519285369232643,0.24519285369232643,1053
postal_code_V5M,-0.24514597509757127,0.24514597509757127,1054
postal_code_V3U,-0.2451424823631647,0.2451424823631647,1055
postal_code_R8V,-0.245117484759432,0.245117484759432,1056
postal_code_H7Z,0.24510321393672818,0.24510321393672818,1057
postal_code_A7C,-0.24487915510888067,0.24487915510888067,1058
postal_code_P7Q,0.24478478338999032,0.24478478338999032,1059
postal_code_M9T,0.24474108762035907,0.24474108762035907,1060
postal_code_G9X,-0.24452975454230017,0.24452975454230017,1061
postal_code_H1D,-0.24451963073100436,0.24451963073100436,1062
postal_code_K3B,-0.24446564745172775,0.24446564745172775,1063
postal_code_V9H,0.2441901149323834,0.2441901149323834,1064
postal_code_P5F,0.2441522900733988,0.2441522900733988,1065
postal_code_K8I,-0.24413066926790775,0.24413066926790775,1066
postal_code_K7Z,0.24408606456120946,0.24408606456120946,1067
postal_code_H1H,-0.2438801828881632,0.2438801828881632,1068
postal_code_R2B,-0.24384376034140368,0.24384376034140368,1069
postal_code_J5K,-0.2436341972960871,0.2436341972960871,1070
postal_code_M6E,0.24337776168397582,0.24337776168397582,1071
postal_code_P3G,0.2433744960396058,0.2433744960396058,1072
postal_code_P1G,0.24335639584331717,0.24335639584331717,1073
postal_code_H8D,0.24334257897431766,0.24334257897431766,1074
postal_code_T2H,-0.24326810432147086,0.24326810432147086,1075
postal_code_S1N,0.2431192710743714,0.2431192710743714,1076
postal_code_H7F,-0.24301115823836864,0.24301115823836864,1077
postal_code_K9B,0.2429847579634992,0.2429847579634992,1078
postal_code_M1M,-0.24283823187111955,0.24283823187111955,1079
postal_code_J8L,-0.24265822856265967,0.24265822856265967,1080
postal_code_M1G,-0.24256803107484587,0.24256803107484587,1081
postal_code_V9B,-0.24254790617322844,0.24254790617322844,1082
postal_code_G6N,-0.24231806978683076,0.24231806978683076,1083
postal_code_L4T,0.2421346582830838,0.2421346582830838,1084
postal_code_T3Z,-0.2420043249531749,0.2420043249531749,1085
postal_code_K3Z,0.24193729847428566,0.24193729847428566,1086
postal_code_J8G,-0.2418395276206951,0.2418395276206951,1087
postal_code_G1O,-0.24179798216275497,0.24179798216275497,1088
postal_code_G1J,-0.24161718801600765,0.24161718801600765,1089
postal_code_R9D,-0.24132229654115359,0.24132229654115359,1090
postal_code_J6N,-0.24131476144100036,0.24131476144100036,1091
postal_code_T1B,-0.24128971165595772,0.24128971165595772,1092
postal_code_K2E,0.24099273504270413,0.24099273504270413,1093
postal_code_V2Y,-0.2408996784099676,0.2408996784099676,1094
postal_code_L7V,-0.24070618628977353,0.24070618628977353,1095
postal_code_P8N,-0.24070192581373534,0.24070192581373534,1096
postal_code_L8D,0.2406468268495061,0.2406468268495061,1097
postal_code_S2I,-0.24062730078174865,0.24062730078174865,1098
postal_code_M7Z,0.24058622803572416,0.24058622803572416,1099
postal_code_J2E,-0.24056982110332634,0.24056982110332634,1100
postal_code_K5D,0.24049210200999335,0.24049210200999335,1101
postal_code_J4C,-0.24046657763348459,0.24046657763348459,1102
postal_code_T8Z,0.24046385022468808,0.24046385022468808,1103
postal_code_S7W,-0.24032953793457662,0.24032953793457662,1104
postal_code_P9T,-0.240015082711051,0.240015082711051,1105
postal_code_S7C,0.23993655807013564,0.23993655807013564,1106
postal_code_K1P,0.23966612496463757,0.23966612496463757,1107
postal_code_M6W,-0.23954743486719313,0.23954743486719313,1108
postal_code_M3Z,-0.23934554781654382,0.23934554781654382,1109
postal_code_N9G,-0.23931468993807575,0.23931468993807575,1110
postal_code_H2O,-0.23902350898951236,0.23902350898951236,1111
postal_code_V1Q,-0.2389725460238521,0.2389725460238521,1112
postal_code_L1S,0.23883239937482847,0.23883239937482847,1113
postal_code_H5Q,-0.2388173643198851,0.2388173643198851,1114
postal_code_L6J,-0.23877596669001533,0.23877596669001533,1115
postal_code_G7V,0.23875847655853372,0.23875847655853372,1116
postal_code_M3M,-0.23824506339131954,0.23824506339131954,1117
postal_code_R3R,-0.23771198709906322,0.23771198709906322,1118
postal_code_J8F,-0.2376592783444547,0.2376592783444547,1119
postal_code_B8C,-0.23754353580344878,0.23754353580344878,1120
postal_code_P7C,-0.23745373883258666,0.23745373883258666,1121
postal_code_M7B,-0.23713732302888668,0.23713732302888668,1122
postal_code_R8B,0.23712169326179106,0.23712169326179106,1123
postal_code_N4B,-0.23697649415412236,0.23697649415412236,1124
postal_code_M5F,-0.23683701333314894,0.23683701333314894,1125
postal_code_K8Y,-0.23682714126388624,0.23682714126388624,1126
postal_code_S2H,-0.23679117896443524,0.23679117896443524,1127
postal_code_L1X,-0.23678064851729627,0.23678064851729627,1128
postal_code_B5Q,-0.23674353272536292,0.23674353272536292,1129
postal_code_P4W,-0.2364511345142598,0.2364511345142598,1130
postal_code_N8P,-0.23642605195269695,0.23642605195269695,1131
postal_code_K2U,-0.23610704223315424,0.23610704223315424,1132
postal_code_P4V,-0.2359568479427313,0.2359568479427313,1133
postal_code_S3C,0.2355802037001251,0.2355802037001251,1134
postal_code_G9J,0.23551642721443394,0.23551642721443394,1135
postal_code_R8D,0.23548887904045393,0.23548887904045393,1136
postal_code_K5C,-0.235257020703833,0.235257020703833,1137
postal_code_R3G,-0.23521535511962854,0.23521535511962854,1138
postal_code_V5T,-0.235193829665933,0.235193829665933,1139
postal_code_H4Q,-0.23511961421791555,0.23511961421791555,1140
postal_code_P8M,-0.23510544262034508,0.23510544262034508,1141
postal_code_E7Z,-0.23508379904413587,0.23508379904413587,1142
postal_code_J4B,-0.2350254352914288,0.2350254352914288,1143
postal_code_P5M,-0.23490325994330075,0.23490325994330075,1144
postal_code_M2T,0.23490021369636824,0.23490021369636824,1145
postal_code_M9H,-0.23465153758079282,0.23465153758079282,1146
postal_code_N1H,-0.23447016489882705,0.23447016489882705,1147
postal_code_L1Y,0.23444447700678991,0.23444447700678991,1148
postal_code_G1B,-0.23433333042993895,0.23433333042993895,1149
postal_code_L7Q,0.23423960838320093,0.23423960838320093,1150
postal_code_V5U,0.23421969064420017,0.23421969064420017,1151
postal_code_H9F,0.23398126893478205,0.23398126893478205,1152
postal_code_R9H,-0.23382371687418535,0.23382371687418535,1153
postal_code_B3Y,-0.2337719898413768,0.2337719898413768,1154
postal_code_H5B,-0.23371240365196388,0.23371240365196388,1155
postal_code_C3N,-0.233666934434635,0.233666934434635,1156
postal_code_P6Q,-0.23364086578656143,0.23364086578656143,1157
postal_code_B7E,-0.23351342863904292,0.23351342863904292,1158
postal_code_V6E,-0.23343718053183934,0.23343718053183934,1159
postal_code_M6A,-0.233272287002006,0.233272287002006,1160
postal_code_P4X,-0.23320793863037934,0.23320793863037934,1161
postal_code_R2M,-0.2331465327418332,0.2331465327418332,1162
postal_code_V1P,-0.2331123160756647,0.2331123160756647,1163
postal_code_H4Z,-0.23309685155933998,0.23309685155933998,1164
postal_code_T9J,-0.23302950965787425,0.23302950965787425,1165
postal_code_G2Q,-0.23282003195247727,0.23282003195247727,1166
postal_code_R4I,-0.23261838213912972,0.23261838213912972,1167
postal_code_E1Z,0.23242493190777055,0.23242493190777055,1168
postal_code_H5S,-0.23228940832707898,0.23228940832707898,1169
postal_code_B2V,-0.2321422563593664,0.2321422563593664,1170
postal_code_L1A,-0.2321002436994384,0.2321002436994384,1171
postal_code_T3R,0.23209481621123332,0.23209481621123332,1172
postal_code_N4T,0.23196525869748955,0.23196525869748955,1173
postal_code_H8A,-0.2318649772833467,0.2318649772833467,1174
postal_code_H3W,0.23157738018497456,0.23157738018497456,1175
postal_code_N1I,-0.23155011982847185,0.23155011982847185,1176
postal_code_H5F,0.23152243356616106,0.23152243356616106,1177
postal_code_N1K,-0.23125336937999963,0.23125336937999963,1178
postal_code_P1I,0.2311927687026348,0.2311927687026348,1179
postal_code_P1M,-0.2311844363739918,0.2311844363739918,1180
postal_code_L9D,-0.23111059029524186,0.23111059029524186,1181
postal_code_K3Y,-0.2311069854545563,0.2311069854545563,1182
postal_code_P9U,0.2311045039580647,0.2311045039580647,1183
postal_code_G8N,-0.23104920826719222,0.23104920826719222,1184
postal_code_T7Z,-0.23094461914178005,0.23094461914178005,1185
postal_code_J2K,0.23074338660714794,0.23074338660714794,1186
postal_code_E7Y,-0.2306843604359701,0.2306843604359701,1187
postal_code_N8M,0.23064680779043234,0.23064680779043234,1188
postal_code_N3H,0.2306052347783172,0.2306052347783172,1189
postal_code_V6U,0.23049348477878864,0.23049348477878864,1190
postal_code_N4S,-0.23044894237453425,0.23044894237453425,1191
postal_code_H1K,-0.23041877597120114,0.23041877597120114,1192
postal_code_S2V,-0.2303641673216145,0.2303641673216145,1193
postal_code_L8O,-0.23030727531089204,0.23030727531089204,1194
postal_code_J1F,0.23025706493806147,0.23025706493806147,1195
postal_code_T2E,-0.23020753149935783,0.23020753149935783,1196
postal_code_J8H,-0.23014476765270497,0.23014476765270497,1197
postal_code_P4L,-0.22996333975274474,0.22996333975274474,1198
postal_code_G3X,-0.22995631260245472,0.22995631260245472,1199
postal_code_P4Y,-0.22980123783046916,0.22980123783046916,1200
postal_code_C5E,0.22975851176951823,0.22975851176951823,1201
postal_code_B5X,-0.22888061229223952,0.22888061229223952,1202
postal_code_P3V,-0.22874022541761446,0.22874022541761446,1203
postal_code_G4H,-0.22872426878220584,0.22872426878220584,1204
postal_code_B8Q,-0.22832485926583357,0.22832485926583357,1205
postal_code_H9E,-0.22831058280131405,0.22831058280131405,1206
postal_code_K2C,-0.22822223291434834,0.22822223291434834,1207
postal_code_K7J,-0.2281875875862352,0.2281875875862352,1208
postal_code_A4Y,-0.22806111586472383,0.22806111586472383,1209
postal_code_N7L,-0.22797188119997278,0.22797188119997278,1210
postal_code_L6M,0.22783176866691213,0.22783176866691213,1211
postal_code_R3S,-0.22779289773861597,0.22779289773861597,1212
postal_code_B6C,-0.22775358966855405,0.22775358966855405,1213
postal_code_P5R,-0.22772108378254396,0.22772108378254396,1214
postal_code_K9A,-0.22765409052568364,0.22765409052568364,1215
postal_code_E1E,-0.22751567240355697,0.22751567240355697,1216
postal_code_G2D,-0.22726247592047671,0.22726247592047671,1217
postal_code_J9T,0.2272403721361148,0.2272403721361148,1218
postal_code_K6L,-0.22721216828016494,0.22721216828016494,1219
postal_code_H1W,-0.22711118659762022,0.22711118659762022,1220
postal_code_M7I,-0.2268755850270305,0.2268755850270305,1221
postal_code_T5X,-0.22685142855042562,0.22685142855042562,1222
postal_code_G5P,-0.226792544144121,0.226792544144121,1223
postal_code_G4B,-0.2267861977405026,0.2267861977405026,1224
postal_code_B6M,-0.2266081955250014,0.2266081955250014,1225
postal_code_H7Y,-0.22635274012249448,0.22635274012249448,1226
postal_code_M2W,0.2258973834727779,0.2258973834727779,1227
postal_code_B1T,-0.2255568625354257,0.2255568625354257,1228
postal_code_P1V,0.22543519362928743,0.22543519362928743,1229
postal_code_L8A,-0.22519436431923634,0.22519436431923634,1230
postal_code_S6T,-0.2251569985986973,0.2251569985986973,1231
postal_code_P6R,-0.22513516773616163,0.22513516773616163,1232
postal_code_G5K,-0.22506706264521104,0.22506706264521104,1233
postal_code_P5W,0.22505688155309667,0.22505688155309667,1234
postal_code_E4O,-0.22491734880039876,0.22491734880039876,1235
postal_code_P8Z,-0.2247948318084466,0.2247948318084466,1236
postal_code_R8W,-0.2246426461705918,0.2246426461705918,1237
postal_code_K5H,0.2245163119376794,0.2245163119376794,1238
postal_code_K7X,0.22449056288029776,0.22449056288029776,1239
postal_code_K6S,-0.22408550311963188,0.22408550311963188,1240
postal_code_G9S,-0.22406450731822355,0.22406450731822355,1241
postal_code_J3W,-0.22380228203470393,0.22380228203470393,1242
postal_code_T3X,0.22369778742680724,0.22369778742680724,1243
postal_code_P7Y,0.22361412203397873,0.22361412203397873,1244
postal_code_A8T,-0.2234578278115876,0.2234578278115876,1245
postal_code_L6U,-0.2233570523098437,0.2233570523098437,1246
postal_code_G4N,0.22333953474876264,0.22333953474876264,1247
postal_code_E3Y,-0.22319369982570295,0.22319369982570295,1248
postal_code_G4U,-0.2230530316737261,0.2230530316737261,1249
postal_code_L5R,-0.22303126903854967,0.22303126903854967,1250
postal_code_J2X,0.22292145180321038,0.22292145180321038,1251
postal_code_M6J,-0.22284269119511704,0.22284269119511704,1252
postal_code_V9R,-0.22283695826552308,0.22283695826552308,1253
postal_code_H1R,-0.22274777360812253,0.22274777360812253,1254
postal_code_T3D,-0.2226412923031461,0.2226412923031461,1255
postal_code_N8T,-0.22260473148274607,0.22260473148274607,1256
postal_code_A2B,0.22256154880873602,0.22256154880873602,1257
postal_code_R8K,0.22250526374196394,0.22250526374196394,1258
postal_code_A1R,-0.22246709591727462,0.22246709591727462,1259
postal_code_H9B,-0.22240699180695578,0.22240699180695578,1260
postal_code_J2L,0.2223762581556133,0.2223762581556133,1261
postal_code_E6J,-0.22202221302816955,0.22202221302816955,1262
postal_code_E7X,-0.22200739797841937,0.22200739797841937,1263
claim_type_Injury,0.2218876057149976,0.2218876057149976,1264
postal_code_G2T,-0.2218423535699797,0.2218423535699797,1265
postal_code_S5L,-0.221602336193517,0.221602336193517,1266
postal_code_J5S,-0.22154217517592145,0.22154217517592145,1267
postal_code_M4T,-0.22149490210783593,0.22149490210783593,1268
postal_code_M5V,0.22148368973256455,0.22148368973256455,1269
postal_code_H9G,-0.22139789072819058,0.22139789072819058,1270
postal_code_P8Q,-0.22131209934220325,0.22131209934220325,1271
postal_code_H6L,-0.22129461800215017,0.22129461800215017,1272
postal_code_G7I,0.22119533357413312,0.22119533357413312,1273
postal_code_B2G,0.22117562271237076,0.22117562271237076,1274
postal_code_L3D,-0.22082842112251222,0.22082842112251222,1275
postal_code_L9X,-0.2207124603910165,0.2207124603910165,1276
postal_code_C9A,-0.22066186556013334,0.22066186556013334,1277
postal_code_J5X,0.2204928746158029,0.2204928746158029,1278
postal_code_V1W,-0.22021707765422133,0.22021707765422133,1279
postal_code_L3A,-0.22019844972953428,0.22019844972953428,1280
postal_code_N4E,-0.22007303905758854,0.22007303905758854,1281
postal_code_T4R,0.21983746094194867,0.21983746094194867,1282
postal_code_P9X,-0.21976318912024992,0.21976318912024992,1283
postal_code_J9E,-0.21975378278822852,0.21975378278822852,1284
postal_code_J6Q,-0.21973623751884663,0.21973623751884663,1285
postal_code_K4S,-0.2197258650607803,0.2197258650607803,1286
postal_code_K4I,0.21968098973486766,0.21968098973486766,1287
postal_code_K9G,0.21961959815616744,0.21961959815616744,1288
postal_code_G1A,0.21928469564224534,0.21928469564224534,1289
postal_code_B6S,-0.2192619963828652,0.2192619963828652,1290
postal_code_N6N,-0.219098693470637,0.219098693470637,1291
postal_code_H4D,-0.2190534935570531,0.2190534935570531,1292
postal_code_L6K,-0.21901138072243734,0.21901138072243734,1293
postal_code_R6R,0.21877833862129656,0.21877833862129656,1294
postal_code_M7P,-0.21864135867565726,0.21864135867565726,1295
postal_code_J6O,-0.21832540554031205,0.21832540554031205,1296
postal_code_A4W,-0.2183248506138292,0.2183248506138292,1297
postal_code_H2Q,-0.2182878973771308,0.2182878973771308,1298
postal_code_P7S,-0.21813263376414688,0.21813263376414688,1299
postal_code_R2U,0.2177645161749451,0.2177645161749451,1300
postal_code_L2K,0.21765514301640693,0.21765514301640693,1301
postal_code_A7E,-0.2172181318447096,0.2172181318447096,1302
postal_code_J6R,-0.21714189448740337,0.21714189448740337,1303
postal_code_C2E,-0.21710428207583568,0.21710428207583568,1304
postal_code_C9U,-0.21708862195798512,0.21708862195798512,1305
postal_code_R3Z,-0.21707518682218305,0.21707518682218305,1306
postal_code_A4K,0.2170424922663475,0.2170424922663475,1307
postal_code_C4B,-0.21703860935080396,0.21703860935080396,1308
postal_code_N9I,-0.21702781035366933,0.21702781035366933,1309
postal_code_N1A,-0.2167489296969092,0.2167489296969092,1310
postal_code_K3V,-0.21668506049191227,0.21668506049191227,1311
postal_code_N9J,-0.21658276225752718,0.21658276225752718,1312
postal_code_V8R,0.21648856671699765,0.21648856671699765,1313
postal_code_N9Q,0.21645436023925782,0.21645436023925782,1314
postal_code_V4W,0.2164489023420975,0.2164489023420975,1315
postal_code_H7E,0.21644055834311238,0.21644055834311238,1316
postal_code_J9Q,-0.21641745266340479,0.21641745266340479,1317
postal_code_T5N,-0.21605668421488178,0.21605668421488178,1318
postal_code_K2R,0.2159673134202656,0.2159673134202656,1319
postal_code_J4E,-0.21594601964300786,0.21594601964300786,1320
postal_code_E6M,0.21593996308404223,0.21593996308404223,1321
postal_code_B4F,-0.215789093629315,0.215789093629315,1322
postal_code_M7S,-0.21573255736868108,0.21573255736868108,1323
postal_code_E5U,-0.21570378142624408,0.21570378142624408,1324
postal_code_C4P,0.21561193636865725,0.21561193636865725,1325
postal_code_G1D,-0.21558506073999564,0.21558506073999564,1326
postal_code_P2B,-0.21541198396983627,0.21541198396983627,1327
postal_code_J4T,-0.21519428869926635,0.21519428869926635,1328
postal_code_G8H,-0.21476868722296583,0.21476868722296583,1329
postal_code_L5L,-0.2147211270498512,0.2147211270498512,1330
postal_code_L6B,-0.21430715000706121,0.21430715000706121,1331
postal_code_H5A,0.21415267066717086,0.21415267066717086,1332
postal_code_N5E,-0.21413558686342737,0.21413558686342737,1333
postal_code_T9O,-0.21400020832205935,0.21400020832205935,1334
postal_code_B1S,-0.2135999285195647,0.2135999285195647,1335
postal_code_B4S,-0.21349008403862416,0.21349008403862416,1336
postal_code_M6R,0.2134756787604813,0.2134756787604813,1337
postal_code_T6K,-0.21332593025811555,0.21332593025811555,1338
postal_code_T9S,-0.2132250318094435,0.2132250318094435,1339
postal_code_L6P,-0.21298269359200758,0.21298269359200758,1340
postal_code_P1Z,-0.21289044376402458,0.21289044376402458,1341
postal_code_V8D,-0.21277950931524225,0.21277950931524225,1342
postal_code_T1F,-0.212652297723182,0.212652297723182,1343
postal_code_S2R,-0.21255604865544622,0.21255604865544622,1344
postal_code_K7V,-0.21229980384666422,0.21229980384666422,1345
postal_code_T1Q,0.21224278965647753,0.21224278965647753,1346
postal_code_J1Z,0.21223574091685818,0.21223574091685818,1347
postal_code_K9D,0.21215423249647633,0.21215423249647633,1348
postal_code_G2I,-0.2120063696248652,0.2120063696248652,1349
postal_code_A1M,-0.21193528398869388,0.21193528398869388,1350
postal_code_T2V,-0.2118546166397723,0.2118546166397723,1351
postal_code_H6N,0.2117133078479495,0.2117133078479495,1352
postal_code_R6Q,-0.21159706224797947,0.21159706224797947,1353
postal_code_K4O,0.21159437514685953,0.21159437514685953,1354
postal_code_B4E,0.2114165521320847,0.2114165521320847,1355
postal_code_G8K,-0.21140753804951334,0.21140753804951334,1356
postal_code_N7S,-0.2112539785801846,0.2112539785801846,1357
postal_code_H7Q,-0.211155572191581,0.211155572191581,1358
postal_code_T7T,-0.2110797109834582,0.2110797109834582,1359
postal_code_J9V,0.2109142620318201,0.2109142620318201,1360
postal_code_A7G,-0.2109133624315095,0.2109133624315095,1361
postal_code_T9X,0.2108734145231036,0.2108734145231036,1362
postal_code_V8M,0.2108649957562959,0.2108649957562959,1363
postal_code_V8S,0.21050324044516047,0.21050324044516047,1364
postal_code_K3N,0.21031324178455452,0.21031324178455452,1365
postal_code_T4K,0.2100835298685176,0.2100835298685176,1366
postal_code_N2X,-0.21003772051993153,0.21003772051993153,1367
postal_code_G2H,-0.2099947484386001,0.2099947484386001,1368
postal_code_L3Y,-0.20978660189063195,0.20978660189063195,1369
postal_code_V3K,0.20952824301408432,0.20952824301408432,1370
postal_code_T8S,-0.20945090451511642,0.20945090451511642,1371
postal_code_E8J,-0.20937239358167906,0.20937239358167906,1372
postal_code_G1K,-0.2093666132881523,0.2093666132881523,1373
postal_code_P9C,-0.20913407666187941,0.20913407666187941,1374
postal_code_L5M,-0.20902779009346878,0.20902779009346878,1375
postal_code_P4J,0.20901219168122362,0.20901219168122362,1376
postal_code_G9U,-0.20899862923143206,0.20899862923143206,1377
postal_code_M8V,-0.20898925622291178,0.20898925622291178,1378
postal_code_N8E,-0.20876077639328955,0.20876077639328955,1379
postal_code_L1Z,-0.2086587939342684,0.2086587939342684,1380
postal_code_L3G,-0.20865585207030354,0.20865585207030354,1381
postal_code_S9P,-0.20863358524667872,0.20863358524667872,1382
postal_code_E1X,-0.2084488066541114,0.2084488066541114,1383
postal_code_T1X,-0.20812786153881638,0.20812786153881638,1384
postal_code_J8S,-0.2079824491447256,0.2079824491447256,1385
postal_code_G1H,-0.2079479856200342,0.2079479856200342,1386
postal_code_K8N,-0.20786632247797496,0.20786632247797496,1387
postal_code_L7W,0.20784347914402357,0.20784347914402357,1388
postal_code_P6G,-0.20780333091726128,0.20780333091726128,1389
postal_code_L6Y,-0.20774453310351207,0.20774453310351207,1390
postal_code_E3R,-0.20751400227373046,0.20751400227373046,1391
postal_code_L2W,-0.20741106850939417,0.20741106850939417,1392
postal_code_P8O,-0.20728745210187172,0.20728745210187172,1393
postal_code_N4M,-0.20723983466276696,0.20723983466276696,1394
postal_code_P1N,-0.2071339856634066,0.2071339856634066,1395
postal_code_R9Z,-0.2070205323879244,0.2070205323879244,1396
postal_code_H7X,-0.20686677313768495,0.20686677313768495,1397
postal_code_T2P,-0.20662030977587367,0.20662030977587367,1398
postal_code_L2Y,-0.20660783388810197,0.20660783388810197,1399
postal_code_H3T,-0.2065025659272664,0.2065025659272664,1400
postal_code_H9T,0.20644060838641215,0.20644060838641215,1401
postal_code_G6A,-0.20638653704724624,0.20638653704724624,1402
postal_code_P8L,-0.20609480353040674,0.20609480353040674,1403
postal_code_L1K,0.20591660403306658,0.20591660403306658,1404
postal_code_N1E,0.20587914212327388,0.20587914212327388,1405
postal_code_H3I,-0.20584496513190262,0.20584496513190262,1406
postal_code_R2V,-0.20584308608955107,0.20584308608955107,1407
postal_code_G2V,-0.20570896891149706,0.20570896891149706,1408
postal_code_R9E,-0.20566898001755035,0.20566898001755035,1409
postal_code_G9V,-0.2055998958557135,0.2055998958557135,1410
postal_code_V8H,-0.20549614747683653,0.20549614747683653,1411
postal_code_K2H,-0.20548134865702358,0.20548134865702358,1412
postal_code_T7G,-0.20548009036700554,0.20548009036700554,1413
postal_code_J1Q,-0.2051266346616471,0.2051266346616471,1414
postal_code_L9H,-0.20511705675546948,0.20511705675546948,1415
postal_code_S8I,-0.20497451785870466,0.20497451785870466,1416
postal_code_J3M,0.20495844744417446,0.20495844744417446,1417
postal_code_G3M,-0.20487971553366538,0.20487971553366538,1418
postal_code_P9K,0.20473392294812967,0.20473392294812967,1419
postal_code_S7L,0.2047042698108964,0.2047042698108964,1420
postal_code_H8J,-0.20459430065198853,0.20459430065198853,1421
postal_code_H6Z,0.2045546938970911,0.2045546938970911,1422
postal_code_H7B,0.20451478454240055,0.20451478454240055,1423
postal_code_K1I,-0.20426092007307906,0.20426092007307906,1424
postal_code_P3M,-0.2041742247814739,0.2041742247814739,1425
postal_code_B2Q,-0.20417195880832123,0.20417195880832123,1426
postal_code_L9Y,-0.20408934732747533,0.20408934732747533,1427
postal_code_M7F,-0.20394112684913712,0.20394112684913712,1428
postal_code_H7W,-0.203835968758556,0.203835968758556,1429
postal_code_H4F,0.20382167871017273,0.20382167871017273,1430
postal_code_H8C,0.2037087763207463,0.2037087763207463,1431
postal_code_G6T,-0.20364930751316468,0.20364930751316468,1432
postal_code_B6F,-0.20363677643245862,0.20363677643245862,1433
postal_code_J3D,-0.2036198713286691,0.2036198713286691,1434
postal_code_V5W,0.20357885969717365,0.20357885969717365,1435
postal_code_B4D,-0.20356166683294302,0.20356166683294302,1436
postal_code_T3I,-0.2034371659186473,0.2034371659186473,1437
postal_code_B3J,-0.20339071179047633,0.20339071179047633,1438
postal_code_V7T,-0.2033526023199089,0.2033526023199089,1439
postal_code_C1M,-0.2033284702919267,0.2033284702919267,1440
postal_code_M5H,0.20322044928837688,0.20322044928837688,1441
postal_code_H3V,-0.20318784231912357,0.20318784231912357,1442
postal_code_K3H,-0.20314716026581014,0.20314716026581014,1443
postal_code_P1X,-0.2030733041072329,0.2030733041072329,1444
postal_code_P2A,-0.20264865195616386,0.20264865195616386,1445
postal_code_K8P,-0.20264725912781256,0.20264725912781256,1446
postal_code_M8C,-0.20224926205504123,0.20224926205504123,1447
postal_code_J1L,-0.20218565113398754,0.20218565113398754,1448
postal_code_G2Y,0.20195896687053905,0.20195896687053905,1449
postal_code_S9X,-0.20191256213457,0.20191256213457,1450
postal_code_V9C,0.20186946132036765,0.20186946132036765,1451
postal_code_T8E,-0.20161006183935534,0.20161006183935534,1452
postal_code_A2Y,-0.20159991853472964,0.20159991853472964,1453
postal_code_H8G,-0.20138216654664468,0.20138216654664468,1454
postal_code_K1E,-0.20137844311025865,0.20137844311025865,1455
postal_code_T8W,0.2007216179694018,0.2007216179694018,1456
postal_code_R9A,-0.20053872607682496,0.20053872607682496,1457
postal_code_H7L,0.20051340031042175,0.20051340031042175,1458
postal_code_H8Z,-0.2004971450624501,0.2004971450624501,1459
postal_code_L8F,0.20038483869620022,0.20038483869620022,1460
postal_code_K6T,-0.2002981948541069,0.2002981948541069,1461
postal_code_K4G,-0.2002677374511697,0.2002677374511697,1462
postal_code_B2N,-0.20015336328895683,0.20015336328895683,1463
postal_code_G5C,0.2000566763296679,0.2000566763296679,1464
postal_code_H4M,-0.19998681788249148,0.19998681788249148,1465
postal_code_L2S,-0.1996442929606689,0.1996442929606689,1466
postal_code_H2Z,-0.19959640881516028,0.19959640881516028,1467
postal_code_R8U,-0.19952207479240758,0.19952207479240758,1468
postal_code_E6I,-0.1994897529224039,0.1994897529224039,1469
postal_code_A2D,-0.1994814786745172,0.1994814786745172,1470
postal_code_K7S,0.19941737839755594,0.19941737839755594,1471
postal_code_L5K,-0.19934847008707673,0.19934847008707673,1472
postal_code_V9S,-0.19932322255883048,0.19932322255883048,1473
postal_code_H5V,0.19929785258747004,0.19929785258747004,1474
postal_code_J7T,-0.1990734495947193,0.1990734495947193,1475
postal_code_V1K,-0.19875504822363277,0.19875504822363277,1476
postal_code_S2L,-0.1987427519998291,0.1987427519998291,1477
postal_code_S1Q,0.19867226147915304,0.19867226147915304,1478
postal_code_K7O,-0.198588715072124,0.198588715072124,1479
postal_code_B2L,-0.1984443472357455,0.1984443472357455,1480
postal_code_K2S,0.19837244496060372,0.19837244496060372,1481
postal_code_J1C,-0.19824765829445878,0.19824765829445878,1482
postal_code_C8N,-0.19823583508109535,0.19823583508109535,1483
postal_code_L6D,-0.19819148638719702,0.19819148638719702,1484
postal_code_T8I,-0.19813495554032923,0.19813495554032923,1485
postal_code_P6L,0.19811182006461858,0.19811182006461858,1486
postal_code_N9A,-0.19803293225350982,0.19803293225350982,1487
postal_code_K7R,-0.1978113113322944,0.1978113113322944,1488
postal_code_E8G,-0.19769610317056824,0.19769610317056824,1489
postal_code_P3H,-0.1976873596226905,0.1976873596226905,1490
postal_code_L7H,0.19767843598062368,0.19767843598062368,1491
postal_code_N2T,-0.1976105907477337,0.1976105907477337,1492
postal_code_J3H,-0.1975469032565609,0.1975469032565609,1493
postal_code_B6U,-0.19742392164866834,0.19742392164866834,1494
postal_code_E6V,-0.19734864533211663,0.19734864533211663,1495
postal_code_B9J,-0.19724529104316949,0.19724529104316949,1496
postal_code_B4Y,-0.19721634868216908,0.19721634868216908,1497
postal_code_N7W,0.19715302479487323,0.19715302479487323,1498
postal_code_P9B,-0.1971175243827092,0.1971175243827092,1499
postal_code_S3T,-0.19710323235482027,0.19710323235482027,1500
postal_code_K6B,-0.19683336564895831,0.19683336564895831,1501
postal_code_V7K,-0.1967926972247442,0.1967926972247442,1502
postal_code_B6W,-0.19659803252797853,0.19659803252797853,1503
postal_code_V3T,0.1965265386934955,0.1965265386934955,1504
postal_code_K9K,0.19641039217307626,0.19641039217307626,1505
postal_code_V8N,-0.1960703256913454,0.1960703256913454,1506
postal_code_J4P,0.19605915036114427,0.19605915036114427,1507
postal_code_T9P,-0.1960387514168703,0.1960387514168703,1508
postal_code_L6E,0.195976860438298,0.195976860438298,1509
postal_code_G4D,-0.19584186016242336,0.19584186016242336,1510
postal_code_H5W,-0.1955899057244885,0.1955899057244885,1511
postal_code_L1E,0.19544248534504186,0.19544248534504186,1512
postal_code_T2U,-0.1953386929875451,0.1953386929875451,1513
postal_code_J7E,0.19530052851079135,0.19530052851079135,1514
postal_code_H9W,-0.19528553957860167,0.19528553957860167,1515
postal_code_E7R,-0.19527163080869667,0.19527163080869667,1516
postal_code_E7O,-0.1951738354761584,0.1951738354761584,1517
postal_code_P1D,0.1951622393193953,0.1951622393193953,1518
postal_code_P6J,-0.19507700086339638,0.19507700086339638,1519
postal_code_L2R,-0.19503068544431382,0.19503068544431382,1520
postal_code_V3L,0.19494075230358254,0.19494075230358254,1521
postal_code_H9Y,-0.1948784723035368,0.1948784723035368,1522
postal_code_N5F,-0.19468073017313167,0.19468073017313167,1523
postal_code_N4L,0.19458096393138802,0.19458096393138802,1524
postal_code_T3G,-0.19457138373708893,0.19457138373708893,1525
postal_code_G1R,-0.19451414195258115,0.19451414195258115,1526
postal_code_K6Z,-0.19448685606706279,0.19448685606706279,1527
postal_code_K4X,-0.19443400684092257,0.19443400684092257,1528
postal_code_P8X,-0.19438422648944384,0.19438422648944384,1529
postal_code_N8U,-0.19418374547214565,0.19418374547214565,1530
postal_code_N8S,-0.19409898342953638,0.19409898342953638,1531
postal_code_N1Y,-0.19398986085195788,0.19398986085195788,1532
postal_code_R9O,-0.19390819147991079,0.19390819147991079,1533
postal_code_G5G,-0.19383990690732777,0.19383990690732777,1534
postal_code_G4O,-0.19378441585207534,0.19378441585207534,1535
postal_code_J4W,-0.1936320906646669,0.1936320906646669,1536
postal_code_S3G,-0.19317048063080372,0.19317048063080372,1537
postal_code_M9S,0.1930906785112399,0.1930906785112399,1538
postal_code_E9C,-0.19269848866345224,0.19269848866345224,1539
postal_code_T7A,-0.1926181112225723,0.1926181112225723,1540
postal_code_P9O,0.19255528617706227,0.19255528617706227,1541
postal_code_K6E,-0.192522370852662,0.192522370852662,1542
postal_code_E3G,-0.19248082025077962,0.19248082025077962,1543
postal_code_T7E,-0.19233951889280446,0.19233951889280446,1544
postal_code_L9P,0.19230913472584138,0.19230913472584138,1545
postal_code_R4S,-0.19228322919229987,0.19228322919229987,1546
postal_code_G7C,-0.19217996789254677,0.19217996789254677,1547
postal_code_R8S,-0.19217392045025666,0.19217392045025666,1548
postal_code_K8W,-0.19216828881956183,0.19216828881956183,1549
postal_code_N5U,-0.1921596757162674,0.1921596757162674,1550
postal_code_B7W,0.19208964481899335,0.19208964481899335,1551
postal_code_R4K,-0.19207115275990685,0.19207115275990685,1552
postal_code_J7M,-0.19203806552323086,0.19203806552323086,1553
postal_code_N3R,-0.19199834919979009,0.19199834919979009,1554
postal_code_A5V,-0.19192362399132887,0.19192362399132887,1555
postal_code_J5U,-0.19178427169580603,0.19178427169580603,1556
postal_code_H2T,-0.19175014517314745,0.19175014517314745,1557
postal_code_G6P,0.19166356609362617,0.19166356609362617,1558
postal_code_S9T,-0.19128387237857875,0.19128387237857875,1559
postal_code_T1E,-0.1912373605491218,0.1912373605491218,1560
postal_code_E3Z,-0.19111492559454513,0.19111492559454513,1561
postal_code_G6V,-0.1906400757529377,0.1906400757529377,1562
postal_code_J8U,-0.19061013652584338,0.19061013652584338,1563
postal_code_T3J,-0.19039563199498946,0.19039563199498946,1564
postal_code_P1A,-0.19036181706886723,0.19036181706886723,1565
postal_code_E1Q,-0.19023423137438436,0.19023423137438436,1566
postal_code_P2J,-0.19003253712234947,0.19003253712234947,1567
postal_code_T2L,-0.19000907185587187,0.19000907185587187,1568
postal_code_K8J,-0.19000187065463472,0.19000187065463472,1569
postal_code_V9M,0.18997732879762752,0.18997732879762752,1570
postal_code_V5O,-0.1899222770365142,0.1899222770365142,1571
postal_code_H4C,-0.18961925669274463,0.18961925669274463,1572
postal_code_P6X,-0.18961699541854815,0.18961699541854815,1573
postal_code_J6U,0.18944718211558173,0.18944718211558173,1574
postal_code_R5V,-0.18916717909019992,0.18916717909019992,1575
postal_code_T1V,-0.18913751978251434,0.18913751978251434,1576
postal_code_V6N,0.18911972822910966,0.18911972822910966,1577
postal_code_L8H,-0.18900207958000725,0.18900207958000725,1578
postal_code_M2S,0.18898331310666402,0.18898331310666402,1579
postal_code_T3K,-0.18886073393129044,0.18886073393129044,1580
postal_code_M7U,-0.18881528711824277,0.18881528711824277,1581
postal_code_T2T,0.18871156160296962,0.18871156160296962,1582
postal_code_L8W,-0.18869119524528497,0.18869119524528497,1583
postal_code_V3X,0.18860849537958027,0.18860849537958027,1584
postal_code_K2M,0.18851560727327765,0.18851560727327765,1585
postal_code_A3J,-0.1875721804690635,0.1875721804690635,1586
postal_code_M3N,-0.18749887669267568,0.18749887669267568,1587
postal_code_G8U,-0.1872649899124988,0.1872649899124988,1588
postal_code_H8F,-0.18723393019031004,0.18723393019031004,1589
postal_code_R1K,-0.18718778610461279,0.18718778610461279,1590
postal_code_M7K,-0.18716475399086413,0.18716475399086413,1591
postal_code_T8P,-0.18715841149075288,0.18715841149075288,1592
postal_code_N7A,0.18713588527403555,0.18713588527403555,1593
postal_code_T1S,0.18708544800564153,0.18708544800564153,1594
postal_code_R4X,-0.18705594746714474,0.18705594746714474,1595
postal_code_K6O,-0.1870474873589762,0.1870474873589762,1596
postal_code_A1W,-0.18682182697144695,0.18682182697144695,1597
postal_code_J2H,-0.18676741019115875,0.18676741019115875,1598
postal_code_N7Y,0.1867372041183072,0.1867372041183072,1599
postal_code_G3W,-0.18663383920254167,0.18663383920254167,1600
postal_code_P8C,0.18662264160538083,0.18662264160538083,1601
postal_code_V6K,-0.18642761251598622,0.18642761251598622,1602
postal_code_G4Q,-0.1863493466822403,0.1863493466822403,1603
postal_code_L5G,-0.18628372583399658,0.18628372583399658,1604
postal_code_V7P,0.18620967563100765,0.18620967563100765,1605
postal_code_J2O,-0.18603970561404484,0.18603970561404484,1606
postal_code_E9H,-0.18586640342415173,0.18586640342415173,1607
postal_code_K6Y,-0.1857590619680086,0.1857590619680086,1608
postal_code_N8O,-0.18568509190096788,0.18568509190096788,1609
postal_code_N9N,0.18562363445849742,0.18562363445849742,1610
postal_code_S3O,-0.1852763710212266,0.1852763710212266,1611
postal_code_M2J,-0.18520509801917917,0.18520509801917917,1612
postal_code_M3Q,0.18516167494536795,0.18516167494536795,1613
postal_code_P7F,-0.18489582354652612,0.18489582354652612,1614
postal_code_C6Q,-0.18487539519887608,0.18487539519887608,1615
postal_code_G6L,0.18486249955143919,0.18486249955143919,1616
postal_code_M5T,-0.18477516769574057,0.18477516769574057,1617
postal_code_T4L,-0.18473720302247798,0.18473720302247798,1618
postal_code_N5Y,-0.18461014493406291,0.18461014493406291,1619
postal_code_B2W,-0.1845924532318611,0.1845924532318611,1620
postal_code_P9E,0.18456078026545245,0.18456078026545245,1621
postal_code_K6M,0.1845329060053205,0.1845329060053205,1622
postal_code_H1J,-0.18447385630320448,0.18447385630320448,1623
postal_code_H8M,-0.18439504097882456,0.18439504097882456,1624
postal_code_P4D,-0.18439483686043748,0.18439483686043748,1625
postal_code_B6H,-0.1843933807408983,0.1843933807408983,1626
postal_code_T1T,-0.18438962407584142,0.18438962407584142,1627
postal_code_R1O,-0.1841973295110479,0.1841973295110479,1628
postal_code_A8X,-0.1841137425439211,0.1841137425439211,1629
postal_code_V6J,0.1840341774249029,0.1840341774249029,1630
postal_code_T4C,0.18402834043309524,0.18402834043309524,1631
postal_code_G5D,-0.18392514260270335,0.18392514260270335,1632
postal_code_J6K,-0.1839137185763543,0.1839137185763543,1633
postal_code_R6E,-0.18391306290003467,0.18391306290003467,1634
postal_code_N8N,-0.18385339520522967,0.18385339520522967,1635
postal_code_G1X,-0.18373986775656406,0.18373986775656406,1636
postal_code_N9U,-0.18367764423028543,0.18367764423028543,1637
postal_code_R3Y,0.18366857746627524,0.18366857746627524,1638
postal_code_V3N,-0.1835149463697045,0.1835149463697045,1639
postal_code_H4H,0.18349878071167977,0.18349878071167977,1640
postal_code_L1R,-0.18334109424703224,0.18334109424703224,1641
postal_code_L8T,-0.1832210080437078,0.1832210080437078,1642
postal_code_N9O,-0.18321771676879003,0.18321771676879003,1643
postal_code_R7F,-0.18320282931322518,0.18320282931322518,1644
postal_code_G3F,0.18310142931714932,0.18310142931714932,1645
postal_code_G9C,0.18306394211116067,0.18306394211116067,1646
postal_code_R9U,-0.18304435315147516,0.18304435315147516,1647
postal_code_H7K,-0.182808448408683,0.182808448408683,1648
postal_code_L4L,-0.18279002965369404,0.18279002965369404,1649
postal_code_P8P,0.18278991923208576,0.18278991923208576,1650
postal_code_R5L,-0.18265419491877224,0.18265419491877224,1651
postal_code_P9Z,-0.18250887937195293,0.18250887937195293,1652
postal_code_B4H,-0.1824799878025851,0.1824799878025851,1653
postal_code_A6H,-0.18230539267311574,0.18230539267311574,1654
postal_code_S7S,0.18224467109587406,0.18224467109587406,1655
postal_code_L4K,-0.18221478025381918,0.18221478025381918,1656
postal_code_B5Z,-0.18220947599704765,0.18220947599704765,1657
postal_code_S9Z,-0.1820234062506865,0.1820234062506865,1658
postal_code_H4U,-0.18196031314048758,0.18196031314048758,1659
postal_code_H7T,-0.18181733589993526,0.18181733589993526,1660
postal_code_V3I,0.18177248573325747,0.18177248573325747,1661
postal_code_N1D,0.1816060738248613,0.1816060738248613,1662
postal_code_A9T,-0.1815515649294583,0.1815515649294583,1663
postal_code_S5E,-0.18154959552661198,0.18154959552661198,1664
postal_code_B4V,-0.1814819225249743,0.1814819225249743,1665
postal_code_M4X,-0.18121915779221884,0.18121915779221884,1666
postal_code_G8O,-0.1811808294727052,0.1811808294727052,1667
postal_code_H3U,-0.18115128884900839,0.18115128884900839,1668
postal_code_R2C,0.18098255252361342,0.18098255252361342,1669
postal_code_K9R,-0.18071313759438476,0.18071313759438476,1670
postal_code_K2N,-0.18068156807435073,0.18068156807435073,1671
postal_code_N8L,0.18067287322150657,0.18067287322150657,1672
postal_code_B3Q,-0.18052752923618326,0.18052752923618326,1673
postal_code_N3B,0.18044745764889714,0.18044745764889714,1674
postal_code_H4T,-0.1803860352792889,0.1803860352792889,1675
postal_code_G6K,-0.18038161365539981,0.18038161365539981,1676
postal_code_R2F,-0.1803097328895818,0.1803097328895818,1677
postal_code_H1N,-0.18020444955927836,0.18020444955927836,1678
postal_code_J7L,-0.18015582128585447,0.18015582128585447,1679
postal_code_T2Q,0.18014670451746018,0.18014670451746018,1680
postal_code_G5B,-0.17989576163890253,0.17989576163890253,1681
postal_code_K9F,-0.17988446150739792,0.17988446150739792,1682
postal_code_N1M,-0.1798682810908387,0.1798682810908387,1683
postal_code_C4E,-0.17957066345149053,0.17957066345149053,1684
postal_code_N7C,-0.17942248107768508,0.17942248107768508,1685
postal_code_S2B,-0.1793655674965053,0.1793655674965053,1686
postal_code_M7O,-0.1792160548141828,0.1792160548141828,1687
postal_code_L5S,-0.1790849448842401,0.1790849448842401,1688
postal_code_S1Z,-0.17900532484856022,0.17900532484856022,1689
postal_code_P9M,-0.17892177147122992,0.17892177147122992,1690
postal_code_G8G,-0.1788612276255048,0.1788612276255048,1691
postal_code_M8N,-0.17873561718403091,0.17873561718403091,1692
postal_code_T1D,-0.17872086994348507,0.17872086994348507,1693
postal_code_E1Y,-0.17869381524751432,0.17869381524751432,1694
postal_code_K1R,0.17867777148143796,0.17867777148143796,1695
postal_code_K8F,-0.17838423428433214,0.17838423428433214,1696
postal_code_L5B,-0.1783672576067368,0.1783672576067368,1697
postal_code_T5U,-0.17826806399135567,0.17826806399135567,1698
postal_code_V5A,-0.17816690197536728,0.17816690197536728,1699
postal_code_J1J,-0.17800297835309462,0.17800297835309462,1700
postal_code_T3A,0.17793066006768188,0.17793066006768188,1701
postal_code_H9D,-0.17791930580037496,0.17791930580037496,1702
postal_code_H4X,-0.17783171936340866,0.17783171936340866,1703
postal_code_K3L,-0.17771914029544741,0.17771914029544741,1704
postal_code_H1P,-0.17770332599750957,0.17770332599750957,1705
postal_code_N4H,-0.1776866053000888,0.1776866053000888,1706
postal_code_H5H,-0.17725892890674694,0.17725892890674694,1707
postal_code_P7D,-0.1771053997477567,0.1771053997477567,1708
postal_code_J1G,-0.17705707615347052,0.17705707615347052,1709
postal_code_P1H,-0.17701737830539702,0.17701737830539702,1710
postal_code_R5H,-0.17695730427691922,0.17695730427691922,1711
postal_code_N8B,-0.17692614859266043,0.17692614859266043,1712
postal_code_R2L,0.17680288405544484,0.17680288405544484,1713
postal_code_L6F,0.1767090728606395,0.1767090728606395,1714
postal_code_E3E,-0.17629125671892082,0.17629125671892082,1715
postal_code_M2K,-0.17618339455665064,0.17618339455665064,1716
postal_code_V3F,-0.17617051419470925,0.17617051419470925,1717
postal_code_H2W,-0.17593661977291822,0.17593661977291822,1718
postal_code_H4B,-0.17591555168710618,0.17591555168710618,1719
postal_code_V2B,0.17589507963796608,0.17589507963796608,1720
postal_code_E5N,-0.17584308830745277,0.17584308830745277,1721
postal_code_S2A,-0.1758304450823132,0.1758304450823132,1722
postal_code_T5Y,-0.17570268501108663,0.17570268501108663,1723
postal_code_G3I,0.17565437338071,0.17565437338071,1724
postal_code_L2J,0.17544448624913386,0.17544448624913386,1725
postal_code_K9I,-0.1753224812340325,0.1753224812340325,1726
postal_code_V7F,-0.1752886521762094,0.1752886521762094,1727
postal_code_N3G,-0.17525299614999978,0.17525299614999978,1728
postal_code_K4Q,-0.1752135580302602,0.1752135580302602,1729
postal_code_T7P,-0.17513194543516042,0.17513194543516042,1730
postal_code_K8O,-0.17510340903363286,0.17510340903363286,1731
postal_code_R1H,-0.17510013670976302,0.17510013670976302,1732
postal_code_N3N,-0.17507343742476714,0.17507343742476714,1733
postal_code_E7B,-0.1748594778926374,0.1748594778926374,1734
postal_code_R2D,-0.17462947401755174,0.17462947401755174,1735
postal_code_H6E,-0.17441927211097125,0.17441927211097125,1736
postal_code_P6W,-0.17438979623407436,0.17438979623407436,1737
postal_code_V3V,0.17438728297937833,0.17438728297937833,1738
postal_code_C7O,-0.17426215458023414,0.17426215458023414,1739
postal_code_S6M,0.17404124975033852,0.17404124975033852,1740
postal_code_K1K,-0.17392730416237823,0.17392730416237823,1741
postal_code_H5X,-0.17383447800526772,0.17383447800526772,1742
postal_code_T9L,-0.1737514207644722,0.1737514207644722,1743
postal_code_M3T,-0.17368043246679607,0.17368043246679607,1744
postal_code_K3S,-0.17347347375212396,0.17347347375212396,1745
postal_code_V5E,-0.17338505778041058,0.17338505778041058,1746
postal_code_P3I,-0.17304313390344175,0.17304313390344175,1747
postal_code_L3T,-0.17285625360270937,0.17285625360270937,1748
postal_code_S4F,-0.17281161794271166,0.17281161794271166,1749
postal_code_E1G,-0.17263582751927098,0.17263582751927098,1750
postal_code_G2A,-0.17252920313095058,0.17252920313095058,1751
postal_code_T2F,0.17251146447543156,0.17251146447543156,1752
postal_code_M9D,-0.17239454150814842,0.17239454150814842,1753
postal_code_M4W,0.1722527754430127,0.1722527754430127,1754
postal_code_G5E,0.17213624260372015,0.17213624260372015,1755
postal_code_T7U,-0.17196814570197685,0.17196814570197685,1756
postal_code_C8U,-0.17189999283070148,0.17189999283070148,1757
postal_code_M1Y,0.17181135358987223,0.17181135358987223,1758
postal_code_J1K,-0.1717361703210348,0.1717361703210348,1759
postal_code_V8P,-0.17173520723173874,0.17173520723173874,1760
postal_code_N6S,-0.1715327926798602,0.1715327926798602,1761
postal_code_K8Q,-0.17136576986334348,0.17136576986334348,1762
postal_code_L8R,-0.17125582174979162,0.17125582174979162,1763
postal_code_E6L,0.17120483356676106,0.17120483356676106,1764
postal_code_V2A,-0.17097178527889167,0.17097178527889167,1765
postal_code_T3L,-0.1707276287542218,0.1707276287542218,1766
postal_code_G3H,-0.1706759456208552,0.1706759456208552,1767
postal_code_T3W,0.17058151011828884,0.17058151011828884,1768
postal_code_K8X,-0.17039497594023337,0.17039497594023337,1769
postal_code_S4S,-0.17036575302833518,0.17036575302833518,1770
postal_code_L1P,-0.17028553177469752,0.17028553177469752,1771
postal_code_V1V,-0.17021468528645445,0.17021468528645445,1772
postal_code_H8E,-0.1701797538015019,0.1701797538015019,1773
postal_code_C5G,-0.16999582957012485,0.16999582957012485,1774
postal_code_P5E,-0.16998383343450252,0.16998383343450252,1775
postal_code_G2M,0.1699115680146685,0.1699115680146685,1776
postal_code_E5C,-0.16990501722279633,0.16990501722279633,1777
postal_code_N7F,0.16984351853210267,0.16984351853210267,1778
postal_code_C3Z,-0.16973684441539444,0.16973684441539444,1779
postal_code_M5C,0.16971614994739653,0.16971614994739653,1780
postal_code_R2X,0.16960992391095253,0.16960992391095253,1781
postal_code_K6F,-0.16956089687797563,0.16956089687797563,1782
postal_code_H3Y,-0.16955196829846184,0.16955196829846184,1783
postal_code_K1G,0.16951434915006588,0.16951434915006588,1784
postal_code_N5B,-0.16950578309741354,0.16950578309741354,1785
postal_code_J1R,-0.16940813607727032,0.16940813607727032,1786
postal_code_M7X,-0.16903887101838244,0.16903887101838244,1787
postal_code_L2E,-0.16900671877512674,0.16900671877512674,1788
postal_code_P8B,-0.16893218802360682,0.16893218802360682,1789
postal_code_S2N,0.16889651901194297,0.16889651901194297,1790
postal_code_L9V,-0.16885251965538975,0.16885251965538975,1791
postal_code_L1N,-0.16882753162729222,0.16882753162729222,1792
postal_code_L9K,0.1687616487480753,0.1687616487480753,1793
postal_code_K8M,-0.16858004929008588,0.16858004929008588,1794
postal_code_A2K,-0.16842248726638248,0.16842248726638248,1795
postal_code_R6S,-0.1680518673596671,0.1680518673596671,1796
postal_code_E2B,-0.1680197534876256,0.1680197534876256,1797
postal_code_P5D,0.16800282540310885,0.16800282540310885,1798
postal_code_T4V,0.16792051131423869,0.16792051131423869,1799
postal_code_C3V,-0.16784774375014627,0.16784774375014627,1800
postal_code_B1A,0.16775061074479977,0.16775061074479977,1801
postal_code_B1Z,-0.16773371015209002,0.16773371015209002,1802
postal_code_V9D,-0.16769162760851128,0.16769162760851128,1803
postal_code_H7D,-0.16759040903177597,0.16759040903177597,1804
postal_code_V6C,0.167589338505724,0.167589338505724,1805
postal_code_E6X,-0.16738231806265563,0.16738231806265563,1806
postal_code_H1Y,-0.16724281140754704,0.16724281140754704,1807
postal_code_E1P,-0.16720471965220912,0.16720471965220912,1808
postal_code_K7C,-0.1666045723766704,0.1666045723766704,1809
postal_code_N8J,-0.1665652920140083,0.1665652920140083,1810
postal_code_G3O,-0.16638955234070196,0.16638955234070196,1811
postal_code_R6I,-0.1663785964635602,0.1663785964635602,1812
postal_code_K2X,-0.16630696725051214,0.16630696725051214,1813
postal_code_G5Y,-0.16629914861697287,0.16629914861697287,1814
postal_code_L4X,-0.16613463213917992,0.16613463213917992,1815
postal_code_T7H,0.16612828523297338,0.16612828523297338,1816
postal_code_H5C,-0.16606019342761486,0.16606019342761486,1817
postal_code_B8T,-0.16603881200636114,0.16603881200636114,1818
postal_code_B6V,-0.1660333286658498,0.1660333286658498,1819
postal_code_S9K,-0.16602168010683563,0.16602168010683563,1820
postal_code_T5O,-0.16575358782188598,0.16575358782188598,1821
postal_code_M5Y,-0.16571842977951387,0.16571842977951387,1822
postal_code_K9S,-0.16546254246661943,0.16546254246661943,1823
postal_code_G9R,-0.16545911656331186,0.16545911656331186,1824
postal_code_M6M,-0.16530466632065213,0.16530466632065213,1825
postal_code_K9J,0.16506028660791638,0.16506028660791638,1826
postal_code_N2Y,-0.16504214508195178,0.16504214508195178,1827
postal_code_A3P,-0.16498186248374955,0.16498186248374955,1828
postal_code_K3K,-0.16489162167891952,0.16489162167891952,1829
postal_code_B7L,-0.16483695577508628,0.16483695577508628,1830
postal_code_N7B,-0.16475977545351314,0.16475977545351314,1831
postal_code_P1E,0.16471350103058907,0.16471350103058907,1832
postal_code_A5C,-0.16447148081015536,0.16447148081015536,1833
postal_code_M5Q,-0.16441591268948483,0.16441591268948483,1834
postal_code_N2A,-0.16423459752247146,0.16423459752247146,1835
postal_code_K1C,-0.1641830276603075,0.1641830276603075,1836
postal_code_R2E,-0.16410653818396956,0.16410653818396956,1837
postal_code_H3G,0.16391089181298085,0.16391089181298085,1838
postal_code_M9J,-0.16372451945719535,0.16372451945719535,1839
postal_code_A8J,0.1636630844779915,0.1636630844779915,1840
postal_code_M3E,0.1636578172984292,0.1636578172984292,1841
postal_code_M1V,0.16363738389250196,0.16363738389250196,1842
postal_code_V6D,-0.16362462985463722,0.16362462985463722,1843
postal_code_R7G,-0.1635568525251166,0.1635568525251166,1844
postal_code_M1N,-0.16349623055141935,0.16349623055141935,1845
postal_code_J8J,-0.16329355499891252,0.16329355499891252,1846
postal_code_H6I,-0.16328719840872605,0.16328719840872605,1847
postal_code_M9I,0.16319002793078882,0.16319002793078882,1848
postal_code_N9L,0.1631204222810396,0.1631204222810396,1849
postal_code_C5X,-0.1630725290553347,0.1630725290553347,1850
postal_code_T7F,0.16306512459898537,0.16306512459898537,1851
postal_code_V3A,-0.1630200298475185,0.1630200298475185,1852
postal_code_S9G,-0.1628968874459097,0.1628968874459097,1853
postal_code_H6R,-0.1628729725444006,0.1628729725444006,1854
postal_code_N6Z,0.16276369045860695,0.16276369045860695,1855
postal_code_C8C,-0.16275441735012672,0.16275441735012672,1856
postal_code_J1S,-0.16274132353481877,0.16274132353481877,1857
postal_code_J9S,0.16271849107358016,0.16271849107358016,1858
postal_code_P2G,-0.16258937493274367,0.16258937493274367,1859
postal_code_J2Z,0.16254133338718457,0.16254133338718457,1860
postal_code_G6O,-0.16253608850842557,0.16253608850842557,1861
postal_code_J1D,-0.16249454520184983,0.16249454520184983,1862
postal_code_K4R,-0.1624212258801802,0.1624212258801802,1863
postal_code_J7H,-0.16225422367431436,0.16225422367431436,1864
postal_code_S2U,-0.1622364965284206,0.1622364965284206,1865
postal_code_P5U,-0.1620526766081226,0.1620526766081226,1866
postal_code_K3E,-0.16204292221764258,0.16204292221764258,1867
postal_code_G5A,-0.16200968762563092,0.16200968762563092,1868
postal_code_J2V,0.16186950651621707,0.16186950651621707,1869
postal_code_V6Q,-0.1617925377220249,0.1617925377220249,1870
postal_code_S6N,-0.16173264880841032,0.16173264880841032,1871
postal_code_V1J,-0.16168952609726284,0.16168952609726284,1872
postal_code_G4A,-0.1616835984834114,0.1616835984834114,1873
postal_code_L8S,-0.16144421949690244,0.16144421949690244,1874
postal_code_K5F,-0.1613994835930787,0.1613994835930787,1875
postal_code_E4W,-0.16126547227722887,0.16126547227722887,1876
postal_code_G6B,-0.16121883582106739,0.16121883582106739,1877
postal_code_J1V,-0.16120104266175317,0.16120104266175317,1878
postal_code_S8Z,-0.1610971551277175,0.1610971551277175,1879
postal_code_K2B,-0.16088201031527094,0.16088201031527094,1880
postal_code_K2T,-0.16086596115747126,0.16086596115747126,1881
postal_code_M8E,0.16077179625019716,0.16077179625019716,1882
postal_code_M4A,-0.16076304856886975,0.16076304856886975,1883
postal_code_G9Z,-0.16069480745721962,0.16069480745721962,1884
postal_code_N5T,-0.1605206580490253,0.1605206580490253,1885
postal_code_K2O,-0.16037299961099294,0.16037299961099294,1886
postal_code_S9V,-0.1603615754682821,0.1603615754682821,1887
postal_code_V6L,-0.16025430399117457,0.16025430399117457,1888
postal_code_J2C,0.1601907589703604,0.1601907589703604,1889
postal_code_H1O,-0.16019023877614233,0.16019023877614233,1890
postal_code_L4V,-0.15999133636181706,0.15999133636181706,1891
postal_code_N3J,0.1599519607940939,0.1599519607940939,1892
postal_code_P5O,0.15989636301773488,0.15989636301773488,1893
postal_code_J5M,-0.15979654028996987,0.15979654028996987,1894
postal_code_P1Y,-0.15967071086756882,0.15967071086756882,1895
postal_code_C7S,-0.1594556899898876,0.1594556899898876,1896
postal_code_M1Z,0.15933275111231907,0.15933275111231907,1897
postal_code_E7C,-0.15927440764599815,0.15927440764599815,1898
postal_code_A3X,-0.1592462148235746,0.1592462148235746,1899
postal_code_J1W,-0.1589378975794835,0.1589378975794835,1900
postal_code_H9U,-0.15893452897608917,0.15893452897608917,1901
postal_code_R5M,-0.15885307842695953,0.15885307842695953,1902
postal_code_H2S,-0.15868312301294052,0.15868312301294052,1903
postal_code_R7X,-0.15868294983935133,0.15868294983935133,1904
postal_code_S7A,-0.15854648169989433,0.15854648169989433,1905
postal_code_P7H,-0.158474016945786,0.158474016945786,1906
postal_code_M1U,0.15843331716955464,0.15843331716955464,1907
postal_code_H4W,0.15837598438923525,0.15837598438923525,1908
postal_code_R6O,-0.15818480762176046,0.15818480762176046,1909
postal_code_G7R,-0.15809187030298555,0.15809187030298555,1910
postal_code_S4D,-0.1580794216475653,0.1580794216475653,1911
postal_code_E7D,-0.1580546681098244,0.1580546681098244,1912
postal_code_T4W,-0.15802642056248367,0.15802642056248367,1913
postal_code_B6E,-0.15798712786095134,0.15798712786095134,1914
postal_code_N3K,-0.1579749786902603,0.1579749786902603,1915
postal_code_B9G,0.1579669970708658,0.1579669970708658,1916
postal_code_L2D,-0.15794796295988178,0.15794796295988178,1917
postal_code_C3H,-0.15781372059347032,0.15781372059347032,1918
postal_code_M5U,-0.1577785455469857,0.1577785455469857,1919
postal_code_N7P,0.1577525012277066,0.1577525012277066,1920
postal_code_M6Z,-0.157640240155589,0.157640240155589,1921
postal_code_L4I,0.15763767867295547,0.15763767867295547,1922
postal_code_M9V,-0.15759960873145462,0.15759960873145462,1923
postal_code_M3H,-0.1575339679076265,0.1575339679076265,1924
postal_code_R8T,-0.15744598534423748,0.15744598534423748,1925
postal_code_G6H,0.15728491742793765,0.15728491742793765,1926
postal_code_B9I,0.15722181687516737,0.15722181687516737,1927
postal_code_A2P,-0.1570312249632448,0.1570312249632448,1928
postal_code_N3Y,-0.15699775136088745,0.15699775136088745,1929
postal_code_L8E,-0.15688731338252243,0.15688731338252243,1930
postal_code_M8W,0.15679216791895967,0.15679216791895967,1931
postal_code_B7O,-0.156767945142384,0.156767945142384,1932
postal_code_R7R,-0.15655047222701232,0.15655047222701232,1933
postal_code_R2T,-0.15652031713293374,0.15652031713293374,1934
postal_code_J7J,-0.15645694683670625,0.15645694683670625,1935
postal_code_P3F,-0.15645481262983948,0.15645481262983948,1936
postal_code_S2D,-0.1562850104312685,0.1562850104312685,1937
postal_code_L6W,-0.15624657115379464,0.15624657115379464,1938
postal_code_K2P,0.15578500230252496,0.15578500230252496,1939
postal_code_T6Z,0.15569976628580123,0.15569976628580123,1940
postal_code_S2F,-0.15567275070124134,0.15567275070124134,1941
postal_code_M7D,-0.15560169115878383,0.15560169115878383,1942
postal_code_L8G,-0.1553953317799471,0.1553953317799471,1943
postal_code_B1E,-0.15539208911607091,0.15539208911607091,1944
postal_code_P9A,-0.15537560327145228,0.15537560327145228,1945
postal_code_G6E,-0.155322289784396,0.155322289784396,1946
postal_code_P3O,-0.15528231628995376,0.15528231628995376,1947
postal_code_H2N,0.15519684505451467,0.15519684505451467,1948
postal_code_T6E,0.15517455468775548,0.15517455468775548,1949
postal_code_B5B,-0.15499280408206179,0.15499280408206179,1950
postal_code_L3W,-0.15498220614582905,0.15498220614582905,1951
postal_code_J5A,0.15496781921977695,0.15496781921977695,1952
postal_code_B6X,-0.15491657394623157,0.15491657394623157,1953
postal_code_P5V,0.15491449032137922,0.15491449032137922,1954
postal_code_M3V,-0.154832822889205,0.154832822889205,1955
postal_code_P4M,-0.15473079083267688,0.15473079083267688,1956
postal_code_G1E,-0.15470719194911028,0.15470719194911028,1957
postal_code_P6E,0.15452314239177303,0.15452314239177303,1958
postal_code_K6A,-0.1544467935739062,0.1544467935739062,1959
postal_code_V8Q,-0.15434426498383438,0.15434426498383438,1960
postal_code_G5L,-0.15426037764804154,0.15426037764804154,1961
postal_code_M1P,-0.15409828249901067,0.15409828249901067,1962
postal_code_V4T,-0.15401595892164194,0.15401595892164194,1963
postal_code_P7T,-0.1539316468244993,0.1539316468244993,1964
postal_code_R1N,-0.15385916203657196,0.15385916203657196,1965
postal_code_S8J,-0.15346802021264347,0.15346802021264347,1966
postal_code_R4Z,-0.15331119577520735,0.15331119577520735,1967
postal_code_N3U,-0.15316876952199507,0.15316876952199507,1968
postal_code_N5Q,-0.15312034606302585,0.15312034606302585,1969
postal_code_V6S,-0.1530799044349661,0.1530799044349661,1970
postal_code_T5G,-0.15304413263945169,0.15304413263945169,1971
postal_code_G6S,-0.152856852945986,0.152856852945986,1972
postal_code_N1P,0.1527445615384312,0.1527445615384312,1973
postal_code_P4R,-0.15268443459307326,0.15268443459307326,1974
postal_code_S7X,0.15258904857493716,0.15258904857493716,1975
postal_code_S6H,-0.15244001411091976,0.15244001411091976,1976
postal_code_N1V,-0.15242228395284982,0.15242228395284982,1977
postal_code_N1O,-0.15232545165044756,0.15232545165044756,1978
postal_code_N1J,-0.15226548815340013,0.15226548815340013,1979
postal_code_H2E,0.15221578702155708,0.15221578702155708,1980
postal_code_H2R,-0.15220614027619228,0.15220614027619228,1981
postal_code_M8I,-0.15207453709395027,0.15207453709395027,1982
postal_code_R2R,-0.15202030454510693,0.15202030454510693,1983
postal_code_S6S,-0.15201119536316737,0.15201119536316737,1984
postal_code_H8V,-0.1519261109014135,0.1519261109014135,1985
postal_code_L1C,0.1518424970004234,0.1518424970004234,1986
postal_code_J3C,-0.15168444387313448,0.15168444387313448,1987
postal_code_J7O,-0.15161559537853117,0.15161559537853117,1988
postal_code_H5Z,0.151552113666382,0.151552113666382,1989
postal_code_V7A,-0.15141499772945458,0.15141499772945458,1990
postal_code_M8Y,-0.1514140156648462,0.1514140156648462,1991
postal_code_K4H,0.15136808808370122,0.15136808808370122,1992
postal_code_R5R,-0.15131162000735654,0.15131162000735654,1993
postal_code_B2O,-0.15130840084046684,0.15130840084046684,1994
postal_code_V3J,0.15123493960227422,0.15123493960227422,1995
postal_code_R5J,-0.15122620048734753,0.15122620048734753,1996
postal_code_H6W,-0.15074394224816146,0.15074394224816146,1997
postal_code_L2P,0.15072506463115723,0.15072506463115723,1998
postal_code_A2S,-0.1505702824092118,0.1505702824092118,1999
postal_code_A5X,-0.15046478737503144,0.15046478737503144,2000
postal_code_S3B,-0.15044315601339506,0.15044315601339506,2001
postal_code_S3J,-0.1503841534866455,0.1503841534866455,2002
postal_code_R6C,-0.1503255362921181,0.1503255362921181,2003
postal_code_N4K,0.15030964347728787,0.15030964347728787,2004
postal_code_H4Y,0.15021867429103505,0.15021867429103505,2005
postal_code_L9F,0.15011642694583988,0.15011642694583988,2006
postal_code_R3C,-0.15002739003166624,0.15002739003166624,2007
postal_code_K7P,0.1500106239523313,0.1500106239523313,2008
postal_code_P2I,0.14999352180060616,0.14999352180060616,2009
postal_code_H8X,0.14993692587798174,0.14993692587798174,2010
postal_code_T2M,0.14961944476907685,0.14961944476907685,2011
postal_code_V1C,0.14937566974331942,0.14937566974331942,2012
postal_code_V9F,-0.1493349293765023,0.1493349293765023,2013
postal_code_M2Y,-0.1492531783952406,0.1492531783952406,2014
postal_code_R5O,-0.14920722137399603,0.14920722137399603,2015
postal_code_N2R,-0.14919667239749915,0.14919667239749915,2016
postal_code_R9Y,-0.148858165747921,0.148858165747921,2017
postal_code_P1W,-0.14875376021327102,0.14875376021327102,2018
postal_code_K5X,-0.1487269547285396,0.1487269547285396,2019
postal_code_L7L,-0.1483434995454653,0.1483434995454653,2020
postal_code_J8T,-0.14828966730160098,0.14828966730160098,2021
postal_code_J4R,0.14823280792791105,0.14823280792791105,2022
postal_code_T7B,-0.1482325699075255,0.1482325699075255,2023
postal_code_H7V,-0.14812765943535985,0.14812765943535985,2024
postal_code_P9G,-0.14810036832821907,0.14810036832821907,2025
postal_code_H8Y,-0.14802555762824784,0.14802555762824784,2026
postal_code_M3C,-0.14781952242907914,0.14781952242907914,2027
postal_code_R7W,-0.1476979071628452,0.1476979071628452,2028
postal_code_N1L,-0.14765174940307638,0.14765174940307638,2029
postal_code_V6O,-0.14761428366653467,0.14761428366653467,2030
postal_code_S6O,-0.14759245701377277,0.14759245701377277,2031
postal_code_S6E,-0.1475380118946713,0.1475380118946713,2032
postal_code_G4J,-0.1473778609743464,0.1473778609743464,2033
postal_code_B6T,-0.14722007832435796,0.14722007832435796,2034
postal_code_M3Y,-0.14720142964265187,0.14720142964265187,2035
postal_code_T2K,-0.14719251025112098,0.14719251025112098,2036
postal_code_J5B,0.14712138287783164,0.14712138287783164,2037
postal_code_K9L,0.14698296127935515,0.14698296127935515,2038
postal_code_L5Q,-0.1469720223455327,0.1469720223455327,2039
postal_code_K1Z,-0.14693599610697175,0.14693599610697175,2040
postal_code_G3Q,0.1468714037711553,0.1468714037711553,2041
postal_code_B2H,-0.14663235579758202,0.14663235579758202,2042
postal_code_N2V,-0.14661637285551093,0.14661637285551093,2043
postal_code_L9T,0.14642595920661386,0.14642595920661386,2044
postal_code_E9V,-0.14621811526365489,0.14621811526365489,2045
postal_code_B5G,-0.1461980703300736,0.1461980703300736,2046
postal_code_R2G,-0.14611468102626612,0.14611468102626612,2047
postal_code_V4I,0.14610436496337342,0.14610436496337342,2048
postal_code_S5I,-0.14577063492099263,0.14577063492099263,2049
postal_code_K1N,-0.14564817055630502,0.14564817055630502,2050
postal_code_N1G,-0.14546479324437642,0.14546479324437642,2051
postal_code_R4N,-0.14546217997374686,0.14546217997374686,2052
postal_code_J9X,0.14511923167595936,0.14511923167595936,2053
postal_code_H3S,-0.1451087054737608,0.1451087054737608,2054
postal_code_J1E,-0.14478178245175144,0.14478178245175144,2055
postal_code_J3U,0.14462746831559817,0.14462746831559817,2056
postal_code_N3T,-0.14462359166419853,0.14462359166419853,2057
postal_code_M2P,-0.1442659124681356,0.1442659124681356,2058
postal_code_A7Y,-0.14416806790172107,0.14416806790172107,2059
postal_code_R4R,-0.14416060997539523,0.14416060997539523,2060
postal_code_J8P,-0.1441420980262598,0.1441420980262598,2061
postal_code_K2Z,-0.14393642373375873,0.14393642373375873,2062
postal_code_P3J,0.1439153474190133,0.1439153474190133,2063
postal_code_C5C,-0.14388554560468916,0.14388554560468916,2064
postal_code_C6X,-0.14386344140878454,0.14386344140878454,2065
postal_code_V5L,-0.14352079551990135,0.14352079551990135,2066
postal_code_N6K,0.14342955281638306,0.14342955281638306,2067
postal_code_T4T,-0.14303358385226145,0.14303358385226145,2068
postal_code_H1Z,0.14284300617042145,0.14284300617042145,2069
postal_code_K5J,0.14282067893922964,0.14282067893922964,2070
postal_code_K2Y,0.1425910127135098,0.1425910127135098,2071
postal_code_H5T,-0.14224135713432148,0.14224135713432148,2072
postal_code_V2J,-0.14209638108120182,0.14209638108120182,2073
postal_code_B8H,-0.142076481909733,0.142076481909733,2074
postal_code_N7V,-0.14194944125986508,0.14194944125986508,2075
postal_code_H5O,0.14181105534313543,0.14181105534313543,2076
postal_code_R6P,-0.1417826817027287,0.1417826817027287,2077
postal_code_B9P,-0.14155667216983345,0.14155667216983345,2078
postal_code_P2T,-0.1415137499865661,0.1415137499865661,2079
postal_code_B5T,-0.14147190036181348,0.14147190036181348,2080
postal_code_B9D,-0.14137538113197046,0.14137538113197046,2081
postal_code_J4K,-0.14088778133608823,0.14088778133608823,2082
postal_code_M8M,-0.1408197671060686,0.1408197671060686,2083
postal_code_P5P,-0.14076935301156693,0.14076935301156693,2084
postal_code_J1B,-0.14063794499792703,0.14063794499792703,2085
postal_code_K1O,-0.1404116333322978,0.1404116333322978,2086
postal_code_R9T,-0.14021083913956753,0.14021083913956753,2087
postal_code_J3Q,-0.14013837592158263,0.14013837592158263,2088
postal_code_H8U,-0.14004054352872253,0.14004054352872253,2089
postal_code_J1H,-0.1400071746365608,0.1400071746365608,2090
postal_code_R9N,-0.13989638860723483,0.13989638860723483,2091
postal_code_P4Q,0.13972264408425591,0.13972264408425591,2092
postal_code_P2D,0.1396770070828373,0.1396770070828373,2093
postal_code_E9O,-0.13964726621408058,0.13964726621408058,2094
postal_code_K8G,-0.13963274031500525,0.13963274031500525,2095
postal_code_E9U,-0.13960783425641424,0.13960783425641424,2096
postal_code_J5E,0.13945883419175387,0.13945883419175387,2097
postal_code_K8E,-0.13935018580151298,0.13935018580151298,2098
postal_code_V5V,-0.13896601969666786,0.13896601969666786,2099
postal_code_J7C,-0.13891207443340223,0.13891207443340223,2100
postal_code_N8H,-0.13888353369796258,0.13888353369796258,2101
postal_code_K8L,0.13887704705303228,0.13887704705303228,2102
postal_code_T4N,0.13873079294763963,0.13873079294763963,2103
postal_code_S8F,-0.13861261894989554,0.13861261894989554,2104
postal_code_B5K,-0.1386092448482822,0.1386092448482822,2105
postal_code_T1Z,-0.13842056025342092,0.13842056025342092,2106
postal_code_M7M,-0.13838929633570154,0.13838929633570154,2107
postal_code_A4V,-0.13806092196289121,0.13806092196289121,2108
postal_code_J8V,-0.13786226878337177,0.13786226878337177,2109
postal_code_N2S,0.13782764910176024,0.13782764910176024,2110
postal_code_H9N,-0.1378056875698717,0.1378056875698717,2111
postal_code_B2Y,-0.13744116033714238,0.13744116033714238,2112
postal_code_G2Z,-0.13741416864094438,0.13741416864094438,2113
postal_code_E1H,-0.1372078480520114,0.1372078480520114,2114
postal_code_M3J,-0.13716271661172025,0.13716271661172025,2115
postal_code_J4H,-0.1371123914094531,0.1371123914094531,2116
postal_code_E7F,-0.13705618250194634,0.13705618250194634,2117
postal_code_L6Z,0.13695255665133185,0.13695255665133185,2118
postal_code_K3G,0.13693178246972462,0.13693178246972462,2119
postal_code_N2B,0.13690201374710673,0.13690201374710673,2120
postal_code_R2A,-0.13687483077754226,0.13687483077754226,2121
postal_code_A7K,-0.13661148207389429,0.13661148207389429,2122
postal_code_N5G,0.1364764917655899,0.1364764917655899,2123
postal_code_V3W,-0.13645730564668862,0.13645730564668862,2124
postal_code_N1Q,-0.13641247898051562,0.13641247898051562,2125
postal_code_L2X,-0.13609582220813152,0.13609582220813152,2126
postal_code_A4C,-0.1359085115967237,0.1359085115967237,2127
postal_code_L2O,0.13528413508449666,0.13528413508449666,2128
postal_code_N4Q,-0.1352058495643168,0.1352058495643168,2129
postal_code_P7O,-0.1351677792716304,0.1351677792716304,2130
postal_code_G7X,0.13502926579068097,0.13502926579068097,2131
postal_code_B6Q,0.13492732503787155,0.13492732503787155,2132
postal_code_B8S,-0.13489959113174005,0.13489959113174005,2133
postal_code_V9U,-0.1347525390942683,0.1347525390942683,2134
postal_code_N1S,0.13465635974258405,0.13465635974258405,2135
postal_code_T6D,0.13454194041628506,0.13454194041628506,2136
postal_code_T8U,0.13448290357934423,0.13448290357934423,2137
postal_code_G5S,-0.13447373686471317,0.13447373686471317,2138
postal_code_P3Y,-0.13444514935880084,0.13444514935880084,2139
postal_code_B8W,-0.1343177321365041,0.1343177321365041,2140
postal_code_K6X,0.13397964729768436,0.13397964729768436,2141
postal_code_P2E,-0.13379369398658503,0.13379369398658503,2142
postal_code_G2F,0.1336878974686177,0.1336878974686177,2143
postal_code_A5A,-0.13359817081313696,0.13359817081313696,2144
postal_code_J6Y,-0.133435335404043,0.133435335404043,2145
postal_code_R9Q,-0.1333300077349041,0.1333300077349041,2146
postal_code_N3I,-0.13329005640113784,0.13329005640113784,2147
postal_code_J5H,0.13326200453093093,0.13326200453093093,2148
postal_code_N7J,-0.13323925682341714,0.13323925682341714,2149
postal_code_P6Z,-0.13316468896461217,0.13316468896461217,2150
postal_code_T8A,0.1331621434142132,0.1331621434142132,2151
postal_code_E8P,-0.1331496347031581,0.1331496347031581,2152
postal_code_V1M,-0.1330830484756692,0.1330830484756692,2153
postal_code_J7A,-0.13297620180563252,0.13297620180563252,2154
postal_code_B6B,-0.13290044807938067,0.13290044807938067,2155
postal_code_P5T,-0.13258192199751706,0.13258192199751706,2156
postal_code_P6O,-0.13253815895963103,0.13253815895963103,2157
postal_code_B5P,-0.1324909668525284,0.1324909668525284,2158
postal_code_L8K,0.13245071407466774,0.13245071407466774,2159
postal_code_C3G,-0.13238656505161298,0.13238656505161298,2160
postal_code_G3J,0.13223516405223196,0.13223516405223196,2161
postal_code_H3F,0.13211300966173511,0.13211300966173511,2162
postal_code_V5H,-0.1319139657352603,0.1319139657352603,2163
postal_code_R2I,-0.13189899927017773,0.13189899927017773,2164
postal_code_E9P,-0.13189803404954717,0.13189803404954717,2165
postal_code_V9L,0.13187872576906046,0.13187872576906046,2166
postal_code_M3R,0.1318474750978071,0.1318474750978071,2167
postal_code_G7A,-0.1318174052205529,0.1318174052205529,2168
postal_code_A9Q,-0.13177812305471878,0.13177812305471878,2169
postal_code_T8X,0.13176160660867497,0.13176160660867497,2170
postal_code_L9Q,-0.13175207439687178,0.13175207439687178,2171
postal_code_L2U,0.1317359430777621,0.1317359430777621,2172
postal_code_L9O,-0.1315615374787769,0.1315615374787769,2173
postal_code_B8A,-0.13153781269566106,0.13153781269566106,2174
postal_code_L7N,-0.13148366229484953,0.13148366229484953,2175
postal_code_L5W,-0.13146900302545672,0.13146900302545672,2176
postal_code_T4D,-0.1314537889673134,0.1314537889673134,2177
postal_code_V8K,-0.13143248666282145,0.13143248666282145,2178
postal_code_P3Z,0.13135713395578932,0.13135713395578932,2179
postal_code_E5B,0.1313403859019219,0.1313403859019219,2180
postal_code_T5S,-0.13132479572127437,0.13132479572127437,2181
postal_code_M2L,-0.13112414366528038,0.13112414366528038,2182
postal_code_S2C,-0.13108437269997786,0.13108437269997786,2183
postal_code_G6D,-0.13058066138408564,0.13058066138408564,2184
postal_code_B2T,-0.13055297028787458,0.13055297028787458,2185
postal_code_G6F,0.13049122567673294,0.13049122567673294,2186
postal_code_R1T,-0.13036417406679504,0.13036417406679504,2187
postal_code_L2Q,-0.13034113247459736,0.13034113247459736,2188
postal_code_C3Q,-0.13022763917615127,0.13022763917615127,2189
postal_code_A1X,-0.13016349323386092,0.13016349323386092,2190
postal_code_K3F,-0.13006547044685252,0.13006547044685252,2191
postal_code_L4W,-0.13002535114186242,0.13002535114186242,2192
postal_code_P6T,-0.12988803440237584,0.12988803440237584,2193
postal_code_B1K,-0.12986297546234019,0.12986297546234019,2194
postal_code_S5B,-0.12982572248062865,0.12982572248062865,2195
postal_code_C6Y,-0.1297222011494973,0.1297222011494973,2196
postal_code_C4T,-0.12963533909657887,0.12963533909657887,2197
postal_code_J9H,-0.12953095125169697,0.12953095125169697,2198
postal_code_R8G,0.12952673480050145,0.12952673480050145,2199
postal_code_V5F,0.12927727656759289,0.12927727656759289,2200
postal_code_K3U,-0.1291886727153595,0.1291886727153595,2201
postal_code_A6A,-0.12905877260515827,0.12905877260515827,2202
postal_code_K4Z,-0.1290501847941232,0.1290501847941232,2203
postal_code_L2C,-0.1290361607905817,0.1290361607905817,2204
postal_code_E3X,-0.12876829395023381,0.12876829395023381,2205
postal_code_V7L,0.12856078261495604,0.12856078261495604,2206
postal_code_P8I,0.1284436012905105,0.1284436012905105,2207
postal_code_R1S,-0.1284028929634171,0.1284028929634171,2208
postal_code_H3R,-0.12838777417876834,0.12838777417876834,2209
postal_code_B3N,-0.12837663286334824,0.12837663286334824,2210
postal_code_T2Y,-0.12833057278030158,0.12833057278030158,2211
postal_code_N9Z,-0.12826965017035855,0.12826965017035855,2212
postal_code_C8M,-0.12799976273928826,0.12799976273928826,2213
postal_code_H4L,-0.12781691762897018,0.12781691762897018,2214
postal_code_K1A,-0.12778105726867975,0.12778105726867975,2215
postal_code_T9F,-0.12770617054371367,0.12770617054371367,2216
postal_code_T1W,0.12766502158297052,0.12766502158297052,2217
postal_code_N8Y,-0.1276301682110615,0.1276301682110615,2218
postal_code_C1L,-0.1275057078441615,0.1275057078441615,2219
postal_code_M3L,-0.12744634562176188,0.12744634562176188,2220
postal_code_G1F,0.12720936584327805,0.12720936584327805,2221
postal_code_G4C,-0.12713645829218406,0.12713645829218406,2222
postal_code_L8Y,0.1269906031362654,0.1269906031362654,2223
postal_code_L7U,-0.1269288459325811,0.1269288459325811,2224
postal_code_R9P,-0.12683818315211434,0.12683818315211434,2225
postal_code_R2J,-0.12678939698090808,0.12678939698090808,2226
postal_code_V6Y,-0.12677104189644464,0.12677104189644464,2227
postal_code_S7V,-0.1267315143101427,0.1267315143101427,2228
postal_code_M6O,-0.12640378413818398,0.12640378413818398,2229
postal_code_E5R,0.12638120551647805,0.12638120551647805,2230
postal_code_V7V,0.12631628808754417,0.12631628808754417,2231
postal_code_A9H,-0.12622742539771403,0.12622742539771403,2232
postal_code_N3Q,0.12619478052721225,0.12619478052721225,2233
postal_code_K7G,-0.12616629092700168,0.12616629092700168,2234
postal_code_N9K,-0.1261547862345522,0.1261547862345522,2235
postal_code_L7F,-0.12611017826785337,0.12611017826785337,2236
postal_code_V2H,-0.12608791899494623,0.12608791899494623,2237
postal_code_H5L,-0.1259902339814874,0.1259902339814874,2238
postal_code_T7K,-0.12582641928517305,0.12582641928517305,2239
postal_code_K1F,-0.12577937850221368,0.12577937850221368,2240
postal_code_S1G,0.125656070924929,0.125656070924929,2241
postal_code_S2Z,-0.12558616811937717,0.12558616811937717,2242
postal_code_R5S,-0.1254620716435136,0.1254620716435136,2243
postal_code_E4J,-0.12541753009315437,0.12541753009315437,2244
postal_code_V7B,-0.12531446336283705,0.12531446336283705,2245
postal_code_K9O,0.12531398782467493,0.12531398782467493,2246
postal_code_B1L,-0.12530785407362266,0.12530785407362266,2247
postal_code_T3U,0.12522545303240143,0.12522545303240143,2248
postal_code_R3N,-0.12519336567930234,0.12519336567930234,2249
postal_code_G7J,-0.12487350187246155,0.12487350187246155,2250
postal_code_M2Z,0.12482590418885937,0.12482590418885937,2251
postal_code_M4I,-0.1248256533329198,0.1248256533329198,2252
postal_code_L3F,-0.12469985668666454,0.12469985668666454,2253
postal_code_H2I,-0.12455216993526134,0.12455216993526134,2254
postal_code_N9H,0.12454682557060091,0.12454682557060091,2255
postal_code_J1O,-0.12440226450871562,0.12440226450871562,2256
postal_code_T7I,0.12437350930348359,0.12437350930348359,2257
postal_code_V9X,0.1243485075794062,0.1243485075794062,2258
postal_code_E8R,-0.12424396785617997,0.12424396785617997,2259
postal_code_A2G,-0.12406726126612558,0.12406726126612558,2260
postal_code_H4R,-0.12405471844034192,0.12405471844034192,2261
postal_code_R6J,-0.12383629907419758,0.12383629907419758,2262
postal_code_K1S,0.12368473380787591,0.12368473380787591,2263
postal_code_T7L,0.12351036226111206,0.12351036226111206,2264
postal_code_P6S,-0.1234634148422124,0.1234634148422124,2265
postal_code_H6O,-0.12322315825638827,0.12322315825638827,2266
postal_code_R4C,-0.1230858120765429,0.1230858120765429,2267
postal_code_A6P,-0.12305374346790884,0.12305374346790884,2268
postal_code_L8V,0.12299776361545713,0.12299776361545713,2269
postal_code_S7G,-0.12293985694688388,0.12293985694688388,2270
postal_code_A9X,-0.12286696553097422,0.12286696553097422,2271
postal_code_K6C,-0.12281681260438577,0.12281681260438577,2272
postal_code_B3T,-0.12223819162585298,0.12223819162585298,2273
postal_code_J4Q,-0.12209628086321693,0.12209628086321693,2274
postal_code_V7W,-0.12204005293072075,0.12204005293072075,2275
postal_code_K5R,-0.12201477463948163,0.12201477463948163,2276
postal_code_M1J,-0.12185750590227108,0.12185750590227108,2277
postal_code_B1M,-0.12165435811065493,0.12165435811065493,2278
postal_code_S5J,-0.12153564409825385,0.12153564409825385,2279
postal_code_L5J,0.12150571416525265,0.12150571416525265,2280
postal_code_C8J,-0.12142988603399493,0.12142988603399493,2281
postal_code_H1B,0.1214074296778844,0.1214074296778844,2282
postal_code_N6Q,-0.12135909387887753,0.12135909387887753,2283
postal_code_S8M,0.12122730888542023,0.12122730888542023,2284
postal_code_M2X,0.12111518252099693,0.12111518252099693,2285
postal_code_B1C,-0.1209118934873671,0.1209118934873671,2286
postal_code_P7U,-0.12088712580260344,0.12088712580260344,2287
postal_code_H7M,-0.12084161852347157,0.12084161852347157,2288
postal_code_E7T,-0.12082241345338174,0.12082241345338174,2289
postal_code_J5I,-0.1207554406190786,0.1207554406190786,2290
postal_code_G7B,0.12074335826807603,0.12074335826807603,2291
postal_code_P9F,-0.1205621732133379,0.1205621732133379,2292
postal_code_E6R,-0.12043257657125644,0.12043257657125644,2293
postal_code_P5L,-0.12034568735339433,0.12034568735339433,2294
postal_code_B4Z,-0.11998484712482158,0.11998484712482158,2295
postal_code_V7D,0.11987681809486571,0.11987681809486571,2296
postal_code_A5B,-0.11975320490782093,0.11975320490782093,2297
postal_code_K6D,-0.11964253785113155,0.11964253785113155,2298
postal_code_N4U,-0.11960756624902237,0.11960756624902237,2299
postal_code_E3F,0.11945356474424688,0.11945356474424688,2300
postal_code_G6G,0.11941532979059127,0.11941532979059127,2301
postal_code_M4H,-0.11903800807681504,0.11903800807681504,2302
postal_code_J3B,0.11902404160695196,0.11902404160695196,2303
postal_code_K4L,-0.11900993911595499,0.11900993911595499,2304
postal_code_L8L,0.11897085651519632,0.11897085651519632,2305
postal_code_H9V,-0.11894995858428148,0.11894995858428148,2306
postal_code_R2N,-0.1187606978216341,0.1187606978216341,2307
postal_code_B3U,-0.11873343826853741,0.11873343826853741,2308
postal_code_T6M,-0.11865416982529287,0.11865416982529287,2309
postal_code_V1Z,0.11852940179827866,0.11852940179827866,2310
postal_code_M4C,0.11848395370953585,0.11848395370953585,2311
postal_code_B2B,-0.11824687897303289,0.11824687897303289,2312
postal_code_S8X,-0.11823022065185528,0.11823022065185528,2313
postal_code_B2A,-0.1181870074138182,0.1181870074138182,2314
postal_code_S4H,-0.11813504961593538,0.11813504961593538,2315
postal_code_K9T,-0.11802966857131883,0.11802966857131883,2316
postal_code_N8A,-0.1180016467067803,0.1180016467067803,2317
postal_code_G8Z,0.1179405634839758,0.1179405634839758,2318
postal_code_C7V,-0.1178964893622,0.1178964893622,2319
postal_code_G6Y,0.11763717755535633,0.11763717755535633,2320
postal_code_L5O,-0.11762989170647602,0.11762989170647602,2321
postal_code_C5O,-0.11754248767678874,0.11754248767678874,2322
postal_code_J5V,-0.11750474932717733,0.11750474932717733,2323
postal_code_B3F,-0.11713412729210379,0.11713412729210379,2324
postal_code_K7T,-0.11712251636335126,0.11712251636335126,2325
postal_code_J8O,-0.11711305758531727,0.11711305758531727,2326
postal_code_B9M,-0.11709790247963166,0.11709790247963166,2327
postal_code_E4D,-0.11708661484123868,0.11708661484123868,2328
postal_code_M1B,0.11700259153768307,0.11700259153768307,2329
postal_code_A4U,-0.11696318545258479,0.11696318545258479,2330
postal_code_B4P,-0.11688330656385937,0.11688330656385937,2331
postal_code_T3E,0.11676032712666382,0.11676032712666382,2332
postal_code_S2G,-0.11664417050699206,0.11664417050699206,2333
postal_code_L1L,-0.11663323271105389,0.11663323271105389,2334
postal_code_R8P,0.11653700241730007,0.11653700241730007,2335
postal_code_P8U,-0.11652620201481367,0.11652620201481367,2336
postal_code_B3M,-0.11647389024637636,0.11647389024637636,2337
postal_code_N2K,-0.11646470451678095,0.11646470451678095,2338
postal_code_E7K,-0.11638095581478405,0.11638095581478405,2339
postal_code_E2A,-0.11636003981794671,0.11636003981794671,2340
postal_code_S1E,-0.11626615176351605,0.11626615176351605,2341
postal_code_K9H,0.11625904512530195,0.11625904512530195,2342
postal_code_H6T,-0.1160433113919742,0.1160433113919742,2343
postal_code_P6K,-0.11572633412757542,0.11572633412757542,2344
postal_code_J5Z,-0.11570094356382454,0.11570094356382454,2345
postal_code_M2Q,-0.11569619495585895,0.11569619495585895,2346
postal_code_R1P,-0.11564969688265793,0.11564969688265793,2347
postal_code_R4T,-0.11554539586045953,0.11554539586045953,2348
postal_code_C1N,-0.11526856564242884,0.11526856564242884,2349
postal_code_S5K,-0.1152061276342337,0.1152061276342337,2350
postal_code_T4G,0.11518374424548626,0.11518374424548626,2351
postal_code_S4E,-0.11491786763282527,0.11491786763282527,2352
postal_code_L1I,0.11487636775469823,0.11487636775469823,2353
postal_code_N7R,0.11470670939623555,0.11470670939623555,2354
postal_code_M6Q,-0.11458560973609609,0.11458560973609609,2355
postal_code_B5H,-0.1144590117688925,0.1144590117688925,2356
postal_code_T1C,-0.11441864395259577,0.11441864395259577,2357
postal_code_V6Z,-0.11432837979451614,0.11432837979451614,2358
postal_code_S2M,-0.11422951676984351,0.11422951676984351,2359
postal_code_A4Q,-0.11421953737814224,0.11421953737814224,2360
postal_code_S9U,-0.11420107428019383,0.11420107428019383,2361
postal_code_C9G,-0.11419960616057309,0.11419960616057309,2362
postal_code_H3K,-0.11417666506645559,0.11417666506645559,2363
postal_code_L7E,-0.11410227789283356,0.11410227789283356,2364
postal_code_B2M,-0.11399108175407975,0.11399108175407975,2365
postal_code_E5T,-0.11384260391233951,0.11384260391233951,2366
postal_code_S7Q,-0.11373511570021301,0.11373511570021301,2367
postal_code_C3A,-0.11364291501405233,0.11364291501405233,2368
postal_code_G3N,-0.1136327557735321,0.1136327557735321,2369
postal_code_T5L,0.1136317504038865,0.1136317504038865,2370
postal_code_B3B,-0.11342378569793314,0.11342378569793314,2371
postal_code_B2Z,-0.11342249685421223,0.11342249685421223,2372
postal_code_V4R,0.11321666745114803,0.11321666745114803,2373
postal_code_T9G,-0.11315818412637252,0.11315818412637252,2374
postal_code_R8I,-0.11276226759133742,0.11276226759133742,2375
postal_code_S4X,-0.11254793924811078,0.11254793924811078,2376
postal_code_V1F,0.11247147447046617,0.11247147447046617,2377
postal_code_K9P,-0.11234182030514041,0.11234182030514041,2378
postal_code_M6N,-0.1121690249990201,0.1121690249990201,2379
postal_code_T8M,0.11155285744729247,0.11155285744729247,2380
postal_code_J6E,-0.11135030360859971,0.11135030360859971,2381
postal_code_P3E,0.11128212313687644,0.11128212313687644,2382
postal_code_M2U,0.1112700042740913,0.1112700042740913,2383
postal_code_N5X,-0.11120328871616987,0.11120328871616987,2384
postal_code_V5C,0.11107159000518549,0.11107159000518549,2385
claim_type_Weather,-0.11105726829950013,0.11105726829950013,2386
postal_code_B4N,-0.11102561536957546,0.11102561536957546,2387
postal_code_P8J,-0.11102265263724845,0.11102265263724845,2388
postal_code_G1Y,0.11094823893897242,0.11094823893897242,2389
postal_code_V4Z,-0.11089870276656556,0.11089870276656556,2390
postal_code_T6J,-0.11067159534167377,0.11067159534167377,2391
postal_code_L2H,0.11062076663901088,0.11062076663901088,2392
postal_code_E5K,-0.11051565690636234,0.11051565690636234,2393
postal_code_K6N,0.11037356628682315,0.11037356628682315,2394
postal_code_K1Y,-0.1103621519804647,0.1103621519804647,2395
postal_code_A5T,-0.11035776807619704,0.11035776807619704,2396
postal_code_B9O,-0.11016833940571713,0.11016833940571713,2397
postal_code_E6A,-0.11015820841870126,0.11015820841870126,2398
postal_code_L3C,-0.11008667587271727,0.11008667587271727,2399
postal_code_G1N,-0.11007191224745566,0.11007191224745566,2400
postal_code_E4F,-0.1100020347256771,0.1100020347256771,2401
postal_code_V1O,-0.10999015945763196,0.10999015945763196,2402
postal_code_T7S,-0.10991677797259301,0.10991677797259301,2403
postal_code_J2R,-0.10985916175595128,0.10985916175595128,2404
postal_code_G5Q,-0.10984051939315968,0.10984051939315968,2405
postal_code_B2D,-0.10976287914512023,0.10976287914512023,2406
postal_code_M4M,0.10975711473454672,0.10975711473454672,2407
postal_code_T5F,-0.10974431083220651,0.10974431083220651,2408
postal_code_P3K,0.10946809696367946,0.10946809696367946,2409
postal_code_R4Q,-0.10927407570722285,0.10927407570722285,2410
postal_code_L6I,0.10922558644927693,0.10922558644927693,2411
postal_code_V4B,-0.10918646318167659,0.10918646318167659,2412
postal_code_J5R,0.1091343026007283,0.1091343026007283,2413
postal_code_P7J,-0.10893898709801349,0.10893898709801349,2414
postal_code_L8C,-0.10892566663777886,0.10892566663777886,2415
postal_code_N4G,-0.10881190306260306,0.10881190306260306,2416
postal_code_L3N,-0.10877571597808161,0.10877571597808161,2417
postal_code_N2N,0.10871174516247174,0.10871174516247174,2418
postal_code_K4V,-0.10866855909474685,0.10866855909474685,2419
postal_code_P2H,-0.10866636197732904,0.10866636197732904,2420
postal_code_G8B,-0.10864437012036679,0.10864437012036679,2421
postal_code_L3X,0.10851846868760118,0.10851846868760118,2422
postal_code_N5D,-0.10830684966193935,0.10830684966193935,2423
postal_code_M9N,-0.10814827855379767,0.10814827855379767,2424
postal_code_V5X,-0.10810018348021418,0.10810018348021418,2425
postal_code_B5A,-0.10796999868248199,0.10796999868248199,2426
postal_code_E4V,-0.10791146103061086,0.10791146103061086,2427
postal_code_R7N,0.1078918812015402,0.1078918812015402,2428
postal_code_N6M,0.10784493889074122,0.10784493889074122,2429
postal_code_P2S,0.10781659333660484,0.10781659333660484,2430
postal_code_B1O,-0.10780655391311691,0.10780655391311691,2431
postal_code_E5H,-0.10777216371591587,0.10777216371591587,2432
postal_code_R6U,-0.107702926706188,0.107702926706188,2433
postal_code_N6L,-0.10767361438899739,0.10767361438899739,2434
postal_code_T9R,0.10767196196441833,0.10767196196441833,2435
postal_code_N8X,-0.10760070522592524,0.10760070522592524,2436
postal_code_J8E,-0.10755766042600921,0.10755766042600921,2437
postal_code_R7T,-0.10741181706075707,0.10741181706075707,2438
postal_code_L4M,-0.10740838725251538,0.10740838725251538,2439
postal_code_S4J,0.1073564524665853,0.1073564524665853,2440
postal_code_V4F,-0.10730125957279689,0.10730125957279689,2441
postal_code_L6G,-0.10727235170984627,0.10727235170984627,2442
postal_code_S7U,-0.10711732309829466,0.10711732309829466,2443
postal_code_M7L,-0.10709278216463654,0.10709278216463654,2444
postal_code_G6U,0.10704460480882194,0.10704460480882194,2445
postal_code_N3W,0.10696785101784356,0.10696785101784356,2446
postal_code_H1A,-0.10685946311626707,0.10685946311626707,2447
postal_code_R4V,-0.10662379779152135,0.10662379779152135,2448
postal_code_B5C,0.10633870593698887,0.10633870593698887,2449
postal_code_G9D,-0.1063231203879571,0.1063231203879571,2450
postal_code_S7O,0.106184633050792,0.106184633050792,2451
postal_code_A7X,-0.10606520187889541,0.10606520187889541,2452
postal_code_R7D,-0.10599943735724221,0.10599943735724221,2453
postal_code_R6M,-0.10588457964623665,0.10588457964623665,2454
postal_code_E7S,-0.10581012954983451,0.10581012954983451,2455
postal_code_L2A,-0.10569156186574281,0.10569156186574281,2456
postal_code_V8B,0.1056700772704899,0.1056700772704899,2457
postal_code_J4I,-0.10555927561360756,0.10555927561360756,2458
postal_code_B7B,-0.1054321060973525,0.1054321060973525,2459
postal_code_R5K,-0.10540678756980776,0.10540678756980776,2460
postal_code_E1M,0.1052381030305426,0.1052381030305426,2461
postal_code_A3B,-0.10506147237524495,0.10506147237524495,2462
postal_code_S4B,-0.10483658504018852,0.10483658504018852,2463
postal_code_K4K,0.10481253960383392,0.10481253960383392,2464
postal_code_T8Q,0.10451181319306806,0.10451181319306806,2465
postal_code_L9S,-0.10438988876000657,0.10438988876000657,2466
postal_code_L1G,-0.10433738066028293,0.10433738066028293,2467
postal_code_J4J,0.104001558455699,0.104001558455699,2468
postal_code_K5Q,-0.10382188027964884,0.10382188027964884,2469
postal_code_S3N,-0.10377098630140617,0.10377098630140617,2470
postal_code_B9W,-0.10376692882362547,0.10376692882362547,2471
postal_code_V8C,-0.10374062681599876,0.10374062681599876,2472
postal_code_S6D,-0.10360456806623383,0.10360456806623383,2473
postal_code_V9K,0.10360364461777356,0.10360364461777356,2474
postal_code_K7I,0.10326460227858654,0.10326460227858654,2475
postal_code_N5P,-0.10315764162704742,0.10315764162704742,2476
postal_code_A5P,-0.10304021599045354,0.10304021599045354,2477
postal_code_K7N,0.10291204763100076,0.10291204763100076,2478
postal_code_L2N,0.10287502516515944,0.10287502516515944,2479
postal_code_J4M,0.10282262948525095,0.10282262948525095,2480
postal_code_P2C,-0.10273842464302324,0.10273842464302324,2481
postal_code_L5Z,-0.10246566274471856,0.10246566274471856,2482
postal_code_B5M,-0.10201279269347516,0.10201279269347516,2483
postal_code_C3B,-0.10199628310855503,0.10199628310855503,2484
postal_code_P7W,-0.1019394607601986,0.1019394607601986,2485
postal_code_C9S,-0.10182356084957046,0.10182356084957046,2486
postal_code_H9J,-0.1017681328950608,0.1017681328950608,2487
postal_code_G7F,-0.10174329363926823,0.10174329363926823,2488
postal_code_G6M,-0.10173511332853137,0.10173511332853137,2489
postal_code_N1N,-0.10160609637776544,0.10160609637776544,2490
postal_code_B7F,-0.10145268565214412,0.10145268565214412,2491
postal_code_V9J,0.10133062490146028,0.10133062490146028,2492
postal_code_R9S,-0.1011599171337919,0.1011599171337919,2493
postal_code_V4G,0.1011257696109391,0.1011257696109391,2494
postal_code_A6Y,-0.10112166139235734,0.10112166139235734,2495
postal_code_P3Q,-0.10076322992668862,0.10076322992668862,2496
postal_code_T2X,0.10072033815887711,0.10072033815887711,2497
postal_code_J2M,-0.10048303531391203,0.10048303531391203,2498
postal_code_S7Z,-0.1004387616585901,0.1004387616585901,2499
postal_code_B1Y,-0.10003322645954439,0.10003322645954439,2500
postal_code_M2I,0.09995603204622495,0.09995603204622495,2501
postal_code_G6R,-0.09993077230737323,0.09993077230737323,2502
postal_code_H3B,-0.09987624131764417,0.09987624131764417,2503
postal_code_H3J,-0.09981659251650989,0.09981659251650989,2504
postal_code_G8S,0.0998073539683903,0.0998073539683903,2505
postal_code_L6T,-0.09963586453805637,0.09963586453805637,2506
postal_code_A4N,-0.09953615301138084,0.09953615301138084,2507
postal_code_T7O,-0.09945901283068224,0.09945901283068224,2508
postal_code_A4B,-0.09939491477906563,0.09939491477906563,2509
postal_code_C2L,-0.09936001604969599,0.09936001604969599,2510
postal_code_L7A,-0.0992497421170945,0.0992497421170945,2511
postal_code_S5Q,-0.0992432560555913,0.0992432560555913,2512
postal_code_E7I,0.09919277823404368,0.09919277823404368,2513
postal_code_R5N,-0.09910881843681892,0.09910881843681892,2514
postal_code_R8O,-0.0990387917643048,0.0990387917643048,2515
postal_code_P7X,-0.09892828007676133,0.09892828007676133,2516
postal_code_G9P,-0.09852882889934779,0.09852882889934779,2517
postal_code_K3O,-0.09849931070336979,0.09849931070336979,2518
postal_code_A8H,-0.09845464462881692,0.09845464462881692,2519
postal_code_L4D,-0.09843194465389395,0.09843194465389395,2520
postal_code_N1U,-0.09829717831287474,0.09829717831287474,2521
postal_code_A8V,-0.09812369423731267,0.09812369423731267,2522
postal_code_E2C,-0.09806033440260943,0.09806033440260943,2523
postal_code_C9C,-0.09787415123755562,0.09787415123755562,2524
postal_code_N3L,0.09763913311934422,0.09763913311934422,2525
postal_code_J9L,0.0974949476812396,0.0974949476812396,2526
postal_code_M8J,0.09730805773541186,0.09730805773541186,2527
postal_code_K5U,0.09722536513024851,0.09722536513024851,2528
postal_code_H2L,-0.0971596468156491,0.0971596468156491,2529
postal_code_J6X,-0.09707752162446218,0.09707752162446218,2530
postal_code_C9Z,-0.097050595735411,0.097050595735411,2531
postal_code_R1R,0.09702447529627883,0.09702447529627883,2532
postal_code_T1H,0.09697771550852377,0.09697771550852377,2533
postal_code_P1Q,-0.09696493142377935,0.09696493142377935,2534
postal_code_S3F,-0.09663437108951319,0.09663437108951319,2535
postal_code_T2D,0.09662938760649634,0.09662938760649634,2536
postal_code_C7A,-0.09647787163180413,0.09647787163180413,2537
postal_code_L3V,-0.09641334541927819,0.09641334541927819,2538
postal_code_V3E,0.09637731910092748,0.09637731910092748,2539
postal_code_T2W,0.09631825967185045,0.09631825967185045,2540
postal_code_P8T,-0.09627085400708735,0.09627085400708735,2541
postal_code_G1U,-0.09621668840223466,0.09621668840223466,2542
postal_code_B4J,-0.0961179429987616,0.0961179429987616,2543
postal_code_S8W,-0.09608291685999679,0.09608291685999679,2544
postal_code_N1F,0.09594374763770346,0.09594374763770346,2545
postal_code_S7F,-0.09592661402923207,0.09592661402923207,2546
postal_code_H5E,-0.09576425724621188,0.09576425724621188,2547
postal_code_P5K,-0.09540013068784133,0.09540013068784133,2548
postal_code_B7G,-0.09539074424804278,0.09539074424804278,2549
postal_code_R1G,-0.09531441308031838,0.09531441308031838,2550
postal_code_T3V,0.09530961099813236,0.09530961099813236,2551
postal_code_G7T,0.09516671665281592,0.09516671665281592,2552
postal_code_L9Z,-0.09515020510459653,0.09515020510459653,2553
postal_code_V6G,0.09486880536108301,0.09486880536108301,2554
postal_code_L2I,0.09451814069811314,0.09451814069811314,2555
postal_code_K6R,0.09444961014429412,0.09444961014429412,2556
postal_code_J2B,0.09440082419084188,0.09440082419084188,2557
postal_code_C3I,-0.09426757569913517,0.09426757569913517,2558
postal_code_N2F,0.09421319724442984,0.09421319724442984,2559
postal_code_N9C,-0.09418850924876092,0.09418850924876092,2560
postal_code_B7X,-0.09404959079834707,0.09404959079834707,2561
postal_code_L5T,0.09371958793307349,0.09371958793307349,2562
postal_code_S1P,-0.09370579513165557,0.09370579513165557,2563
postal_code_S8U,0.0936862752653581,0.0936862752653581,2564
postal_code_H3N,-0.09365767644513703,0.09365767644513703,2565
postal_code_M5J,0.09363992535423095,0.09363992535423095,2566
postal_code_P1R,-0.09362470049207633,0.09362470049207633,2567
postal_code_T5M,-0.09359743633284236,0.09359743633284236,2568
postal_code_E2N,-0.09350434695140503,0.09350434695140503,2569
postal_code_T9V,-0.09342547404904532,0.09342547404904532,2570
postal_code_K2J,-0.09336420405840429,0.09336420405840429,2571
postal_code_R4O,0.0933305406722469,0.0933305406722469,2572
postal_code_L8I,-0.09331963671783913,0.09331963671783913,2573
postal_code_G8C,0.09327945955255222,0.09327945955255222,2574
postal_code_J4U,0.09323278606867577,0.09323278606867577,2575
postal_code_B7D,-0.09319751667599446,0.09319751667599446,2576
postal_code_B5R,-0.09318582232169838,0.09318582232169838,2577
postal_code_C7T,-0.09308136425835949,0.09308136425835949,2578
postal_code_V7N,-0.09301911264133136,0.09301911264133136,2579
postal_code_S2Q,-0.0929479320313603,0.0929479320313603,2580
postal_code_B6N,-0.09293324704666231,0.09293324704666231,2581
postal_code_T4F,0.09288396387049903,0.09288396387049903,2582
postal_code_N3Z,0.09277481263792144,0.09277481263792144,2583
postal_code_J4Y,-0.09264986031333447,0.09264986031333447,2584
postal_code_B7T,-0.09262533109741876,0.09262533109741876,2585
postal_code_E3Q,-0.0922854840489413,0.0922854840489413,2586
postal_code_E9X,-0.0922831947948405,0.0922831947948405,2587
postal_code_H2K,-0.09209021536168648,0.09209021536168648,2588
postal_code_H1E,0.09201081980034792,0.09201081980034792,2589
postal_code_B3V,-0.09198683999206757,0.09198683999206757,2590
postal_code_G3A,-0.0919300534765861,0.0919300534765861,2591
postal_code_B7M,-0.09188626038487807,0.09188626038487807,2592
postal_code_H5Y,0.0915388874909997,0.0915388874909997,2593
postal_code_H9M,0.09148922797028569,0.09148922797028569,2594
postal_code_L4B,-0.0914529031625754,0.0914529031625754,2595
postal_code_N6R,-0.09143551720514219,0.09143551720514219,2596
postal_code_P8A,-0.09131571265492623,0.09131571265492623,2597
postal_code_S1Y,-0.09121548209284355,0.09121548209284355,2598
claim_type_Vandalism,-0.09120655164363572,0.09120655164363572,2599
postal_code_S8V,-0.0910270074256446,0.0910270074256446,2600
postal_code_M1L,0.09091132546526991,0.09091132546526991,2601
postal_code_E4E,-0.09069253055876235,0.09069253055876235,2602
postal_code_R3O,-0.09069210999947365,0.09069210999947365,2603
postal_code_S4L,-0.09066784050664622,0.09066784050664622,2604
postal_code_R5Y,-0.09066723811949709,0.09066723811949709,2605
postal_code_N7H,-0.09048024181179702,0.09048024181179702,2606
postal_code_S7K,-0.09034306700305222,0.09034306700305222,2607
postal_code_A8U,-0.09014210805723424,0.09014210805723424,2608
postal_code_B1X,-0.08996904517388889,0.08996904517388889,2609
postal_code_A7F,-0.08994371792822181,0.08994371792822181,2610
postal_code_V4X,0.08993583303053901,0.08993583303053901,2611
postal_code_L7J,0.0897703515130961,0.0897703515130961,2612
claim_amount,0.0896979503016753,0.0896979503016753,2613
postal_code_B1J,-0.08966280234776569,0.08966280234776569,2614
postal_code_R7E,-0.08962079508548128,0.08962079508548128,2615
postal_code_C2J,-0.08955690277372373,0.08955690277372373,2616
postal_code_N7X,-0.08931003827602102,0.08931003827602102,2617
postal_code_J1M,-0.08929048436189455,0.08929048436189455,2618
postal_code_B8E,-0.0891818234230624,0.0891818234230624,2619
postal_code_B9B,-0.0885838064333483,0.0885838064333483,2620
postal_code_C6A,-0.08848625172725058,0.08848625172725058,2621
postal_code_A4P,-0.08833379810648406,0.08833379810648406,2622
postal_code_A7J,-0.08831444508531595,0.08831444508531595,2623
postal_code_R5E,-0.08817488613101941,0.08817488613101941,2624
postal_code_A1G,-0.08754467232128568,0.08754467232128568,2625
postal_code_J9C,0.08738469905626843,0.08738469905626843,2626
postal_code_P2V,0.0873442077947295,0.0873442077947295,2627
postal_code_B6R,-0.08730111425302378,0.08730111425302378,2628
postal_code_R6G,-0.08720879605753955,0.08720879605753955,2629
postal_code_K2K,0.08713024743489994,0.08713024743489994,2630
postal_code_B7H,0.08695322049801522,0.08695322049801522,2631
postal_code_V2Z,-0.08687753747212769,0.08687753747212769,2632
postal_code_E5J,-0.08682464173204743,0.08682464173204743,2633
postal_code_P2O,-0.08681129224582519,0.08681129224582519,2634
postal_code_A8P,-0.08671784306231563,0.08671784306231563,2635
postal_code_A5J,-0.08658787206443373,0.08658787206443373,2636
postal_code_G7O,-0.08658302512763305,0.08658302512763305,2637
postal_code_V8F,0.08649890394917985,0.08649890394917985,2638
postal_code_V6F,0.08649529498844985,0.08649529498844985,2639
postal_code_R8F,-0.08632131249183844,0.08632131249183844,2640
postal_code_C7G,-0.08620074541837773,0.08620074541837773,2641
postal_code_H7R,0.08597540423353224,0.08597540423353224,2642
postal_code_N9W,0.08591461063198047,0.08591461063198047,2643
postal_code_K8K,-0.0859006143642791,0.0859006143642791,2644
postal_code_H3X,0.08586147317479574,0.08586147317479574,2645
postal_code_H7P,-0.0858456452015208,0.0858456452015208,2646
postal_code_R5P,-0.08541042380423296,0.08541042380423296,2647
postal_code_G3Z,0.08532591675750567,0.08532591675750567,2648
postal_code_T6X,0.08527611482807207,0.08527611482807207,2649
postal_code_J4N,0.08526199441128947,0.08526199441128947,2650
postal_code_B6A,-0.08525181807945739,0.08525181807945739,2651
postal_code_C6W,-0.08513110983199808,0.08513110983199808,2652
postal_code_L8M,-0.08499037212790476,0.08499037212790476,2653
postal_code_H4E,-0.08480745026243514,0.08480745026243514,2654
postal_code_J6A,-0.0846992076566827,0.0846992076566827,2655
postal_code_T4Z,0.08461553813045336,0.08461553813045336,2656
postal_code_S5Y,-0.08452354390561653,0.08452354390561653,2657
postal_code_H8B,-0.0845063062528717,0.0845063062528717,2658
postal_code_G5V,-0.08447628318281417,0.08447628318281417,2659
postal_code_S3W,-0.08439012839433785,0.08439012839433785,2660
postal_code_C2A,-0.0842453103066597,0.0842453103066597,2661
postal_code_N3P,-0.08421392727029588,0.08421392727029588,2662
postal_code_B7Z,-0.08416400974715114,0.08416400974715114,2663
postal_code_K7D,-0.08410745531321104,0.08410745531321104,2664
postal_code_A6N,-0.08406712602934663,0.08406712602934663,2665
postal_code_J9D,0.08401740992116237,0.08401740992116237,2666
postal_code_G9M,0.08396982818469342,0.08396982818469342,2667
postal_code_V3Q,-0.08390857182146609,0.08390857182146609,2668
postal_code_T8D,-0.08377644241521633,0.08377644241521633,2669
postal_code_K9V,0.08349847638917535,0.08349847638917535,2670
postal_code_P7B,0.08348492148288805,0.08348492148288805,2671
postal_code_B5D,-0.0833924512064073,0.0833924512064073,2672
postal_code_B8I,-0.08338664977797025,0.08338664977797025,2673
postal_code_V2V,-0.08327305106810193,0.08327305106810193,2674
postal_code_J2F,0.08326019653184194,0.08326019653184194,2675
postal_code_P7P,0.08325913405269376,0.08325913405269376,2676
postal_code_G4R,-0.08305748318447184,0.08305748318447184,2677
postal_code_K1D,0.08299293126034796,0.08299293126034796,2678
postal_code_K2W,0.08280115385672794,0.08280115385672794,2679
postal_code_T2J,0.08275524650430768,0.08275524650430768,2680
postal_code_C8D,-0.08275037533880843,0.08275037533880843,2681
postal_code_M1T,-0.08268431326246599,0.08268431326246599,2682
postal_code_P6M,0.0825975158278239,0.0825975158278239,2683
postal_code_T8C,0.08248810013312316,0.08248810013312316,2684
postal_code_B4O,-0.08242630440055121,0.08242630440055121,2685
postal_code_K4U,-0.08235661290011423,0.08235661290011423,2686
postal_code_T2B,-0.08229023406981781,0.08229023406981781,2687
postal_code_R1I,-0.08220598605536482,0.08220598605536482,2688
postal_code_M6C,0.08194545975679192,0.08194545975679192,2689
postal_code_S1H,-0.08187485907884139,0.08187485907884139,2690
postal_code_L7G,-0.08176460128508077,0.08176460128508077,2691
postal_code_L2L,0.08160739996364953,0.08160739996364953,2692
postal_code_P6A,0.08154350371360572,0.08154350371360572,2693
postal_code_E6H,-0.08146388458434063,0.08146388458434063,2694
postal_code_R1Z,-0.08144012735851586,0.08144012735851586,2695
postal_code_E6D,-0.08131088746749499,0.08131088746749499,2696
postal_code_K2D,-0.08123456855281916,0.08123456855281916,2697
postal_code_M3K,-0.08119620930964705,0.08119620930964705,2698
postal_code_S9J,-0.08108340693653165,0.08108340693653165,2699
postal_code_K4T,-0.08104440788463226,0.08104440788463226,2700
postal_code_S5H,0.08102644081616915,0.08102644081616915,2701
postal_code_A3E,-0.08095576482578637,0.08095576482578637,2702
postal_code_L1B,0.08084163684193801,0.08084163684193801,2703
postal_code_G5T,-0.08068357931264235,0.08068357931264235,2704
postal_code_B8J,-0.08027502344608846,0.08027502344608846,2705
postal_code_M3B,-0.08022360586595521,0.08022360586595521,2706
postal_code_E3O,-0.08009956076090187,0.08009956076090187,2707
postal_code_N8D,0.07998592268553484,0.07998592268553484,2708
postal_code_G8R,-0.0798336787005958,0.0798336787005958,2709
postal_code_B2P,-0.07961611106892476,0.07961611106892476,2710
postal_code_K2I,0.07954183891085083,0.07954183891085083,2711
postal_code_V6M,-0.07934942695816469,0.07934942695816469,2712
postal_code_A1N,-0.07928039488318767,0.07928039488318767,2713
postal_code_K9U,0.07925341736606253,0.07925341736606253,2714
postal_code_H9H,-0.07913158896663706,0.07913158896663706,2715
postal_code_T3N,-0.0791179032188599,0.0791179032188599,2716
postal_code_S3V,-0.07908634096700928,0.07908634096700928,2717
postal_code_S4T,0.07897768488957979,0.07897768488957979,2718
postal_code_J8B,0.07864270217851198,0.07864270217851198,2719
postal_code_V9E,-0.07849169305162167,0.07849169305162167,2720
postal_code_H2A,-0.07846774521283768,0.07846774521283768,2721
postal_code_E9A,-0.07810090293226495,0.07810090293226495,2722
postal_code_M9Y,0.07801606992278393,0.07801606992278393,2723
postal_code_M6K,0.07792796662364694,0.07792796662364694,2724
postal_code_B5W,-0.0779239595105986,0.0779239595105986,2725
postal_code_V5I,-0.07774486305417919,0.07774486305417919,2726
postal_code_J1A,-0.07769435678427472,0.07769435678427472,2727
postal_code_R4P,-0.07741863227155026,0.07741863227155026,2728
postal_code_V6T,-0.07741120478537086,0.07741120478537086,2729
postal_code_G7Y,-0.07733187182938281,0.07733187182938281,2730
postal_code_E8X,-0.07719113248547635,0.07719113248547635,2731
postal_code_R1Y,-0.07712349106690207,0.07712349106690207,2732
postal_code_P3D,0.07702222075582843,0.07702222075582843,2733
postal_code_K1L,0.07680104048529929,0.07680104048529929,2734
postal_code_B1F,-0.07668598641953998,0.07668598641953998,2735
postal_code_H4K,0.07664826161239946,0.07664826161239946,2736
postal_code_S5P,-0.07640282302248982,0.07640282302248982,2737
postal_code_V2I,0.07638175591827126,0.07638175591827126,2738
postal_code_L7K,-0.07633565676826932,0.07633565676826932,2739
postal_code_N6O,-0.07614529693122733,0.07614529693122733,2740
postal_code_M2R,-0.07572750975962915,0.07572750975962915,2741
postal_code_S7R,-0.07557000620956342,0.07557000620956342,2742
postal_code_H9L,-0.07549647345160951,0.07549647345160951,2743
postal_code_R1J,-0.0753914602158259,0.0753914602158259,2744
postal_code_G1Z,-0.07515874214752218,0.07515874214752218,2745
postal_code_E8E,-0.07513267532148045,0.07513267532148045,2746
postal_code_N2U,-0.07498049052251814,0.07498049052251814,2747
postal_code_S5N,-0.07490320448355925,0.07490320448355925,2748
postal_code_H3O,-0.07458270877169856,0.07458270877169856,2749
postal_code_V4C,0.07445559181815378,0.07445559181815378,2750
postal_code_R9I,-0.07418419874746192,0.07418419874746192,2751
postal_code_H8S,0.07418026918469806,0.07418026918469806,2752
postal_code_T9C,-0.07412382671052545,0.07412382671052545,2753
postal_code_E7U,-0.0739212835048762,0.0739212835048762,2754
postal_code_C3J,-0.0737939458329548,0.0737939458329548,2755
postal_code_G3P,-0.07366984185843083,0.07366984185843083,2756
postal_code_J1T,0.07283950592104947,0.07283950592104947,2757
postal_code_A2H,-0.0728163005879559,0.0728163005879559,2758
postal_code_T5P,-0.07281197592425848,0.07281197592425848,2759
claim_to_vehicle_value_ratio,0.07280231704127774,0.07280231704127774,2760
postal_code_R3H,-0.07263452394089252,0.07263452394089252,2761
postal_code_A8A,-0.07254082802045507,0.07254082802045507,2762
postal_code_V4L,-0.07212411942096211,0.07212411942096211,2763
postal_code_H2F,0.07205675219064339,0.07205675219064339,2764
postal_code_G3L,-0.0720479783966467,0.0720479783966467,2765
postal_code_V7C,-0.07197199984205244,0.07197199984205244,2766
postal_code_V4V,-0.07194331260332736,0.07194331260332736,2767
postal_code_T5R,0.07187458256248333,0.07187458256248333,2768
postal_code_T7N,-0.07179702051395509,0.07179702051395509,2769
postal_code_T3O,-0.07151570367677612,0.07151570367677612,2770
postal_code_M1R,-0.07148459480276168,0.07148459480276168,2771
postal_code_N7U,0.07143749410690751,0.07143749410690751,2772
postal_code_H9K,0.07117278064150896,0.07117278064150896,2773
postal_code_C1W,-0.0709663793476042,0.0709663793476042,2774
postal_code_V5G,-0.07094484587695062,0.07094484587695062,2775
postal_code_T6V,0.07083802608467535,0.07083802608467535,2776
postal_code_V9Z,0.0707642492118733,0.0707642492118733,2777
postal_code_R3I,-0.0703117338133469,0.0703117338133469,2778
postal_code_M4G,-0.07015871156238113,0.07015871156238113,2779
postal_code_N6Y,-0.07013229520628642,0.07013229520628642,2780
postal_code_L5H,-0.07001447532508955,0.07001447532508955,2781
postal_code_T7D,-0.06996479996208033,0.06996479996208033,2782
postal_code_T1L,0.06983221602186107,0.06983221602186107,2783
postal_code_C2W,0.0698049421057516,0.0698049421057516,2784
postal_code_A9R,-0.06969512911213195,0.06969512911213195,2785
postal_code_S1O,-0.06969491803945231,0.06969491803945231,2786
postal_code_P3R,-0.06955398206951852,0.06955398206951852,2787
postal_code_E7G,-0.06946478324277415,0.06946478324277415,2788
postal_code_E5M,-0.06943711754761905,0.06943711754761905,2789
postal_code_M3I,-0.06933361620251838,0.06933361620251838,2790
postal_code_A1O,-0.06923561548501216,0.06923561548501216,2791
postal_code_V8X,-0.06889407179045347,0.06889407179045347,2792
postal_code_R2P,-0.06885021495811734,0.06885021495811734,2793
postal_code_E9Q,-0.06882201889858955,0.06882201889858955,2794
postal_code_J3X,-0.06881055040950389,0.06881055040950389,2795
postal_code_K9Q,0.06877797904116477,0.06877797904116477,2796
postal_code_J3K,-0.06876800707097927,0.06876800707097927,2797
postal_code_T5B,0.06811622592296461,0.06811622592296461,2798
postal_code_E9I,0.06810404367203682,0.06810404367203682,2799
postal_code_E7A,-0.0680405137169985,0.0680405137169985,2800
postal_code_M6D,-0.06793300674440143,0.06793300674440143,2801
postal_code_G8X,0.06785792168777567,0.06785792168777567,2802
postal_code_G8A,0.06776682425210352,0.06776682425210352,2803
postal_code_M4S,-0.06775486749560654,0.06775486749560654,2804
postal_code_H1U,-0.06765790140004281,0.06765790140004281,2805
postal_code_N9D,0.06761161477952002,0.06761161477952002,2806
postal_code_A7R,-0.06760687483602079,0.06760687483602079,2807
postal_code_T7C,-0.06739957458042331,0.06739957458042331,2808
postal_code_V7O,-0.06727653104649763,0.06727653104649763,2809
postal_code_C2N,-0.06726356677089253,0.06726356677089253,2810
postal_code_G4Y,-0.06676269434822003,0.06676269434822003,2811
postal_code_T6G,-0.06675540247494155,0.06675540247494155,2812
postal_code_A1C,-0.06675484411982899,0.06675484411982899,2813
postal_code_R2H,-0.06670262463661124,0.06670262463661124,2814
postal_code_R9K,-0.06662395914156764,0.06662395914156764,2815
postal_code_M8L,0.0665400433830384,0.0665400433830384,2816
postal_code_N4X,-0.06608968195383358,0.06608968195383358,2817
postal_code_S4U,-0.06593229593697325,0.06593229593697325,2818
postal_code_J4S,0.06573019353783398,0.06573019353783398,2819
postal_code_T9U,-0.0656511082840532,0.0656511082840532,2820
postal_code_P5X,-0.06555734463894258,0.06555734463894258,2821
postal_code_S9W,-0.06531901079378562,0.06531901079378562,2822
postal_code_P9R,0.06531674896957398,0.06531674896957398,2823
postal_code_V7Z,-0.06524768013285462,0.06524768013285462,2824
postal_code_N2W,-0.06492957369947285,0.06492957369947285,2825
postal_code_G9T,0.06467494776940724,0.06467494776940724,2826
postal_code_B5E,-0.06466288545705072,0.06466288545705072,2827
postal_code_R5G,-0.064586559938636,0.064586559938636,2828
postal_code_B3I,-0.06452036445119011,0.06452036445119011,2829
postal_code_H1X,-0.06439875037863561,0.06439875037863561,2830
postal_code_M2O,0.06434587861341559,0.06434587861341559,2831
postal_code_A5N,-0.0642306118656341,0.0642306118656341,2832
postal_code_J6Z,0.06412469254027697,0.06412469254027697,2833
postal_code_N3F,-0.06389146753424722,0.06389146753424722,2834
postal_code_H2C,-0.06383430387540398,0.06383430387540398,2835
postal_code_V3C,-0.06341427497452813,0.06341427497452813,2836
postal_code_M3F,-0.06313212466421281,0.06313212466421281,2837
postal_code_A7O,-0.06305068161822958,0.06305068161822958,2838
postal_code_S4N,-0.06303515402314153,0.06303515402314153,2839
postal_code_N5K,0.06301575680125424,0.06301575680125424,2840
postal_code_H6K,0.06301017505412858,0.06301017505412858,2841
postal_code_H9C,0.06300922756647166,0.06300922756647166,2842
postal_code_M1X,-0.06300657786735762,0.06300657786735762,2843
postal_code_R3A,-0.06288830145132447,0.06288830145132447,2844
postal_code_S1X,-0.06288549284589563,0.06288549284589563,2845
postal_code_L5D,0.06251074063430591,0.06251074063430591,2846
postal_code_A3R,-0.06238693412781758,0.06238693412781758,2847
postal_code_J8X,-0.062350063916334006,0.062350063916334006,2848
postal_code_V9O,0.06233442542515178,0.06233442542515178,2849
postal_code_A2Q,-0.06222617492061744,0.06222617492061744,2850
postal_code_H1S,-0.06218980163134295,0.06218980163134295,2851
postal_code_M1K,-0.06216376029701454,0.06216376029701454,2852
postal_code_K1T,0.06201991936526813,0.06201991936526813,2853
postal_code_M9C,0.06191122239422583,0.06191122239422583,2854
postal_code_V4P,0.06189509613870281,0.06189509613870281,2855
postal_code_R1A,-0.061543585739767113,0.061543585739767113,2856
postal_code_V7H,0.06152671393732192,0.06152671393732192,2857
postal_code_B8K,-0.06148777784465129,0.06148777784465129,2858
postal_code_J6V,0.06139558602155932,0.06139558602155932,2859
postal_code_V4M,0.06135910808294677,0.06135910808294677,2860
postal_code_P3N,0.0612878354030353,0.0612878354030353,2861
postal_code_B9E,-0.0611872532474836,0.0611872532474836,2862
postal_code_N7T,0.06109414323829916,0.06109414323829916,2863
postal_code_E4Y,-0.060886458066582945,0.060886458066582945,2864
postal_code_C6R,-0.060850415726911605,0.060850415726911605,2865
postal_code_A6I,-0.060821791761457265,0.060821791761457265,2866
postal_code_M4F,0.06071474051887817,0.06071474051887817,2867
postal_code_V4Y,0.06062087875338381,0.06062087875338381,2868
postal_code_N3D,0.060539805012835846,0.060539805012835846,2869
postal_code_C7Q,0.06053792621520514,0.06053792621520514,2870
postal_code_M5L,0.0605280106307274,0.0605280106307274,2871
postal_code_H5I,0.060476526738906,0.060476526738906,2872
postal_code_N1C,-0.06047109443545277,0.06047109443545277,2873
postal_code_N2M,0.06041176655232239,0.06041176655232239,2874
postal_code_B7N,0.06031677816508525,0.06031677816508525,2875
postal_code_E6Q,-0.06006999733329038,0.06006999733329038,2876
postal_code_V6W,-0.05999767450226303,0.05999767450226303,2877
postal_code_H8P,0.059959004316006204,0.059959004316006204,2878
postal_code_E7W,-0.05994199010359337,0.05994199010359337,2879
postal_code_L8Z,-0.05991849648832286,0.05991849648832286,2880
postal_code_T9M,-0.059890345514651694,0.059890345514651694,2881
postal_code_H8T,-0.05963287671015533,0.05963287671015533,2882
postal_code_L2G,0.05963103767601983,0.05963103767601983,2883
postal_code_K1M,-0.05960336654786595,0.05960336654786595,2884
postal_code_T4B,0.05946132607823097,0.05946132607823097,2885
postal_code_M8R,0.059346872274822514,0.059346872274822514,2886
postal_code_K5Z,0.05933573106204308,0.05933573106204308,2887
previous_claims,0.05929366280945847,0.05929366280945847,2888
postal_code_P6I,0.0592484752934874,0.0592484752934874,2889
postal_code_T8Y,-0.058875898698937175,0.058875898698937175,2890
postal_code_R8N,-0.05886051943117808,0.05886051943117808,2891
postal_code_K8D,0.05883101252826869,0.05883101252826869,2892
postal_code_T9N,-0.05851880238089735,0.05851880238089735,2893
claim_type_Glass,-0.05830149408775001,0.05830149408775001,2894
postal_code_C4Q,-0.05817429869717076,0.05817429869717076,2895
postal_code_P4K,0.058056277001026564,0.058056277001026564,2896
postal_code_P2N,0.057989815370406296,0.057989815370406296,2897
postal_code_L7X,0.057964235256693954,0.057964235256693954,2898
postal_code_S5T,-0.05794708143110454,0.05794708143110454,2899
postal_code_A2L,-0.05779968844336112,0.05779968844336112,2900
postal_code_S6X,-0.0574000783863462,0.0574000783863462,2901
postal_code_S1S,-0.0570107965895749,0.0570107965895749,2902
postal_code_J7Q,0.0569760307715142,0.0569760307715142,2903
postal_code_B8F,-0.05697511534730528,0.05697511534730528,2904
postal_code_E5D,-0.05682579399878414,0.05682579399878414,2905
postal_code_A3I,-0.056713155059231794,0.056713155059231794,2906
postal_code_E4R,0.05665652417504119,0.05665652417504119,2907
postal_code_J5C,-0.05649778718303303,0.05649778718303303,2908
postal_code_B9Z,-0.05647704988557061,0.05647704988557061,2909
postal_code_H3A,0.056380876013333386,0.056380876013333386,2910
postal_code_H8R,-0.0563045222369531,0.0563045222369531,2911
postal_code_H2G,0.05621599092161429,0.05621599092161429,2912
postal_code_T6P,0.05620421446443787,0.05620421446443787,2913
postal_code_P4I,0.056198327333341146,0.056198327333341146,2914
postal_code_C8O,-0.05589412660858116,0.05589412660858116,2915
postal_code_A6X,-0.05584804511542818,0.05584804511542818,2916
postal_code_C2C,-0.05577037429699544,0.05577037429699544,2917
years_licensed,-0.05575305481940762,0.05575305481940762,2918
postal_code_C1R,-0.055625752023218206,0.055625752023218206,2919
postal_code_S8H,-0.05559615945513545,0.05559615945513545,2920
postal_code_L7D,0.05526282011543794,0.05526282011543794,2921
postal_code_A2X,-0.055245980436743565,0.055245980436743565,2922
postal_code_A6C,-0.05500923116177382,0.05500923116177382,2923
postal_code_M6L,-0.05494430214707687,0.05494430214707687,2924
postal_code_V3S,0.054908171558768384,0.054908171558768384,2925
postal_code_E4C,-0.05470424784799705,0.05470424784799705,2926
postal_code_S1V,-0.054455483735671176,0.054455483735671176,2927
postal_code_E2Y,-0.05411266170085071,0.05411266170085071,2928
witness_present_Yes,-0.05402378738188834,0.05402378738188834,2929
witness_present_No,0.054023787381884625,0.054023787381884625,2930
postal_code_A4R,-0.053896127427995134,0.053896127427995134,2931
postal_code_T7X,-0.05368218071642454,0.05368218071642454,2932
postal_code_J7V,0.05361195845774553,0.05361195845774553,2933
postal_code_G7P,-0.05339771330560503,0.05339771330560503,2934
postal_code_J9I,-0.05312849234379701,0.05312849234379701,2935
postal_code_T6O,-0.05294596875310577,0.05294596875310577,2936
postal_code_N9R,0.05290354500489306,0.05290354500489306,2937
postal_code_H8O,-0.052903331428249774,0.052903331428249774,2938
postal_code_M7J,-0.052894480884410386,0.052894480884410386,2939
postal_code_E6T,-0.05288125094528027,0.05288125094528027,2940
postal_code_K1Q,-0.05263610200774243,0.05263610200774243,2941
postal_code_A1J,-0.052553921465751476,0.052553921465751476,2942
postal_code_T9H,0.05246194247093742,0.05246194247093742,2943
postal_code_R6X,0.05233968226371531,0.05233968226371531,2944
postal_code_G4E,0.052228679963804786,0.052228679963804786,2945
postal_code_C8K,-0.051998819389571994,0.051998819389571994,2946
postal_code_J7W,-0.051798402193161175,0.051798402193161175,2947
postal_code_J9F,0.05176367675548767,0.05176367675548767,2948
postal_code_V5N,0.05144439420338343,0.05144439420338343,2949
postal_code_N2D,-0.05114788411988584,0.05114788411988584,2950
postal_code_R8Z,-0.05093551787282289,0.05093551787282289,2951
postal_code_T5Q,0.05091563348494307,0.05091563348494307,2952
postal_code_A6D,-0.050890381678426196,0.050890381678426196,2953
claim_type_Theft,0.05076871403615788,0.05076871403615788,2954
postal_code_T6Q,0.05070130334837068,0.05070130334837068,2955
postal_code_C6T,-0.050555800605323685,0.050555800605323685,2956
postal_code_J9Y,-0.050425560937664156,0.050425560937664156,2957
postal_code_H1Q,0.05016511922578019,0.05016511922578019,2958
postal_code_V5Y,0.0499876626440761,0.0499876626440761,2959
postal_code_K1U,0.04988340459093032,0.04988340459093032,2960
postal_code_L5A,-0.04986583459905419,0.04986583459905419,2961
postal_code_H1M,-0.049859869706392945,0.049859869706392945,2962
postal_code_A8D,-0.04981703601778815,0.04981703601778815,2963
postal_code_H2X,0.04980584971639059,0.04980584971639059,2964
postal_code_S3R,-0.049772674701054474,0.049772674701054474,2965
postal_code_K6W,-0.049755887684213795,0.049755887684213795,2966
postal_code_E1B,-0.049665869197921084,0.049665869197921084,2967
postal_code_L9J,0.04944962094381135,0.04944962094381135,2968
postal_code_S3Q,-0.049438702211313634,0.049438702211313634,2969
postal_code_P7R,0.049377231094033275,0.049377231094033275,2970
postal_code_N1R,0.049167373462612726,0.049167373462612726,2971
postal_code_V9P,0.049151352782279056,0.049151352782279056,2972
postal_code_A1A,-0.04894631656191135,0.04894631656191135,2973
postal_code_L8B,0.04890789173955004,0.04890789173955004,2974
postal_code_L1J,0.04879474461328782,0.04879474461328782,2975
postal_code_S2O,-0.04855577191831156,0.04855577191831156,2976
postal_code_A6G,-0.04850866316129898,0.04850866316129898,2977
postal_code_E8K,-0.04850380489028876,0.04850380489028876,2978
postal_code_S6B,-0.0484547136443096,0.0484547136443096,2979
postal_code_A9Y,-0.0483836131969955,0.0483836131969955,2980
postal_code_N8G,-0.048379638328119624,0.048379638328119624,2981
postal_code_B6Y,-0.048373508859598444,0.048373508859598444,2982
postal_code_B4K,-0.04837290872656432,0.04837290872656432,2983
postal_code_V4D,-0.04821004895395423,0.04821004895395423,2984
postal_code_L4E,0.04820917886698649,0.04820917886698649,2985
postal_code_V7U,0.04808197296762941,0.04808197296762941,2986
postal_code_E3M,-0.04781469073292645,0.04781469073292645,2987
postal_code_G2K,-0.04778794052549401,0.04778794052549401,2988
postal_code_H6H,0.04755315460612218,0.04755315460612218,2989
postal_code_T4O,0.04749213322945625,0.04749213322945625,2990
postal_code_L8X,0.04745762973293483,0.04745762973293483,2991
postal_code_K9Z,-0.04735986227527293,0.04735986227527293,2992
postal_code_N8K,-0.04712348640843501,0.04712348640843501,2993
postal_code_H9X,0.04711698094538274,0.04711698094538274,2994
postal_code_M9R,-0.046850956550514467,0.046850956550514467,2995
postal_code_T3M,-0.0466788833105545,0.0466788833105545,2996
postal_code_P5H,-0.04595385547159536,0.04595385547159536,2997
postal_code_V4K,0.045828718236200515,0.045828718236200515,2998
postal_code_C6C,-0.04566609163620686,0.04566609163620686,2999
postal_code_G3E,0.04560734147796315,0.04560734147796315,3000
postal_code_J2S,0.04550896129937039,0.04550896129937039,3001
postal_code_G7H,-0.045322609601509405,0.045322609601509405,3002
postal_code_V8J,-0.04528741049172089,0.04528741049172089,3003
postal_code_J3A,-0.045285004096424095,0.045285004096424095,3004
postal_code_V7Q,-0.04508060299819004,0.04508060299819004,3005
postal_code_L5P,0.0449260037985988,0.0449260037985988,3006
postal_code_E1T,-0.04491004292241072,0.04491004292241072,3007
postal_code_B1G,-0.04489764417146805,0.04489764417146805,3008
postal_code_V2U,-0.04480476686744391,0.04480476686744391,3009
postal_code_V9Q,-0.04472584104899393,0.04472584104899393,3010
postal_code_T9A,-0.044489651327284135,0.044489651327284135,3011
postal_code_G5U,0.04429350856555085,0.04429350856555085,3012
postal_code_A5F,-0.04423900419218747,0.04423900419218747,3013
postal_code_H1L,-0.0442318985025182,0.0442318985025182,3014
postal_code_C7X,-0.04413417688162529,0.04413417688162529,3015
postal_code_G7W,-0.04411233098082462,0.04411233098082462,3016
postal_code_E3S,-0.04410557363622738,0.04410557363622738,3017
postal_code_R8M,-0.04410538447765505,0.04410538447765505,3018
postal_code_N2Z,0.044103213974613684,0.044103213974613684,3019
postal_code_S9O,-0.04401846450682861,0.04401846450682861,3020
postal_code_P1B,0.04395225821506301,0.04395225821506301,3021
postal_code_R1X,0.0437876797805985,0.0437876797805985,3022
postal_code_A4D,-0.04370102302340178,0.04370102302340178,3023
postal_code_N4D,-0.043587116367905625,0.043587116367905625,3024
postal_code_T2S,0.043450827842249,0.043450827842249,3025
postal_code_S2K,-0.043426821597123515,0.043426821597123515,3026
postal_code_M8K,0.04338846679227144,0.04338846679227144,3027
postal_code_E2T,0.04332338358725701,0.04332338358725701,3028
postal_code_M1H,-0.04301534900094683,0.04301534900094683,3029
postal_code_V2X,-0.042982753433822116,0.042982753433822116,3030
postal_code_R5B,-0.04283219195142695,0.04283219195142695,3031
postal_code_S3S,-0.04276905846219917,0.04276905846219917,3032
postal_code_A8B,-0.0426013951863071,0.0426013951863071,3033
postal_code_T4Q,0.042483015642182625,0.042483015642182625,3034
postal_code_H8W,0.04233129833092764,0.04233129833092764,3035
postal_code_B9T,-0.04227529419546701,0.04227529419546701,3036
postal_code_M9G,-0.04223380027225345,0.04223380027225345,3037
postal_code_C6N,-0.04211345163625,0.04211345163625,3038
postal_code_B6I,-0.04195292258617378,0.04195292258617378,3039
postal_code_T8K,0.04171137137501154,0.04171137137501154,3040
postal_code_N9M,0.04142299693673541,0.04142299693673541,3041
postal_code_E3U,-0.0413429580592243,0.0413429580592243,3042
postal_code_G1W,0.04109002281510119,0.04109002281510119,3043
postal_code_N6J,-0.04103787127876743,0.04103787127876743,3044
postal_code_M6F,0.04093366684829375,0.04093366684829375,3045
postal_code_M9U,0.04047922867786097,0.04047922867786097,3046
postal_code_G8Y,0.040406920714093505,0.040406920714093505,3047
postal_code_A8Z,-0.04036542909616568,0.04036542909616568,3048
postal_code_P3T,0.04030550678808313,0.04030550678808313,3049
postal_code_H5G,-0.04015988361679612,0.04015988361679612,3050
postal_code_G2N,0.04009018604114262,0.04009018604114262,3051
postal_code_E2E,-0.039868454637530984,0.039868454637530984,3052
age,0.039826148857433484,0.039826148857433484,3053
postal_code_T4U,0.039820841499540384,0.039820841499540384,3054
postal_code_J3O,-0.03979228803985632,0.03979228803985632,3055
postal_code_V2D,0.03978705539121004,0.03978705539121004,3056
postal_code_V1A,-0.03965925481039315,0.03965925481039315,3057
postal_code_K6I,0.03920334296098235,0.03920334296098235,3058
postal_code_E6K,-0.03885956570789552,0.03885956570789552,3059
postal_code_A3C,-0.03877490536914945,0.03877490536914945,3060
postal_code_B7Y,-0.03850187494127426,0.03850187494127426,3061
postal_code_V7G,-0.0384313020899919,0.0384313020899919,3062
postal_code_N9E,-0.03825224364108069,0.03825224364108069,3063
postal_code_M5P,0.03824828192995534,0.03824828192995534,3064
postal_code_A8M,-0.038197920804369824,0.038197920804369824,3065
postal_code_A9L,0.0380443193599864,0.0380443193599864,3066
postal_code_C3Y,-0.037962090255345325,0.037962090255345325,3067
vehicle_use_Business,0.037802106538880165,0.037802106538880165,3068
vehicle_use_Personal,-0.037802106538751525,0.037802106538751525,3069
postal_code_N6I,0.03776211519923872,0.03776211519923872,3070
postal_code_J6I,0.03774674795320198,0.03774674795320198,3071
postal_code_P3X,-0.037289553191167925,0.037289553191167925,3072
postal_code_L3B,-0.037207897253437275,0.037207897253437275,3073
postal_code_A2M,-0.037204299651050175,0.037204299651050175,3074
postal_code_S3H,-0.03719154950775032,0.03719154950775032,3075
postal_code_N7Q,0.03705669153474809,0.03705669153474809,3076
postal_code_J6L,0.036976530612300905,0.036976530612300905,3077
postal_code_J2P,-0.03687022747168928,0.03687022747168928,3078
postal_code_N5M,-0.03670972359155803,0.03670972359155803,3079
postal_code_S9R,-0.036553551227919166,0.036553551227919166,3080
province_ON,0.03652627352611449,0.03652627352611449,3081
postal_code_C6Z,-0.03652096951595328,0.03652096951595328,3082
postal_code_B9N,-0.03645761626021085,0.03645761626021085,3083
postal_code_R9J,0.03644931823401987,0.03644931823401987,3084
postal_code_N1Z,0.036367642510591686,0.036367642510591686,3085
postal_code_V7S,-0.036295419483580296,0.036295419483580296,3086
postal_code_B2C,-0.03628484326561013,0.03628484326561013,3087
postal_code_J5J,0.03627744841896125,0.03627744841896125,3088
postal_code_B3R,0.03574999369687192,0.03574999369687192,3089
postal_code_G9N,-0.03574594464162575,0.03574594464162575,3090
province_SK,-0.03565664736364702,0.03565664736364702,3091
postal_code_G2J,-0.03560627544031135,0.03560627544031135,3092
postal_code_T1M,0.03558673329170793,0.03558673329170793,3093
postal_code_G2E,0.03555417893064174,0.03555417893064174,3094
province_PE,-0.03550103994125201,0.03550103994125201,3095
postal_code_H1T,0.0354236827223924,0.0354236827223924,3096
postal_code_G9I,0.035311592947815613,0.035311592947815613,3097
postal_code_H6P,0.03529926809287537,0.03529926809287537,3098
postal_code_V1E,0.03522644906106071,0.03522644906106071,3099
postal_code_S9D,-0.034983511550685666,0.034983511550685666,3100
postal_code_N4F,0.03460188574824477,0.03460188574824477,3101
postal_code_M8F,0.034521912898070765,0.034521912898070765,3102
postal_code_V7M,0.034492973288604345,0.034492973288604345,3103
postal_code_M6Y,-0.03418546894996108,0.03418546894996108,3104
province_QC,0.0341389832126871,0.0341389832126871,3105
postal_code_T3F,-0.03406285211075259,0.03406285211075259,3106
postal_code_V2W,0.034039266475699506,0.034039266475699506,3107
postal_code_V1I,0.033924982598854736,0.033924982598854736,3108
postal_code_C2O,-0.03368910690784771,0.03368910690784771,3109
postal_code_A6K,-0.03357144211712739,0.03357144211712739,3110
postal_code_N8F,0.03336161140144883,0.03336161140144883,3111
postal_code_J4D,-0.03324377354813397,0.03324377354813397,3112
postal_code_V7I,0.03314266495753179,0.03314266495753179,3113
postal_code_G2C,0.03304634506540255,0.03304634506540255,3114
postal_code_A5I,-0.03289934697318624,0.03289934697318624,3115
postal_code_E8M,-0.0328453324783224,0.0328453324783224,3116
postal_code_V5B,0.032783351221254614,0.032783351221254614,3117
postal_code_V8Y,-0.03277759986811875,0.03277759986811875,3118
postal_code_M8G,-0.03276164099952939,0.03276164099952939,3119
postal_code_L4Z,-0.03266241947949104,0.03266241947949104,3120
postal_code_H2H,-0.03255573477618777,0.03255573477618777,3121
postal_code_S3E,-0.03253576660103522,0.03253576660103522,3122
postal_code_G2S,0.03251900537510978,0.03251900537510978,3123
postal_code_J1U,0.03247336516269157,0.03247336516269157,3124
postal_code_V2C,-0.03238057482868156,0.03238057482868156,3125
postal_code_P6B,-0.03220494237195688,0.03220494237195688,3126
postal_code_A8O,0.03208851070026846,0.03208851070026846,3127
postal_code_C7W,0.03205498226144976,0.03205498226144976,3128
postal_code_P6C,-0.032003172552933015,0.032003172552933015,3129
postal_code_H8N,-0.031965608478772875,0.031965608478772875,3130
postal_code_K7W,0.03183307650513956,0.03183307650513956,3131
postal_code_M3A,0.03169108491018461,0.03169108491018461,3132
postal_code_V6P,0.03162617588036756,0.03162617588036756,3133
postal_code_C5M,-0.031022938207048267,0.031022938207048267,3134
postal_code_P2R,0.031022739353082796,0.031022739353082796,3135
postal_code_T8G,-0.030875856272379168,0.030875856272379168,3136
postal_code_C8Z,-0.030763674013337402,0.030763674013337402,3137
postal_code_L4P,-0.030673360572543884,0.030673360572543884,3138
postal_code_T2A,-0.03059895134686253,0.03059895134686253,3139
postal_code_C2M,-0.030519968623251723,0.030519968623251723,3140
postal_code_T5I,0.030501648913650925,0.030501648913650925,3141
postal_code_J7D,0.030427357131002673,0.030427357131002673,3142
postal_code_M8P,0.030397482057351124,0.030397482057351124,3143
postal_code_M2H,0.030242565182647063,0.030242565182647063,3144
postal_code_J6J,-0.030008187419657256,0.030008187419657256,3145
postal_code_T6U,-0.02998464210365088,0.02998464210365088,3146
postal_code_L8J,-0.029773523551757396,0.029773523551757396,3147
postal_code_V1S,-0.029619375712311942,0.029619375712311942,3148
postal_code_K3A,0.029568773252476407,0.029568773252476407,3149
postal_code_G4S,0.029407684306598958,0.029407684306598958,3150
postal_code_A7I,-0.029066848999377667,0.029066848999377667,3151
postal_code_L6N,-0.028991509218984853,0.028991509218984853,3152
postal_code_N3M,0.028983955051488305,0.028983955051488305,3153
province_BC,0.028764038608752603,0.028764038608752603,3154
postal_code_V1B,-0.028615723053789153,0.028615723053789153,3155
postal_code_N3A,-0.0283259014961163,0.0283259014961163,3156
postal_code_M7G,0.028228222717708522,0.028228222717708522,3157
postal_code_T8L,0.02807399752220885,0.02807399752220885,3158
postal_code_N6B,-0.027901808964228562,0.027901808964228562,3159
postal_code_T4E,0.027714406057766157,0.027714406057766157,3160
postal_code_P9I,0.02767748532420316,0.02767748532420316,3161
postal_code_S3P,-0.027602168456856355,0.027602168456856355,3162
postal_code_E9R,-0.027163610497502485,0.027163610497502485,3163
postal_code_M4V,0.02710855932357917,0.02710855932357917,3164
postal_code_N2P,0.027019030683176178,0.027019030683176178,3165
postal_code_C2T,0.0269669344036935,0.0269669344036935,3166
postal_code_J7P,0.02689921711368629,0.02689921711368629,3167
postal_code_J5G,-0.02683952142143303,0.02683952142143303,3168
postal_code_T4I,0.02681477411042256,0.02681477411042256,3169
postal_code_G8I,0.026801888440146172,0.026801888440146172,3170
postal_code_A1S,-0.026801572427976927,0.026801572427976927,3171
postal_code_H4G,-0.02678286200172061,0.02678286200172061,3172
postal_code_L1O,0.026696036470658602,0.026696036470658602,3173
postal_code_C9Q,-0.02639379315113567,0.02639379315113567,3174
postal_code_H9P,0.026283329405443725,0.026283329405443725,3175
postal_code_N2C,-0.026236022851423107,0.026236022851423107,3176
postal_code_J6G,0.026227291007776238,0.026227291007776238,3177
province_NL,-0.025948338341216678,0.025948338341216678,3178
postal_code_K5L,-0.025859812871612393,0.025859812871612393,3179
postal_code_J7G,-0.025748096710126903,0.025748096710126903,3180
vehicle_brand_Honda,0.025693528751267396,0.025693528751267396,3181
postal_code_R1W,-0.02563029839692642,0.02563029839692642,3182
postal_code_A7Q,0.025504009596861586,0.025504009596861586,3183
postal_code_R6B,0.02531462004945571,0.02531462004945571,3184
province_MB,-0.02520653698476681,0.02520653698476681,3185
vehicle_brand_Chevrolet,0.025149842747666268,0.025149842747666268,3186
postal_code_C5T,-0.025075112881968464,0.025075112881968464,3187
postal_code_T9D,0.024875188306667642,0.024875188306667642,3188
postal_code_G6W,-0.024506322632145926,0.024506322632145926,3189
postal_code_H2P,-0.024435280454900864,0.024435280454900864,3190
postal_code_K9X,0.02439208138597942,0.02439208138597942,3191
postal_code_M2A,-0.024359112584869308,0.024359112584869308,3192
postal_code_K9C,-0.024301657221660507,0.024301657221660507,3193
postal_code_P1U,-0.024163459339343146,0.024163459339343146,3194
postal_code_R8J,-0.02412791295204615,0.02412791295204615,3195
postal_code_T1Y,0.024045544933966895,0.024045544933966895,3196
postal_code_R7I,-0.02399083692546159,0.02399083692546159,3197
postal_code_H8Q,0.023846340307335036,0.023846340307335036,3198
postal_code_L4S,0.023824399531411782,0.023824399531411782,3199
postal_code_J7I,-0.023648844020417423,0.023648844020417423,3200
postal_code_G4M,-0.023568366061953915,0.023568366061953915,3201
vehicle_brand_Hyundai,-0.022980952187428662,0.022980952187428662,3202
postal_code_B4L,-0.02271894133571066,0.02271894133571066,3203
postal_code_V5K,0.022555267392485163,0.022555267392485163,3204
postal_code_V8G,-0.02243128801175121,0.02243128801175121,3205
postal_code_S6Y,-0.022403019458524822,0.022403019458524822,3206
postal_code_G9L,0.02231651926184049,0.02231651926184049,3207
postal_code_R6Z,0.02212227596551563,0.02212227596551563,3208
postal_code_K4F,-0.021973218621963508,0.021973218621963508,3209
postal_code_E3A,0.021938955194117097,0.021938955194117097,3210
postal_code_L2B,0.021932413019043997,0.021932413019043997,3211
postal_code_T8H,-0.021610417900906332,0.021610417900906332,3212
postal_code_N7I,0.021523330023862947,0.021523330023862947,3213
postal_code_S9Q,0.021458862731458073,0.021458862731458073,3214
postal_code_S4C,-0.02144114066124043,0.02144114066124043,3215
postal_code_L3P,-0.02141169009187919,0.02141169009187919,3216
province_NS,0.021379377281335696,0.021379377281335696,3217
postal_code_B7P,-0.021362550331743117,0.021362550331743117,3218
postal_code_R9G,-0.021246507503968216,0.021246507503968216,3219
postal_code_J3Y,-0.021232428970616175,0.021232428970616175,3220
police_report_filed_Yes,-0.02119491421205744,0.02119491421205744,3221
police_report_filed_No,0.021194914208827513,0.021194914208827513,3222
postal_code_R5D,0.021175283164686764,0.021175283164686764,3223
postal_code_J8K,-0.021157487167959253,0.021157487167959253,3224
postal_code_T3T,-0.021147260152462835,0.021147260152462835,3225
postal_code_A2C,-0.02066638576337266,0.02066638576337266,3226
postal_code_C9R,-0.020622450676198778,0.020622450676198778,3227
postal_code_T6A,-0.020611394199238662,0.020611394199238662,3228
postal_code_H4A,-0.020564481635744862,0.020564481635744862,3229
postal_code_B3H,-0.020513090903682318,0.020513090903682318,3230
postal_code_P2P,0.02050240050975384,0.02050240050975384,3231
postal_code_K3D,0.0204672639263257,0.0204672639263257,3232
postal_code_M8Q,0.02034275551813798,0.02034275551813798,3233
vehicle_brand_Mercedes,-0.020316096084491794,0.020316096084491794,3234
postal_code_L4H,-0.020218760273916832,0.020218760273916832,3235
postal_code_T1K,-0.02013277047017408,0.02013277047017408,3236
postal_code_L5F,-0.01977271983671648,0.01977271983671648,3237
postal_code_M8H,-0.019731542718676432,0.019731542718676432,3238
postal_code_K3M,-0.01964220564174392,0.01964220564174392,3239
postal_code_S4A,-0.01963415938206228,0.01963415938206228,3240
postal_code_S4Z,-0.01927625974869872,0.01927625974869872,3241
postal_code_G4X,-0.01915268936038309,0.01915268936038309,3242
postal_code_G7E,-0.019093455928779226,0.019093455928779226,3243
postal_code_G3K,0.01900438249877404,0.01900438249877404,3244
postal_code_R1D,-0.01874741966425887,0.01874741966425887,3245
postal_code_L8N,-0.018660628213123233,0.018660628213123233,3246
postal_code_C1J,-0.01818910530608825,0.01818910530608825,3247
postal_code_M5K,-0.018183134281525404,0.018183134281525404,3248
postal_code_S7P,-0.01814810803001843,0.01814810803001843,3249
postal_code_L7C,-0.018041779983591112,0.018041779983591112,3250
postal_code_L7P,0.01770163027219228,0.01770163027219228,3251
postal_code_P3P,-0.01760421558878974,0.01760421558878974,3252
postal_code_N5Z,0.017521027529816397,0.017521027529816397,3253
postal_code_H9R,-0.01722756707631129,0.01722756707631129,3254
postal_code_M5S,0.017212750895429042,0.017212750895429042,3255
postal_code_C3E,-0.01686859212178814,0.01686859212178814,3256
postal_code_P3U,0.016753659927278525,0.016753659927278525,3257
vehicle_brand_BMW,-0.016533759927837254,0.016533759927837254,3258
postal_code_K8B,-0.016425975774074265,0.016425975774074265,3259
postal_code_H1C,-0.0163847699085666,0.0163847699085666,3260
vehicle_value,-0.016344607461531505,0.016344607461531505,3261
postal_code_B8B,-0.016315215370385064,0.016315215370385064,3262
vehicle_brand_Ford,-0.01628024353368362,0.01628024353368362,3263
postal_code_K5P,0.016208516749626648,0.016208516749626648,3264
postal_code_V9N,-0.01620250773180387,0.01620250773180387,3265
postal_code_H1V,-0.01619603265067412,0.01619603265067412,3266
postal_code_V2G,0.016192907541825424,0.016192907541825424,3267
postal_code_M9F,0.016191646855506617,0.016191646855506617,3268
postal_code_G4T,-0.016143587985952283,0.016143587985952283,3269
postal_code_N7D,-0.01600789164673812,0.01600789164673812,3270
postal_code_R4H,-0.015896615674859504,0.015896615674859504,3271
postal_code_M9M,-0.015852573482529022,0.015852573482529022,3272
postal_code_J3J,0.015648937107909128,0.015648937107909128,3273
postal_code_C1G,0.015585281608837842,0.015585281608837842,3274
postal_code_S7I,-0.01519137102443137,0.01519137102443137,3275
vehicle_brand_Nissan,0.015041724925285197,0.015041724925285197,3276
postal_code_S5U,-0.015019419383868977,0.015019419383868977,3277
vehicle_brand_Kia,0.01496527168775418,0.01496527168775418,3278
postal_code_V1G,0.014846134107491187,0.014846134107491187,3279
postal_code_P3A,0.01456651532932817,0.01456651532932817,3280
postal_code_P2X,0.014462536485879664,0.014462536485879664,3281
postal_code_C1A,0.01432539851859029,0.01432539851859029,3282
postal_code_V2S,0.014319863227306835,0.014319863227306835,3283
postal_code_R9R,-0.014292493238714794,0.014292493238714794,3284
postal_code_G5W,-0.01428635673930973,0.01428635673930973,3285
postal_code_A5W,-0.014216120306053003,0.014216120306053003,3286
vehicle_brand_Toyota,-0.014017731603004954,0.014017731603004954,3287
postal_code_N4I,-0.013891651679556239,0.013891651679556239,3288
postal_code_M5Z,0.013856237118793052,0.013856237118793052,3289
postal_code_P5I,0.013721178736216384,0.013721178736216384,3290
postal_code_J9Z,-0.013514725137105289,0.013514725137105289,3291
postal_code_R3F,0.013483931884362857,0.013483931884362857,3292
postal_code_M7T,0.013452555065435478,0.013452555065435478,3293
postal_code_A9G,0.013360567174456685,0.013360567174456685,3294
postal_code_T5C,0.0133046679930297,0.0133046679930297,3295
postal_code_T3B,0.013243681198849978,0.013243681198849978,3296
postal_code_C2Q,0.013043186660653919,0.013043186660653919,3297
postal_code_C3X,0.013034109611951112,0.013034109611951112,3298
postal_code_V2E,0.012803845671425063,0.012803845671425063,3299
postal_code_V6R,-0.012802621018113886,0.012802621018113886,3300
postal_code_H9Z,-0.012774066783691465,0.012774066783691465,3301
postal_code_N3C,0.012669198472141612,0.012669198472141612,3302
postal_code_H6A,-0.01264983817233454,0.01264983817233454,3303
postal_code_S9Y,-0.01260810884649825,0.01260810884649825,3304
postal_code_T4S,-0.012470302264657118,0.012470302264657118,3305
postal_code_G5M,0.012335716675689858,0.012335716675689858,3306
postal_code_M8A,0.012299010745413598,0.012299010745413598,3307
postal_code_E2F,0.012241186897315647,0.012241186897315647,3308
postal_code_H8K,0.012238228517194038,0.012238228517194038,3309
claim_type_Collision,-0.012091005705677428,0.012091005705677428,3310
postal_code_K5W,0.011744548780858172,0.011744548780858172,3311
postal_code_L4A,0.011450417732505207,0.011450417732505207,3312
postal_code_V7J,0.01117942806201559,0.01117942806201559,3313
postal_code_E7L,-0.011141367651317445,0.011141367651317445,3314
postal_code_M4L,-0.0111229666937091,0.0111229666937091,3315
postal_code_A6T,0.01104208994813201,0.01104208994813201,3316
postal_code_K7Y,0.01092901255746731,0.01092901255746731,3317
postal_code_A9E,-0.010659235801218874,0.010659235801218874,3318
postal_code_A8G,0.010629261209252512,0.010629261209252512,3319
postal_code_T7V,-0.010452409522263664,0.010452409522263664,3320
postal_code_L9M,-0.010394426883922784,0.010394426883922784,3321
postal_code_M9E,0.010344633479158327,0.010344633479158327,3322
postal_code_E2X,-0.010321377713707504,0.010321377713707504,3323
postal_code_A1E,0.010162048887484634,0.010162048887484634,3324
postal_code_V5S,-0.010101384804748587,0.010101384804748587,3325
postal_code_V3D,-0.010050988290180921,0.010050988290180921,3326
postal_code_P1J,-0.009932440877586412,0.009932440877586412,3327
postal_code_G4K,0.009863767129906584,0.009863767129906584,3328
postal_code_V2P,-0.009809726572107125,0.009809726572107125,3329
postal_code_T2G,-0.009799617685954403,0.009799617685954403,3330
postal_code_H3D,0.009754803251992785,0.009754803251992785,3331
postal_code_M4D,0.009638963666986943,0.009638963666986943,3332
postal_code_V3Z,0.009598514762686115,0.009598514762686115,3333
postal_code_G7N,0.009562126774792797,0.009562126774792797,3334
postal_code_V1T,0.009467765637585735,0.009467765637585735,3335
postal_code_T9Y,0.009456559411631501,0.009456559411631501,3336
postal_code_V2Q,-0.009402278260217261,0.009402278260217261,3337
postal_code_P1T,0.009306201844035505,0.009306201844035505,3338
postal_code_T3Y,0.009290396398788975,0.009290396398788975,3339
vehicle_brand_Tesla,0.009278415224949578,0.009278415224949578,3340
postal_code_E3D,-0.009134730631004477,0.009134730631004477,3341
province_NB,0.009059227443012576,0.009059227443012576,3342
postal_code_K8Z,0.00899405262504396,0.00899405262504396,3343
postal_code_H5U,0.008523538868628099,0.008523538868628099,3344
postal_code_S3U,-0.008330297004762777,0.008330297004762777,3345
postal_code_V4O,0.008243683090119655,0.008243683090119655,3346
postal_code_R7K,-0.008139583294663973,0.008139583294663973,3347
postal_code_S2S,-0.007925979744370593,0.007925979744370593,3348
postal_code_T4M,0.00786331211930571,0.00786331211930571,3349
postal_code_C7D,0.00783898521897164,0.00783898521897164,3350
postal_code_R4Y,0.007763060196694614,0.007763060196694614,3351
postal_code_E5F,-0.007632321033326013,0.007632321033326013,3352
postal_code_J6D,0.0076266944062344235,0.0076266944062344235,3353
postal_code_T3S,0.007564824367568619,0.007564824367568619,3354
province_AB,-0.0075553374425031215,0.0075553374425031215,3355
postal_code_P4B,0.007388137276216026,0.007388137276216026,3356
postal_code_M3W,-0.007245785736210573,0.007245785736210573,3357
postal_code_P9Y,0.007078607045792782,0.007078607045792782,3358
postal_code_V2O,0.0070614218470051214,0.0070614218470051214,3359
postal_code_S8K,0.006886191304285505,0.006886191304285505,3360
postal_code_N4N,-0.006837537304927911,0.006837537304927911,3361
postal_code_V1D,-0.006627838257738569,0.006627838257738569,3362
postal_code_J4Z,-0.006570335915091454,0.006570335915091454,3363
postal_code_V1X,0.006547612056709988,0.006547612056709988,3364
postal_code_B2J,-0.006516704961456252,0.006516704961456252,3365
postal_code_E4U,-0.0064885870061795825,0.0064885870061795825,3366
postal_code_J6M,0.006000518023350659,0.006000518023350659,3367
employment_status_Employed,-0.005630269827013576,0.005630269827013576,3368
employment_status_Unemployed,0.005630269826817663,0.005630269826817663,3369
postal_code_M3G,0.0055398905988014125,0.0055398905988014125,3370
postal_code_M1I,0.005497891483123186,0.005497891483123186,3371
postal_code_H6V,0.005491194869890908,0.005491194869890908,3372
postal_code_T8N,-0.005445787339399072,0.005445787339399072,3373
postal_code_P1K,0.005441085157387022,0.005441085157387022,3374
postal_code_S1C,0.005411757791526172,0.005411757791526172,3375
postal_code_S2Y,0.005409479173548734,0.005409479173548734,3376
vehicle_age,0.005333228631124704,0.005333228631124704,3377
postal_code_V4U,0.0051183189051473045,0.0051183189051473045,3378
postal_code_A3V,-0.005085540189222474,0.005085540189222474,3379
postal_code_K5B,0.005061663590649898,0.005061663590649898,3380
postal_code_A9V,0.004942036789242916,0.004942036789242916,3381
postal_code_M6B,-0.004764190243215918,0.004764190243215918,3382
postal_code_A2T,0.0046846237787329156,0.0046846237787329156,3383
postal_code_E8Z,-0.004323919986794149,0.004323919986794149,3384
postal_code_H6B,-0.0040422570656592225,0.0040422570656592225,3385
postal_code_S8A,0.003978410649280081,0.003978410649280081,3386
postal_code_P8Y,-0.003897129461181235,0.003897129461181235,3387
gender_Male,0.0036341228367174874,0.0036341228367174874,3388
postal_code_V4A,-0.003607271614399635,0.003607271614399635,3389
postal_code_M9P,0.003519836494615172,0.003519836494615172,3390
postal_code_V5Z,0.0034537814407344784,0.0034537814407344784,3391
policy_tenure_months,-0.0033511441104638927,0.0033511441104638927,3392
postal_code_K4C,-0.0032777585684651903,0.0032777585684651903,3393
postal_code_P7V,0.0031201286250696148,0.0031201286250696148,3394
postal_code_T4A,0.002863395773464275,0.002863395773464275,3395
postal_code_C1Z,-0.0027056003713235095,0.0027056003713235095,3396
postal_code_J7K,-0.002643511435891459,0.002643511435891459,3397
postal_code_A7D,0.002452770538813591,0.002452770538813591,3398
postal_code_S1K,0.002412003902018624,0.002412003902018624,3399
postal_code_P8V,-0.0023938183197051446,0.0023938183197051446,3400
postal_code_C3P,-0.0023374056497605248,0.0023374056497605248,3401
postal_code_N5I,-0.002101181259766317,0.002101181259766317,3402
gender_Female,-0.0020194124978269888,0.0020194124978269888,3403
postal_code_T8V,0.0020127250432444154,0.0020127250432444154,3404
postal_code_B5F,-0.0019932662618754224,0.0019932662618754224,3405
postal_code_R2S,0.0019341090553780147,0.0019341090553780147,3406
postal_code_N6W,0.0018856570544505194,0.0018856570544505194,3407
postal_code_J8Y,-0.0017151648966606588,0.0017151648966606588,3408
postal_code_L4J,0.0016324322411187956,0.0016324322411187956,3409
gender_Other,-0.0016147103387971135,0.0016147103387971135,3410
postal_code_L7S,-0.001526712880862902,0.001526712880862902,3411
postal_code_R9M,0.00140350454538083,0.00140350454538083,3412
postal_code_E9M,0.0012473882136177976,0.0012473882136177976,3413
postal_code_K5T,0.0010873995327919537,0.0010873995327919537,3414
postal_code_N6U,-0.0008391824722649588,0.0008391824722649588,3415
postal_code_V5P,0.000794711130197982,0.000794711130197982,3416
postal_code_P7G,-0.0007803933559822638,0.0007803933559822638,3417
postal_code_M4Q,0.0004833442535416879,0.0004833442535416879,3418
postal_code_B1Q,0.0004387088160940667,0.0004387088160940667,3419
postal_code_V1R,0.0002125798839224721,0.0002125798839224721,3420
postal_code_K6H,-0.00020569488494161795,0.00020569488494161795,3421
postal_code_J2W,-2.8284706246811245e-06,2.8284706246811245e-06,3422
